"","variable","on_categories","off_categories"
"1","year_group","8, 8|9, 9|10, 10","8, 8 | 9, 9 | 10, 10"
"2","aw1_2_name_a4","1, A|2, B|3, C|4, D|5, E|6, F|7, G|8, H|9, I|10, J|11, K|12, L|13, M|14, N|15, O|16, P|17, Q|18, R|19, S|20, T|21, U|22, V|23, W|24, X|25, Y|26, Z","1, A | 2, B | 3, C | 4, D | 5, E | 6, F | 7, G | 8, H | 9, I | 10, J | 11, K | 12, L | 13, M | 14, N | 15, O | 16, P | 17, Q | 18, R | 19, S | 20, T | 21, U | 22, V | 23, W | 24, X | 25, Y | 26, Z"
"3","aw1_2_dob_r4","1, 1|2, 2|3, 3|4, 4|5, 5|6, 6|7, 7|8, 8|9, 9|10, 10|11, 11|12, 12|13, 13|14, 14|15, 15|16, 16|17, 17|18, 18|19, 19|20, 20|21, 21|22, 22|23, 23|24, 24|25, 25|26, 26|27, 27|28, 28|29, 29|30, 30|31, 31","1, 1 | 2, 2 | 3, 3 | 4, 4 | 5, 5 | 6, 6 | 7, 7 | 8, 8 | 9, 9 | 10, 10 | 11, 11 | 12, 12 | 13, 13 | 14, 14 | 15, 15 | 16, 16 | 17, 17 | 18, 18 | 19, 19 | 20, 20 | 21, 21 | 22, 22 | 23, 23 | 24, 24 | 25, 25 | 26, 26 | 27, 27 | 28, 28 | 29, 29 | 30, 30 | 31, 31"
"4","awb1_2_country_brth","1, England|2, Wales|3, Scotland|4, Northern Ireland|5, Republic of Ireland|202, ----------------|6, Bangladesh|7, India|8, Pakistan|9, Poland|10, Romania|12, Afghanistan|13, Albania|14, Algeria|15, Andorra|16, Angola|17, Antigua & Deps|18, Argentina|19, Armenia|20, Australia|21, Austria|22, Azerbaijan|23, Bahamas|24, Bahrain|25, Barbados|26, Belarus|27, Belgium|28, Belize|29, Benin|30, Bhutan|31, Bolivia|32, Bosnia Herzegovina|33, Botswana|34, Brazil|35, Brunei|36, Bulgaria|37, Burkina|38, Burundi|39, Cambodia|40, Cameroon|41, Canada|42, Cape Verde|43, Central African Rep|44, Chad|45, Chile|46, China|47, Colombia|48, Comoros|49, Congo|50, Congo (Democratic Rep)|51, Costa Rica|52, Croatia|53, Cuba|54, Cyprus|55, Czech Republic|56, Denmark|57, Djibouti|58, Dominica|59, Dominican Republic|60, East Timor|61, Ecuador|62, Egypt|63, El Salvador|64, Equatorial Guinea|65, Eritrea|66, Estonia|67, Ethiopia|68, Fiji|69, Finland|70, France|71, Gabon|72, Gambia|73, Georgia|74, Germany|75, Ghana|76, Greece|77, Grenada|78, Guatemala|79, Guinea|80, Guinea-Bissau|81, Guyana|82, Haiti|83, Honduras|84, Hungary|85, Iceland|86, Indonesia|87, Iran|88, Iraq|89, Israel|90, Italy|91, Ivory Coast|92, Jamaica|93, Japan|94, Jordan|95, Kazakhstan|96, Kenya|97, Kiribati|98, Korea North|99, Korea South|100, Kosovo|101, Kuwait|102, Kyrgyzstan|103, Laos|104, Latvia|105, Lebanon|106, Lesotho|107, Liberia|108, Libya|109, Liechtenstein|110, Lithuania|111, Luxembourg|112, Macedonia|113, Madagascar|114, Malawi|115, Malaysia|116, Maldives|117, Mali|118, Malta|119, Marshall Islands|120, Mauritania|121, Mauritius|122, Mexico|123, Micronesia|124, Moldova|125, Monaco|126, Mongolia|127, Montenegro|128, Morocco|129, Mozambique|11, Myanmar (Burma)|130, Namibia|131, Nauru|132, Nepal|133, Netherlands|134, New Zealand|135, Nicaragua|136, Niger|137, Nigeria|138, Norway|139, Oman|140, Palau|141, Panama|142, Papua New Guinea|143, Paraguay|144, Peru|145, Philippines|146, Portugal|147, Qatar|148, Russian Federation|149, Rwanda|150, St Kitts & Nevis|151, St Lucia|152, Saint Vincent & the Grenadines|153, Samoa|154, San Marino|155, Sao Tome & Principe|156, Saudi Arabia|157, Senegal|158, Serbia|159, Seychelles|160, Sierra Leone|161, Singapore|162, Slovakia|163, Slovenia|164, Solomon Islands|165, Somalia|166, South Africa|167, South Sudan|168, Spain|169, Sri Lanka|170, Sudan|171, Suriname|172, Swaziland|173, Sweden|174, Switzerland|175, Syria|176, Taiwan|177, Tajikistan|178, Tanzania|179, Thailand|180, Togo|181, Tonga|182, Trinidad & Tobago|183, Tunisia|184, Turkey|185, Turkmenistan|186, Tuvalu|187, Uganda|188, Ukraine|189, United Arab Emirates|190, United Kingdom|191, United States|192, Uruguay|193, Uzbekistan|194, Vanuatu|195, Vatican City|196, Venezuela|197, Vietnam|198, Yemen|199, Zambia|200, Zimbabwe","1, England | 2, Wales | 3, Scotland | 4, Northern Ireland | 5, Republic of Ireland | 202, ---------------- | 6, Bangladesh | 7, India | 8, Pakistan | 9, Poland | 10, Romania | 12, Afghanistan | 13, Albania | 14, Algeria | 15, Andorra | 16, Angola | 17, Antigua & Deps | 18, Argentina | 19, Armenia | 20, Australia | 21, Austria | 22, Azerbaijan | 23, Bahamas | 24, Bahrain | 25, Barbados | 26, Belarus | 27, Belgium | 28, Belize | 29, Benin | 30, Bhutan | 31, Bolivia | 32, Bosnia Herzegovina | 33, Botswana | 34, Brazil | 35, Brunei | 36, Bulgaria | 37, Burkina | 38, Burundi | 39, Cambodia | 40, Cameroon | 41, Canada | 42, Cape Verde | 43, Central African Rep | 44, Chad | 45, Chile | 46, China | 47, Colombia | 48, Comoros | 49, Congo | 50, Congo (Democratic Rep) | 51, Costa Rica | 52, Croatia | 53, Cuba | 54, Cyprus | 55, Czech Republic | 56, Denmark | 57, Djibouti | 58, Dominica | 59, Dominican Republic | 60, East Timor | 61, Ecuador | 62, Egypt | 63, El Salvador | 64, Equatorial Guinea | 65, Eritrea | 66, Estonia | 67, Ethiopia | 68, Fiji | 69, Finland | 70, France | 71, Gabon | 72, Gambia | 73, Georgia | 74, Germany | 75, Ghana | 76, Greece | 77, Grenada | 78, Guatemala | 79, Guinea | 80, Guinea-Bissau | 81, Guyana | 82, Haiti | 83, Honduras | 84, Hungary | 85, Iceland | 86, Indonesia | 87, Iran | 88, Iraq | 89, Israel | 90, Italy | 91, Ivory Coast | 92, Jamaica | 93, Japan | 94, Jordan | 95, Kazakhstan | 96, Kenya | 97, Kiribati | 98, Korea North | 99, Korea South | 100, Kosovo | 101, Kuwait | 102, Kyrgyzstan | 103, Laos | 104, Latvia | 105, Lebanon | 106, Lesotho | 107, Liberia | 108, Libya | 109, Liechtenstein | 110, Lithuania | 111, Luxembourg | 112, Macedonia | 113, Madagascar | 114, Malawi | 115, Malaysia | 116, Maldives | 117, Mali | 118, Malta | 119, Marshall Islands | 120, Mauritania | 121, Mauritius | 122, Mexico | 123, Micronesia | 124, Moldova | 125, Monaco | 126, Mongolia | 127, Montenegro | 128, Morocco | 129, Mozambique | 11, Myanmar (Burma) | 130, Namibia | 131, Nauru | 132, Nepal | 133, Netherlands | 134, New Zealand | 135, Nicaragua | 136, Niger | 137, Nigeria | 138, Norway | 139, Oman | 140, Palau | 141, Panama | 142, Papua New Guinea | 143, Paraguay | 144, Peru | 145, Philippines | 146, Portugal | 147, Qatar | 148, Russian Federation | 149, Rwanda | 150, St Kitts & Nevis | 151, St Lucia | 152, Saint Vincent & the Grenadines | 153, Samoa | 154, San Marino | 155, Sao Tome & Principe | 156, Saudi Arabia | 157, Senegal | 158, Serbia | 159, Seychelles | 160, Sierra Leone | 161, Singapore | 162, Slovakia | 163, Slovenia | 164, Solomon Islands | 165, Somalia | 166, South Africa | 167, South Sudan | 168, Spain | 169, Sri Lanka | 170, Sudan | 171, Suriname | 172, Swaziland | 173, Sweden | 174, Switzerland | 175, Syria | 176, Taiwan | 177, Tajikistan | 178, Tanzania | 179, Thailand | 180, Togo | 181, Tonga | 182, Trinidad & Tobago | 183, Tunisia | 184, Turkey | 185, Turkmenistan | 186, Tuvalu | 187, Uganda | 188, Ukraine | 189, United Arab Emirates | 190, United Kingdom | 191, United States | 192, Uruguay | 193, Uzbekistan | 194, Vanuatu | 195, Vatican City | 196, Venezuela | 197, Vietnam | 198, Yemen | 199, Zambia | 200, Zimbabwe"
"5","aw1_2_years_lvd_a4","1, 1|2, 2|3, 3|4, 4|5, 5|6, 6|7, 7|8, 8|9, 9|10, 10|11, 11|12, 12|13, 13|14, 14|15, 15","1, 1 | 2, 2 | 3, 3 | 4, 4 | 5, 5 | 6, 6 | 7, 7 | 8, 8 | 9, 9 | 10, 10 | 11, 11 | 12, 12 | 13, 13 | 14, 14 | 15, 15"
"6","awb1_2_ethnicity_r4","1, White|2, Mixed or Multiple ethnic groups|3, Asian or Asian British|4, Black, Black British, Caribbean or African|5, Arab|6, Other ethnic groups","1, White | 2, Mixed or Multiple ethnic groups | 3, Asian or Asian British | 4, Black, Black British, Caribbean or African | 5, Arab | 6, Other ethnic groups"
"7","awb1_2_ethnicity_whte","1, English, Welsh, Scottish, Northern Irish or British|2, Irish|3, Gypsy or Irish Traveller|4, Roma|6, Polish|7, Slovakian|8, Romanian|9, Czech|5, Any other White background (please specify)","1, English, Welsh, Scottish, Northern Irish or British | 2, Irish | 3, Gypsy or Irish Traveller | 4, Roma | 6, Polish | 7, Slovakian | 8, Romanian | 9, Czech | 5, Any other White background (please specify)"
"8","awb1_2_ethnicity_mix","1, White and Black Caribbean|2, White and Black African|3, White and Asian|4, Any other Mixed or Multiple ethnic background (please specify)","1, White and Black Caribbean | 2, White and Black African | 3, White and Asian | 4, Any other Mixed or Multiple ethnic background (please specify)"
"9","awb1_2_ethnicity_asn","1, Indian|2, Pakistani|3, Bangladeshi|4, Chinese|5, Any other Asian background (please specify)","1, Indian | 2, Pakistani | 3, Bangladeshi | 4, Chinese | 5, Any other Asian background (please specify)"
"10","awb1_2_ethnicity_blck","1, Caribbean|2, African background (please specify)|3, Any other Black, Black British or Caribbean background (please specify)","1, Caribbean | 2, African background (please specify) | 3, Any other Black, Black British or Caribbean background (please specify)"
"11","awb1_2_ethnicity_arb_a4","1, African Arab|2, Middle-eastern Arab","1, African Arab | 2, Middle-eastern Arab"
"12","awb1_2_language_hme","1, English|2, Urdu|3, Punjabi|4, Gujarati|5, Bengali|6, Hindko|7, Polish|8, Pashto|9, Other (please specify)","1, English | 2, Urdu | 3, Punjabi | 4, Gujarati | 5, Bengali | 6, Hindko | 7, Polish | 8, Pashto | 9, Other (please specify)"
"13","awb1_2_religion","1, Yes|2, No","1, Yes | 2, No"
"14","awb1_2y_religion_r4","1, Christianity (including Church of England, Catholic, Protestant and all other Christian denominations)|2, Buddhism|3, Hinduism|4, Judaism|5, Islam|6, Sikhism|7, Any other religion (please specify)","1, Christianity (including Church of England, Catholic, Protestant and all other Christian denominations) | 2, Buddhism | 3, Hinduism | 4, Judaism | 5, Islam | 6, Sikhism | 7, Any other religion (please specify)"
"15","islam_attend_1_a20","1, Most days of the week (4-7 days per week)|2, Some days of the week (1-3 days per week)|3, Once or twice a month|4, Never","1, Most days of the week (4-7 days per week) | 2, Some days of the week (1-3 days per week) | 3, Once or twice a month | 4, Never"
"16","islam_attend_2_a20","1, Most days of the week (4-7 days per week)|2, Some days of the week (1-3 days per week)|3, Once or twice a month|4, Never","1, Most days of the week (4-7 days per week) | 2, Some days of the week (1-3 days per week) | 3, Once or twice a month | 4, Never"
"17","islam_attend_3_a20","1, Most days of the week (4-7 days per week)|2, Some days of the week (1-3 days per week)|3, Once or twice a month|4, Never","1, Most days of the week (4-7 days per week) | 2, Some days of the week (1-3 days per week) | 3, Once or twice a month | 4, Never"
"18","islam_attend_4_a20","1, Most days of the week (4-7 days per week)|2, Some days of the week (1-3 days per week)|3, Once or twice a month|4, Never","1, Most days of the week (4-7 days per week) | 2, Some days of the week (1-3 days per week) | 3, Once or twice a month | 4, Never"
"19","islam_attend_5_a20","1, Most days of the week (4-7 days per week)|2, Some days of the week (1-3 days per week)|3, Once or twice a month|4, Never","1, Most days of the week (4-7 days per week) | 2, Some days of the week (1-3 days per week) | 3, Once or twice a month | 4, Never"
"20","awb1_2_sex","1, Female|2, Male|3, Do not wish to answer|4, Wish to enter own response","1, Female | 2, Male | 3, Do not wish to answer | 4, Wish to enter own response"
"21","awb1_2_gender_r4","1, Female|2, Male|3, Non-binary|4, Wish to enter own response|5, Do not wish to answer","1, Female | 2, Male | 3, Non-binary | 4, Wish to enter own response | 5, Do not wish to answer"
"22","awb1_2_disability","1, Yes|2, No","1, Yes | 2, No"
"23","awb1_2_disability_tme_a4","1, Yes|2, No","1, Yes | 2, No"
"24","awb1_2_disability_impct_a4","1, Yes a lot|2, Yes a little|3, Not at all","1, Yes a lot | 2, Yes a little | 3, Not at all"
"25","disability_behav_1_a20","1, Definitely disagree|2, Somewhat disagree|3, Neither agree nor disagree|4, Somewhat agree|5, Definitely agree","1, Definitely disagree | 2, Somewhat disagree | 3, Neither agree nor disagree | 4, Somewhat agree | 5, Definitely agree"
"26","disability_behav_2_a20","1, Definitely disagree|2, Somewhat disagree|3, Neither agree nor disagree|4, Somewhat agree|5, Definitely agree","1, Definitely disagree | 2, Somewhat disagree | 3, Neither agree nor disagree | 4, Somewhat agree | 5, Definitely agree"
"27","disability_behav_3_a20","1, Definitely disagree|2, Somewhat disagree|3, Neither agree nor disagree|4, Somewhat agree|5, Definitely agree","1, Definitely disagree | 2, Somewhat disagree | 3, Neither agree nor disagree | 4, Somewhat agree | 5, Definitely agree"
"28","disability_behav_4_a20","1, Definitely disagree|2, Somewhat disagree|3, Neither agree nor disagree|4, Somewhat agree|5, Definitely agree","1, Definitely disagree | 2, Somewhat disagree | 3, Neither agree nor disagree | 4, Somewhat agree | 5, Definitely agree"
"29","disability_behav_5_a20","1, Definitely disagree|2, Somewhat disagree|3, Neither agree nor disagree|4, Somewhat agree|5, Definitely agree","1, Definitely disagree | 2, Somewhat disagree | 3, Neither agree nor disagree | 4, Somewhat agree | 5, Definitely agree"
"30","disability_behav_6_a20","1, Definitely disagree|2, Somewhat disagree|3, Neither agree nor disagree|4, Somewhat agree|5, Definitely agree","1, Definitely disagree | 2, Somewhat disagree | 3, Neither agree nor disagree | 4, Somewhat agree | 5, Definitely agree"
"31","awb3_1_assets_4","1, Yes|0, No","1, Yes | 0, No"
"32","awb3_1_assets_5","1, Yes|0, No","1, Yes | 0, No"
"33","awb3_1_assets_6","1, Yes|0, No","1, Yes | 0, No"
"34","awb3_1_assets_7","1, Yes|0, No","1, Yes | 0, No"
"35","awb3_1_assets_8","1, Yes|0, No","1, Yes | 0, No"
"36","awb3_1_compare_frnds","1, Richer|2, About the same|3, Poorer|4, Don't know","1, Richer | 2, About the same | 3, Poorer | 4, Don't know"
"37","awb3_1_money_wrry","1, Never|2, Some of the time|3, All of the time","1, Never | 2, Some of the time | 3, All of the time"
"38","awb3_1_warm_engh_a5","1, Yes - always|2, Yes - sometimes|3, No - rarely|4, No - never","1, Yes - always | 2, Yes - sometimes | 3, No - rarely | 4, No - never"
"39","awb3_1y_save_mny_r10","1, Using too much energy (e.g. gas or electric)|2, Luxuries (e.g. takeaways, eating out, new cars, new clothes etc.)|3, Holidays and leisure activities (e.g. hobbies outside of school, trips etc.)|4, Food shopping|5, Car journeys to save fuel","1, Using too much energy (e.g. gas or electric) | 2, Luxuries (e.g. takeaways, eating out, new cars, new clothes etc.) | 3, Holidays and leisure activities (e.g. hobbies outside of school, trips etc.) | 4, Food shopping | 5, Car journeys to save fuel"
"40","awb3_1y_save_mny_r20","1, Using too much energy (e.g. gas or electric)|2, Luxuries (e.g. takeaways, eating out, new cars, new clothes etc.)|3, Holidays and leisure activities (e.g. hobbies outside of school, trips, etc.)|4, Food shopping|5, Car journeys to save fuel","1, Using too much energy (e.g. gas or electric) | 2, Luxuries (e.g. takeaways, eating out, new cars, new clothes etc.) | 3, Holidays and leisure activities (e.g. hobbies outside of school, trips, etc.) | 4, Food shopping | 5, Car journeys to save fuel"
"41","awb3_2_live_where_a10","1, I live with my parent(s)/carer(s)|2, I live at both of my parents' houses, some of the time at each|3, I live with other family members|4, I live somewhere else","1, I live with my parent(s)/carer(s) | 2, I live at both of my parents' houses, some of the time at each | 3, I live with other family members | 4, I live somewhere else"
"42","awb3_2_homes_1_ppl_r10","1, Mother|2, Father|3, Guardian|4, Foster carer|5, Step mother|6, Step father|7, Mother's partner|8, Father's partner|9, Siblings|10, Auntie|11, Uncle|12, Grandmother|13, Grandfather|14, Cousins|15, Other","1, Mother | 2, Father | 3, Guardian | 4, Foster carer | 5, Step mother | 6, Step father | 7, Mother's partner | 8, Father's partner | 9, Siblings | 10, Auntie | 11, Uncle | 12, Grandmother | 13, Grandfather | 14, Cousins | 15, Other"
"43","job_mum_1_a20","0, No|1, Yes|2, Don't know","0, No | 1, Yes | 2, Don't know"
"44","job_mum_no_a20","1, They are sick, retired or a student|2, They are looking for a job|3, They take care of others, or are full-time at home|4, I don't know","1, They are sick, retired or a student | 2, They are looking for a job | 3, They take care of others, or are full-time at home | 4, I don't know"
"45","job_dad_2_a20","0, No|1, Yes|2, Don't know","0, No | 1, Yes | 2, Don't know"
"46","job_dad_no_a20","1, They are sick, retired or a student|2, They are looking for a job|3, They take care of others, or are full-time at home|4, I don't know","1, They are sick, retired or a student | 2, They are looking for a job | 3, They take care of others, or are full-time at home | 4, I don't know"
"47","job_guardian_3_a20","0, No|1, Yes|2, Don't know","0, No | 1, Yes | 2, Don't know"
"48","job_guard_no_a20","1, They are sick, retired or a student|2, They are looking for a job|3, They take care of others, or are full-time at home|4, I don't know","1, They are sick, retired or a student | 2, They are looking for a job | 3, They take care of others, or are full-time at home | 4, I don't know"
"49","job_fc_4_a20","0, No|1, Yes|2, Don't know","0, No | 1, Yes | 2, Don't know"
"50","job_fc_no_a20","1, They are sick, retired or a student|2, They are looking for a job|3, They take care of others, or are full-time at home|4, I don't know","1, They are sick, retired or a student | 2, They are looking for a job | 3, They take care of others, or are full-time at home | 4, I don't know"
"51","job_sm_5_a20","0, No|1, Yes|2, Don't know","0, No | 1, Yes | 2, Don't know"
"52","job_sm_no_a20","1, They are sick, retired or a student|2, They are looking for a job|3, They take care of others, or are full-time at home|4, I don't know","1, They are sick, retired or a student | 2, They are looking for a job | 3, They take care of others, or are full-time at home | 4, I don't know"
"53","job_sf_6_a20","0, No|1, Yes|2, Don't know","0, No | 1, Yes | 2, Don't know"
"54","job_sf_no_a20","1, They are sick, retired or a student|2, They are looking for a job|3, They take care of others, or are full-time at home|4, I don't know","1, They are sick, retired or a student | 2, They are looking for a job | 3, They take care of others, or are full-time at home | 4, I don't know"
"55","job_mp_7_a20","0, No|1, Yes|2, Don't know","0, No | 1, Yes | 2, Don't know"
"56","job_mp_no_a20","1, They are sick, retired or a student|2, They are looking for a job|3, They take care of others, or are full-time at home|4, I don't know","1, They are sick, retired or a student | 2, They are looking for a job | 3, They take care of others, or are full-time at home | 4, I don't know"
"57","job_fp_8_a20","0, No|1, Yes|2, Don't know","0, No | 1, Yes | 2, Don't know"
"58","job_fp_no_a20","1, They are sick, retired or a student|2, They are looking for a job|3, They take care of others, or are full-time at home|4, I don't know","1, They are sick, retired or a student | 2, They are looking for a job | 3, They take care of others, or are full-time at home | 4, I don't know"
"59","awb_2_6_family_brth_n_a5","1, 1st born|2, 2nd born|3, 3rd born|4, 4th born|5, 5th born|6, 6th born|7, 7th born|8, 8th born|9, 9th born|10, 10th born","1, 1st born | 2, 2nd born | 3, 3rd born | 4, 4th born | 5, 5th born | 6, 6th born | 7, 7th born | 8, 8th born | 9, 9th born | 10, 10th born"
"60","awb2_6_family_rltnshp_1_a5","1, Never|2, Some of the time|3, Always","1, Never | 2, Some of the time | 3, Always"
"61","awb2_6_family_rltnshp_2_a5","1, Never|2, Some of the time|3, Always|4, I don't live with any siblings","1, Never | 2, Some of the time | 3, Always | 4, I don't live with any siblings"
"62","awb3_4_personal_assts_1","1, Yes|0, No","1, Yes | 0, No"
"63","awb3_4_personal_assts_2","1, Yes|0, No","1, Yes | 0, No"
"64","awb3_4_personal_assts_3","1, Yes|0, No","1, Yes | 0, No"
"65","awb3_4_personal_assts_4","1, Yes|0, No","1, Yes | 0, No"
"66","awb3_4_personal_assts_5","1, Yes|0, No","1, Yes | 0, No"
"67","money_behav_1_a20","0, 0 - Does not sound like me at all|1, 1|2, 2|3, 3|4, 4|5, 5|6, 6|7, 7|8, 8|9, 9|10, 10 - Sounds a lot like me|11, I don't know|12, Not applicable to me","0, 0 - Does not sound like me at all | 1, 1 | 2, 2 | 3, 3 | 4, 4 | 5, 5 | 6, 6 | 7, 7 | 8, 8 | 9, 9 | 10, 10 - Sounds a lot like me | 11, I don't know | 12, Not applicable to me"
"68","money_behav_2_a20","0, 0 - Does not sound like me at all|1, 1|2, 2|3, 3|4, 4|5, 5|6, 6|7, 7|8, 8|9, 9|10, 10 - Sounds a lot like me|11, I don't know|12, Not applicable to me","0, 0 - Does not sound like me at all | 1, 1 | 2, 2 | 3, 3 | 4, 4 | 5, 5 | 6, 6 | 7, 7 | 8, 8 | 9, 9 | 10, 10 - Sounds a lot like me | 11, I don't know | 12, Not applicable to me"
"69","money_behav_3_a20","0, 0 - Does not sound like me at all|1, 1|2, 2|3, 3|4, 4|5, 5|6, 6|7, 7|8, 8|9, 9|10, 10 - Sounds a lot like me|11, I don't know|12, Not applicable to me","0, 0 - Does not sound like me at all | 1, 1 | 2, 2 | 3, 3 | 4, 4 | 5, 5 | 6, 6 | 7, 7 | 8, 8 | 9, 9 | 10, 10 - Sounds a lot like me | 11, I don't know | 12, Not applicable to me"
"70","money_behav_4_a20","0, 0 - Does not sound like me at all|1, 1|2, 2|3, 3|4, 4|5, 5|6, 6|7, 7|8, 8|9, 9|10, 10 - Sounds a lot like me|11, I don't know|12, Not applicable to me","0, 0 - Does not sound like me at all | 1, 1 | 2, 2 | 3, 3 | 4, 4 | 5, 5 | 6, 6 | 7, 7 | 8, 8 | 9, 9 | 10, 10 - Sounds a lot like me | 11, I don't know | 12, Not applicable to me"
"71","money_behav_5_a20","0, 0 - Does not sound like me at all|1, 1|2, 2|3, 3|4, 4|5, 5|6, 6|7, 7|8, 8|9, 9|10, 10 - Sounds a lot like me|11, I don't know|12, Not applicable to me","0, 0 - Does not sound like me at all | 1, 1 | 2, 2 | 3, 3 | 4, 4 | 5, 5 | 6, 6 | 7, 7 | 8, 8 | 9, 9 | 10, 10 - Sounds a lot like me | 11, I don't know | 12, Not applicable to me"
"72","money_conf_1_a20","0, 0 - Not at all|1, 1|2, 2|3, 3|4, 4|5, 5|6, 6|7, 7|8, 8|9, 9|10, 10 - Very confident","0, 0 - Not at all | 1, 1 | 2, 2 | 3, 3 | 4, 4 | 5, 5 | 6, 6 | 7, 7 | 8, 8 | 9, 9 | 10, 10 - Very confident"
"73","money_conf_2_a20","0, 0 - Not at all|1, 1|2, 2|3, 3|4, 4|5, 5|6, 6|7, 7|8, 8|9, 9|10, 10 - Very confident","0, 0 - Not at all | 1, 1 | 2, 2 | 3, 3 | 4, 4 | 5, 5 | 6, 6 | 7, 7 | 8, 8 | 9, 9 | 10, 10 - Very confident"
"74","money_conf_3_a20","0, 0 - Not at all|1, 1|2, 2|3, 3|4, 4|5, 5|6, 6|7, 7|8, 8|9, 9|10, 10 - Very confident","0, 0 - Not at all | 1, 1 | 2, 2 | 3, 3 | 4, 4 | 5, 5 | 6, 6 | 7, 7 | 8, 8 | 9, 9 | 10, 10 - Very confident"
"75","money_conf_4_a20","0, 0 - Not at all|1, 1|2, 2|3, 3|4, 4|5, 5|6, 6|7, 7|8, 8|9, 9|10, 10 - Very confident","0, 0 - Not at all | 1, 1 | 2, 2 | 3, 3 | 4, 4 | 5, 5 | 6, 6 | 7, 7 | 8, 8 | 9, 9 | 10, 10 - Very confident"
"76","bank_account_a20","0, No|1, Yes|2, Yes, but I don't operate it","0, No | 1, Yes | 2, Yes, but I don't operate it"
"77","bank_acc_behav_a20","1, Put money in|2, Take money out|3, Check my balance (what I have in there)|4, Use a debit card (to pay for things)|5, Use mobile payments from the account on my phone|6, Look at the account online or via a mobile app on my phone (internet or mobile banking)|7, None of the above","1, Put money in | 2, Take money out | 3, Check my balance (what I have in there) | 4, Use a debit card (to pay for things) | 5, Use mobile payments from the account on my phone | 6, Look at the account online or via a mobile app on my phone (internet or mobile banking) | 7, None of the above"
"78","aw3_5_food_1","1, Yes|0, No","1, Yes | 0, No"
"79","aw3_5_food_2","1, Yes|0, No","1, Yes | 0, No"
"80","aw3_5_food_3","1, Yes|0, No","1, Yes | 0, No"
"81","aw3_5_food_4","1, Yes|0, No","1, Yes | 0, No"
"82","aw3_5_food_5","1, Yes|0, No","1, Yes | 0, No"
"83","aw3_6_comparison_2_r10","1, Never|2, Rarely|3, Sometimes|4, Mostly|5, Always","1, Never | 2, Rarely | 3, Sometimes | 4, Mostly | 5, Always"
"84","awb3_7_prsnl_sfty_1","1, Very poor|2, Poor|3, Ok|4, Good|5, Very good","1, Very poor | 2, Poor | 3, Ok | 4, Good | 5, Very good"
"85","awb3_7_prsnl_sfty_2","1, Very poor|2, Poor|3, Ok|4, Good|5, Very good","1, Very poor | 2, Poor | 3, Ok | 4, Good | 5, Very good"
"86","awb3_7_prsnl_sfty_4","1, Very poor|2, Poor|3, Ok|4, Good|5, Very good","1, Very poor | 2, Poor | 3, Ok | 4, Good | 5, Very good"
"87","awb3_7_violence","1, No|2, Not sure|3, Yes","1, No | 2, Not sure | 3, Yes"
"88","awb3_activities_3_r10","0, No|1, Yes - once|2, Yes - more than once","0, No | 1, Yes - once | 2, Yes - more than once"
"89","awb3_activities_15_r10","0, No|1, Yes - once|2, Yes - more than once","0, No | 1, Yes - once | 2, Yes - more than once"
"90","awb3_activities_11_r10","0, No|1, Yes - once|2, Yes - more than once","0, No | 1, Yes - once | 2, Yes - more than once"
"91","awb3_activities_17_r10","0, No|1, Yes - once|2, Yes - more than once","0, No | 1, Yes - once | 2, Yes - more than once"
"92","awb3_activities_18_r10","0, No|1, Yes - once|2, Yes - more than once","0, No | 1, Yes - once | 2, Yes - more than once"
"93","awb3_activities_6_r10","0, No|1, Yes - once|2, Yes - more than once","0, No | 1, Yes - once | 2, Yes - more than once"
"94","awb3_activities_14_r10","0, No|1, Yes - once|2, Yes - more than once","0, No | 1, Yes - once | 2, Yes - more than once"
"95","awb3_activities_16_r10","0, No|1, Yes - once|2, Yes - more than once","0, No | 1, Yes - once | 2, Yes - more than once"
"96","awb3_activities_1_r10","0, No|1, Yes - once|2, Yes - more than once","0, No | 1, Yes - once | 2, Yes - more than once"
"97","awb3_activities_2_r10","0, No|1, Yes - once|2, Yes - more than once","0, No | 1, Yes - once | 2, Yes - more than once"
"98","awb3_activities_4_r10","0, No|1, Yes - once|2, Yes - more than once","0, No | 1, Yes - once | 2, Yes - more than once"
"99","awb3_activities_5_r10","0, No|1, Yes - once|2, Yes - more than once","0, No | 1, Yes - once | 2, Yes - more than once"
"100","awb3_activities_7_r10","0, No|1, Yes - once|2, Yes - more than once","0, No | 1, Yes - once | 2, Yes - more than once"
"101","awb3_activities_8_r10","0, No|1, Yes - once|2, Yes - more than once","0, No | 1, Yes - once | 2, Yes - more than once"
"102","awb3_activities_9_r10","0, No|1, Yes - once|2, Yes - more than once","0, No | 1, Yes - once | 2, Yes - more than once"
"103","awb3_activities_10_r10","0, No|1, Yes - once|2, Yes - more than once","0, No | 1, Yes - once | 2, Yes - more than once"
"104","awb3_activities_12_r10","0, No|1, Yes - once|2, Yes - more than once","0, No | 1, Yes - once | 2, Yes - more than once"
"105","awb3_activities_13_r10","0, No|1, Yes - once|2, Yes - more than once","0, No | 1, Yes - once | 2, Yes - more than once"
"106","awb3_activities_19_a10","0, No|1, Yes - once|2, Yes - more than once","0, No | 1, Yes - once | 2, Yes - more than once"
"107","awb3_pip_1_a10","1, Strongly agree|2, Agree|3, Neither agree nor disagree|4, Disagree|5, Strongly disagree|6, Don't know","1, Strongly agree | 2, Agree | 3, Neither agree nor disagree | 4, Disagree | 5, Strongly disagree | 6, Don't know"
"108","awb3_pip_2_a10","1, Strongly agree|2, Agree|3, Neither agree nor disagree|4, Disagree|5, Strongly disagree|6, Don't know","1, Strongly agree | 2, Agree | 3, Neither agree nor disagree | 4, Disagree | 5, Strongly disagree | 6, Don't know"
"109","awb3_pip_3_a10","1, Strongly agree|2, Agree|3, Neither agree nor disagree|4, Disagree|5, Strongly disagree|6, Don't know","1, Strongly agree | 2, Agree | 3, Neither agree nor disagree | 4, Disagree | 5, Strongly disagree | 6, Don't know"
"110","awb2_1_illhealth_1","1, Never|2, Sometimes|3, Often|4, Always","1, Never | 2, Sometimes | 3, Often | 4, Always"
"111","awb2_1_illhealth_2","1, Never|2, Sometimes|3, Often|4, Always","1, Never | 2, Sometimes | 3, Often | 4, Always"
"112","awb2_1_illhealth_3","1, Never|2, Sometimes|3, Often|4, Always","1, Never | 2, Sometimes | 3, Often | 4, Always"
"113","awb2_1_illhealth_4","1, Never|2, Sometimes|3, Often|4, Always","1, Never | 2, Sometimes | 3, Often | 4, Always"
"114","awb2_1_illhealth_5","1, Never|2, Sometimes|3, Often|4, Always","1, Never | 2, Sometimes | 3, Often | 4, Always"
"115","awb2_1_illhealth_6","1, Never|2, Sometimes|3, Often|4, Always","1, Never | 2, Sometimes | 3, Often | 4, Always"
"116","awb2_1_illhealth_7","1, Never|2, Sometimes|3, Often|4, Always","1, Never | 2, Sometimes | 3, Often | 4, Always"
"117","awb2_1_illhealth_8","1, Never|2, Sometimes|3, Often|4, Always","1, Never | 2, Sometimes | 3, Often | 4, Always"
"118","awb2_1_illhealth_9","1, Never|2, Sometimes|3, Often|4, Always","1, Never | 2, Sometimes | 3, Often | 4, Always"
"119","awb2_1_illhealth_10","1, Never|2, Sometimes|3, Often|4, Always","1, Never | 2, Sometimes | 3, Often | 4, Always"
"120","awb2_1_illhealth_11","1, Never|2, Sometimes|3, Often|4, Always","1, Never | 2, Sometimes | 3, Often | 4, Always"
"121","awb2_1_illhealth_12","1, Never|2, Sometimes|3, Often|4, Always","1, Never | 2, Sometimes | 3, Often | 4, Always"
"122","awb2_1_illhealth_13","1, Never|2, Sometimes|3, Often|4, Always","1, Never | 2, Sometimes | 3, Often | 4, Always"
"123","awb2_1_illhealth_14","1, Never|2, Sometimes|3, Often|4, Always","1, Never | 2, Sometimes | 3, Often | 4, Always"
"124","awb2_1_illhealth_15","1, Never|2, Sometimes|3, Often|4, Always","1, Never | 2, Sometimes | 3, Often | 4, Always"
"125","awb2_1_illhealth_16","1, Never|2, Sometimes|3, Often|4, Always","1, Never | 2, Sometimes | 3, Often | 4, Always"
"126","awb2_1_illhealth_17","1, Never|2, Sometimes|3, Often|4, Always","1, Never | 2, Sometimes | 3, Often | 4, Always"
"127","awb2_1_illhealth_18","1, Never|2, Sometimes|3, Often|4, Always","1, Never | 2, Sometimes | 3, Often | 4, Always"
"128","awb2_1_illhealth_19","1, Never|2, Sometimes|3, Often|4, Always","1, Never | 2, Sometimes | 3, Often | 4, Always"
"129","awb2_1_illhealth_20","1, Never|2, Sometimes|3, Often|4, Always","1, Never | 2, Sometimes | 3, Often | 4, Always"
"130","awb2_1_illhealth_21","1, Never|2, Sometimes|3, Often|4, Always","1, Never | 2, Sometimes | 3, Often | 4, Always"
"131","awb2_1_illhealth_22","1, Never|2, Sometimes|3, Often|4, Always","1, Never | 2, Sometimes | 3, Often | 4, Always"
"132","awb2_1_illhealth_23","1, Never|2, Sometimes|3, Often|4, Always","1, Never | 2, Sometimes | 3, Often | 4, Always"
"133","awb2_1_illhealth_24","1, Never|2, Sometimes|3, Often|4, Always","1, Never | 2, Sometimes | 3, Often | 4, Always"
"134","awb2_1_illhealth_25","1, Never|2, Sometimes|3, Often|4, Always","1, Never | 2, Sometimes | 3, Often | 4, Always"
"135","awb2_1_sdq_1_a10","0, Not True|1, Somewhat True|2, Certainly True","0, Not True | 1, Somewhat True | 2, Certainly True"
"136","awb2_1_sdq_2_a10","0, Not True|1, Somewhat True|2, Certainly True","0, Not True | 1, Somewhat True | 2, Certainly True"
"137","awb2_1_sdq_3_a10","0, Not True|1, Somewhat True|2, Certainly True","0, Not True | 1, Somewhat True | 2, Certainly True"
"138","awb2_1_sdq_4_a10","0, Not True|1, Somewhat True|2, Certainly True","0, Not True | 1, Somewhat True | 2, Certainly True"
"139","awb2_1_sdq_5_a10","0, Not True|1, Somewhat True|2, Certainly True","0, Not True | 1, Somewhat True | 2, Certainly True"
"140","awb2_1_sdq_6_a10","0, Not True|1, Somewhat True|2, Certainly True","0, Not True | 1, Somewhat True | 2, Certainly True"
"141","awb2_1_sdq_7_a10","0, Not True|1, Somewhat True|2, Certainly True","0, Not True | 1, Somewhat True | 2, Certainly True"
"142","awb2_1_sdq_8_a10","0, Not True|1, Somewhat True|2, Certainly True","0, Not True | 1, Somewhat True | 2, Certainly True"
"143","awb2_1_sdq_9_a10","0, Not True|1, Somewhat True|2, Certainly True","0, Not True | 1, Somewhat True | 2, Certainly True"
"144","awb2_1_sdq_10_a10","0, Not True|1, Somewhat True|2, Certainly True","0, Not True | 1, Somewhat True | 2, Certainly True"
"145","awb2_1_sdq_11_a10","0, Not True|1, Somewhat True|2, Certainly True","0, Not True | 1, Somewhat True | 2, Certainly True"
"146","awb2_1_sdq_12_a10","0, Not True|1, Somewhat True|2, Certainly True","0, Not True | 1, Somewhat True | 2, Certainly True"
"147","awb2_1_sdq_13_a10","0, Not True|1, Somewhat True|2, Certainly True","0, Not True | 1, Somewhat True | 2, Certainly True"
"148","awb2_1_sdq_14_a10","0, Not True|1, Somewhat True|2, Certainly True","0, Not True | 1, Somewhat True | 2, Certainly True"
"149","awb2_1_sdq_15_a10","0, Not True|1, Somewhat True|2, Certainly True","0, Not True | 1, Somewhat True | 2, Certainly True"
"150","awb2_1_sdq_16_a10","0, Not True|1, Somewhat True|2, Certainly True","0, Not True | 1, Somewhat True | 2, Certainly True"
"151","awb2_1_sdq_17_a10","0, Not True|1, Somewhat True|2, Certainly True","0, Not True | 1, Somewhat True | 2, Certainly True"
"152","awb2_1_sdq_18_a10","0, Not True|1, Somewhat True|2, Certainly True","0, Not True | 1, Somewhat True | 2, Certainly True"
"153","awb2_1_sdq_19_a10","0, Not True|1, Somewhat True|2, Certainly True","0, Not True | 1, Somewhat True | 2, Certainly True"
"154","awb2_1_sdq_20_a10","0, Not True|1, Somewhat True|2, Certainly True","0, Not True | 1, Somewhat True | 2, Certainly True"
"155","awb2_1_sdq_21_a10","0, Not True|1, Somewhat True|2, Certainly True","0, Not True | 1, Somewhat True | 2, Certainly True"
"156","awb2_1_sdq_22_a10","0, Not True|1, Somewhat True|2, Certainly True","0, Not True | 1, Somewhat True | 2, Certainly True"
"157","awb2_1_sdq_23_a10","0, Not True|1, Somewhat True|2, Certainly True","0, Not True | 1, Somewhat True | 2, Certainly True"
"158","awb2_1_sdq_24_a10","0, Not True|1, Somewhat True|2, Certainly True","0, Not True | 1, Somewhat True | 2, Certainly True"
"159","awb2_1_sdq_25_a10","0, Not True|1, Somewhat True|2, Certainly True","0, Not True | 1, Somewhat True | 2, Certainly True"
"160","awb2_2_optmstc_1_a4","1, None of the time|2, Rarely|3, Some of the time|4, Often|5, All of the time","1, None of the time | 2, Rarely | 3, Some of the time | 4, Often | 5, All of the time"
"161","awb2_2_useful_2_a4","1, None of the time|2, Rarely|3, Some of the time|4, Often|5, All of the time","1, None of the time | 2, Rarely | 3, Some of the time | 4, Often | 5, All of the time"
"162","awb2_2_relxed_3_a4","1, None of the time|2, Rarely|3, Some of the time|4, Often|5, All of the time","1, None of the time | 2, Rarely | 3, Some of the time | 4, Often | 5, All of the time"
"163","awb2_2_problems_4_a4","1, None of the time|2, Rarely|3, Some of the time|4, Often|5, All of the time","1, None of the time | 2, Rarely | 3, Some of the time | 4, Often | 5, All of the time"
"164","awb2_2_think_clr_5_a4","1, None of the time|2, Rarely|3, Some of the time|4, Often|5, All of the time","1, None of the time | 2, Rarely | 3, Some of the time | 4, Often | 5, All of the time"
"165","awb2_2_close_othrs_6_a4","1, None of the time|2, Rarely|3, Some of the time|4, Often|5, All of the time","1, None of the time | 2, Rarely | 3, Some of the time | 4, Often | 5, All of the time"
"166","awb2_2_own_mnd_7_a4","1, None of the time|2, Rarely|3, Some of the time|4, Often|5, All of the time","1, None of the time | 2, Rarely | 3, Some of the time | 4, Often | 5, All of the time"
"167","awb2_3_self_effccy","1, Never|2, Some of the time|3, All of the time","1, Never | 2, Some of the time | 3, All of the time"
"168","awb2_4_loneliness_1","1, Hardly ever|2, Some of the time|3, Often","1, Hardly ever | 2, Some of the time | 3, Often"
"169","awb2_4_loneliness_2","1, Hardly ever|2, Some of the time|3, Often","1, Hardly ever | 2, Some of the time | 3, Often"
"170","awb2_4_loneliness_3","1, Hardly ever|2, Some of the time|3, Often","1, Hardly ever | 2, Some of the time | 3, Often"
"171","awb2_4_loneliness_4","1, Hardly ever|2, Some of the time|3, Often","1, Hardly ever | 2, Some of the time | 3, Often"
"172","close_friends_a20","1, None|2, 1|3, 2-4|4, 5-9|5, 10 or more","1, None | 2, 1 | 3, 2-4 | 4, 5-9 | 5, 10 or more"
"173","casual_friends_a20","1, None|2, 1|3, 2-4|4, 5-9|5, 10 or more","1, None | 2, 1 | 3, 2-4 | 4, 5-9 | 5, 10 or more"
"174","friends_meet_up_a20","1, Never|2, Less than once a month|3, Once or twice a month|4, Once a week|5, 2-4 times a week|6, Most days|7, Every day","1, Never | 2, Less than once a month | 3, Once or twice a month | 4, Once a week | 5, 2-4 times a week | 6, Most days | 7, Every day"
"175","friends_prefer_meet_a20","1, Never|2, Less than once a month|3, Once or twice a month|4, Once a week|5, 2-4 times a week|6, Most days|7, Every day","1, Never | 2, Less than once a month | 3, Once or twice a month | 4, Once a week | 5, 2-4 times a week | 6, Most days | 7, Every day"
"176","belong_a20","1, Not at all|2, A little|3, Somewhat|4, Mostly|5, Very much","1, Not at all | 2, A little | 3, Somewhat | 4, Mostly | 5, Very much"
"177","awb2_9_trust","1, Most people can be trusted|2, Can't be too careful","1, Most people can be trusted | 2, Can't be too careful"
"178","awb2_9_seek_hlp_ppl_1_r4","1, 1 (extremely unlikely)|2, 2|3, 3 (unlikely)|4, 4|5, 5 (likely)|6, 6|7, 7 (extremely likely)|8, I don't have a girlfriend, boyfriend or partner","1, 1 (extremely unlikely) | 2, 2 | 3, 3 (unlikely) | 4, 4 | 5, 5 (likely) | 6, 6 | 7, 7 (extremely likely) | 8, I don't have a girlfriend, boyfriend or partner"
"179","awb2_9_seek_hlp_ppl_2","1, 1 (extremely unlikely)|2, 2|3, 3 (unlikely)|4, 4|5, 5 (likely)|6, 6|7, 7 (extremely likely)","1, 1 (extremely unlikely) | 2, 2 | 3, 3 (unlikely) | 4, 4 | 5, 5 (likely) | 6, 6 | 7, 7 (extremely likely)"
"180","awb2_9_seek_hlp_ppl_3","1, 1 (extremely unlikely)|2, 2|3, 3 (unlikely)|4, 4|5, 5 (likely)|6, 6|7, 7 (extremely likely)","1, 1 (extremely unlikely) | 2, 2 | 3, 3 (unlikely) | 4, 4 | 5, 5 (likely) | 6, 6 | 7, 7 (extremely likely)"
"181","awb2_9_seek_hlp_ppl_4","1, 1 (extremely unlikely)|2, 2|3, 3 (unlikely)|4, 4|5, 5 (likely)|6, 6|7, 7 (extremely likely)","1, 1 (extremely unlikely) | 2, 2 | 3, 3 (unlikely) | 4, 4 | 5, 5 (likely) | 6, 6 | 7, 7 (extremely likely)"
"182","awb2_9_seek_hlp_ppl_5","1, 1 (extremely unlikely)|2, 2|3, 3 (unlikely)|4, 4|5, 5 (likely)|6, 6|7, 7 (extremely likely)","1, 1 (extremely unlikely) | 2, 2 | 3, 3 (unlikely) | 4, 4 | 5, 5 (likely) | 6, 6 | 7, 7 (extremely likely)"
"183","awb2_9_seek_hlp_ppl_6","1, 1 (extremely unlikely)|2, 2|3, 3 (unlikely)|4, 4|5, 5 (likely)|6, 6|7, 7 (extremely likely)","1, 1 (extremely unlikely) | 2, 2 | 3, 3 (unlikely) | 4, 4 | 5, 5 (likely) | 6, 6 | 7, 7 (extremely likely)"
"184","awb2_9_seek_hlp_ppl_7","1, 1 (extremely unlikely)|2, 2|3, 3 (unlikely)|4, 4|5, 5 (likely)|6, 6|7, 7 (extremely likely)","1, 1 (extremely unlikely) | 2, 2 | 3, 3 (unlikely) | 4, 4 | 5, 5 (likely) | 6, 6 | 7, 7 (extremely likely)"
"185","awb2_9_seek_hlp_ppl_8","1, 1 (extremely unlikely)|2, 2|3, 3 (unlikely)|4, 4|5, 5 (likely)|6, 6|7, 7 (extremely likely)","1, 1 (extremely unlikely) | 2, 2 | 3, 3 (unlikely) | 4, 4 | 5, 5 (likely) | 6, 6 | 7, 7 (extremely likely)"
"186","awb2_9_seek_hlp_ppl_10","1, 1 (extremely unlikely)|2, 2|3, 3 (unlikely)|4, 4|5, 5 (likely)|6, 6|7, 7 (extremely likely)","1, 1 (extremely unlikely) | 2, 2 | 3, 3 (unlikely) | 4, 4 | 5, 5 (likely) | 6, 6 | 7, 7 (extremely likely)"
"187","awb2_9_seek_hlp_ppl_15_a20","1, 1 (Extremely unlikely)|2, 2|3, 3 (Unlikely)|4, 4|5, 5 (Likely)|6, 6|7, 7 (Extremely likely)","1, 1 (Extremely unlikely) | 2, 2 | 3, 3 (Unlikely) | 4, 4 | 5, 5 (Likely) | 6, 6 | 7, 7 (Extremely likely)"
"188","awb2_9_seek_hlp_ppl_16_a20","1, 1 (Extremely unlikely)|2, 2|3, 3 (Unlikely)|4, 4|5, 5 (Likely)|6, 6|7, 7 (Extremely likely)","1, 1 (Extremely unlikely) | 2, 2 | 3, 3 (Unlikely) | 4, 4 | 5, 5 (Likely) | 6, 6 | 7, 7 (Extremely likely)"
"189","awb2_9_seek_hlp_ppl_16_a30","1, 1 (Extremely unlikely)|2, 2|3, 3 (Unlikely)|4, 4|5, 5 (Likely)|6, 6|7, 7 (Extremely likely)","1, 1 (Extremely unlikely) | 2, 2 | 3, 3 (Unlikely) | 4, 4 | 5, 5 (Likely) | 6, 6 | 7, 7 (Extremely likely)"
"190","awb2_9_seek_hlp_ppl_9_a_4","1, 1 (extremely unlikely)|2, 2|3, 3 (unlikely)|4, 4|5, 5 (likely)|6, 6|7, 7 (extremely likely)","1, 1 (extremely unlikely) | 2, 2 | 3, 3 (unlikely) | 4, 4 | 5, 5 (likely) | 6, 6 | 7, 7 (extremely likely)"
"191","awb2_9_resil1_a5","1, Strongly Disagree|2, Disagree|3, Neutral|4, Agree|5, Strongly Agree","1, Strongly Disagree | 2, Disagree | 3, Neutral | 4, Agree | 5, Strongly Agree"
"192","awb2_9_resil2_a5","1, Strongly Disagree|2, Disagree|3, Neutral|4, Agree|5, Strongly Agree","1, Strongly Disagree | 2, Disagree | 3, Neutral | 4, Agree | 5, Strongly Agree"
"193","awb2_9_resil3_a5","1, Strongly Disagree|2, Disagree|3, Neutral|4, Agree|5, Strongly Agree","1, Strongly Disagree | 2, Disagree | 3, Neutral | 4, Agree | 5, Strongly Agree"
"194","awb2_9_resil4_a5","1, Strongly Disagree|2, Disagree|3, Neutral|4, Agree|5, Strongly Agree","1, Strongly Disagree | 2, Disagree | 3, Neutral | 4, Agree | 5, Strongly Agree"
"195","awb2_9_resil5_a5","1, Strongly Disagree|2, Disagree|3, Neutral|4, Agree|5, Strongly Agree","1, Strongly Disagree | 2, Disagree | 3, Neutral | 4, Agree | 5, Strongly Agree"
"196","awb2_9_resil6_a5","1, Strongly Disagree|2, Disagree|3, Neutral|4, Agree|5, Strongly Agree","1, Strongly Disagree | 2, Disagree | 3, Neutral | 4, Agree | 5, Strongly Agree"
"197","awb2_11_psychosis_3_r4","1, Yes, definitely|2, Yes, maybe|3, No, never","1, Yes, definitely | 2, Yes, maybe | 3, No, never"
"198","awb2_11_upsetting_3_a4","1, Not at all upsetting|2, A bit upsetting|3, Quite upsetting|4, Very upsetting","1, Not at all upsetting | 2, A bit upsetting | 3, Quite upsetting | 4, Very upsetting"
"199","awb2_11_pst_yr_3_a4","1, Once or twice|2, Less than once a month|3, More than once a month|4, Nearly every day|5, Not at all","1, Once or twice | 2, Less than once a month | 3, More than once a month | 4, Nearly every day | 5, Not at all"
"200","awb2_11_psychosis_5_r4","1, Yes, definitely|2, Yes, maybe|3, No, never","1, Yes, definitely | 2, Yes, maybe | 3, No, never"
"201","awb2_11_upsetting_5_a4","1, Not at all upsetting|2, A bit upsetting|3, Quite upsetting|4, Very upsetting","1, Not at all upsetting | 2, A bit upsetting | 3, Quite upsetting | 4, Very upsetting"
"202","awb2_11_pst_yr_5_a4","1, Once or twice|2, Less than once a month|3, More than once a month|4, Nearly every day|5, Not at all","1, Once or twice | 2, Less than once a month | 3, More than once a month | 4, Nearly every day | 5, Not at all"
"203","awb2_11_psychosis_2_r4","1, Yes, definitely|2, Yes, maybe|3, No, never","1, Yes, definitely | 2, Yes, maybe | 3, No, never"
"204","awb2_11_upsetting_2_a4","1, Not at all upsetting|2, A bit upsetting|3, Quite upsetting|4, Very upsetting","1, Not at all upsetting | 2, A bit upsetting | 3, Quite upsetting | 4, Very upsetting"
"205","awb2_11_pst_yr_2_a4","1, Once or twice|2, Less than once a month|3, More than once a month|4, Nearly every day|5, Not at all","1, Once or twice | 2, Less than once a month | 3, More than once a month | 4, Nearly every day | 5, Not at all"
"206","awb2_11_plot_hrm_a4","1, Yes, definitely|2, Yes, maybe|3, No, never","1, Yes, definitely | 2, Yes, maybe | 3, No, never"
"207","awb2_11_psychosis_10_r4","1, Yes, definitely|2, Yes, maybe|3, No, never","1, Yes, definitely | 2, Yes, maybe | 3, No, never"
"208","awb2_11_upsetting_10_a4","1, Not at all upsetting|2, A bit upsetting|3, Quite upsetting|4, Very upsetting","1, Not at all upsetting | 2, A bit upsetting | 3, Quite upsetting | 4, Very upsetting"
"209","awb2_11_pst_yr_10_a4","1, Once or twice|2, Less than once a month|3, More than once a month|4, Nearly every day|5, Not at all","1, Once or twice | 2, Less than once a month | 3, More than once a month | 4, Nearly every day | 5, Not at all"
"210","awb2_11_pwrs_read_a4","1, Yes, definitely|2, Yes, maybe|3, No, never","1, Yes, definitely | 2, Yes, maybe | 3, No, never"
"211","awb2_11_psychosis_1_r4","1, Yes, definitely|2, Yes, maybe|3, No, never","1, Yes, definitely | 2, Yes, maybe | 3, No, never"
"212","awb2_11_upsetting_1_a4","1, Not at all upsetting|2, A bit upsetting|3, Quite upsetting|4, Very upsetting","1, Not at all upsetting | 2, A bit upsetting | 3, Quite upsetting | 4, Very upsetting"
"213","awb2_11_pst_yr_1_a4","1, Once or twice|2, Less than once a month|3, More than once a month|4, Nearly every day|5, Not at all","1, Once or twice | 2, Less than once a month | 3, More than once a month | 4, Nearly every day | 5, Not at all"
"214","awb2_11_psychosis_4_r4","1, Yes, definitely|2, Yes, maybe|3, No, never","1, Yes, definitely | 2, Yes, maybe | 3, No, never"
"215","awb2_11_upsetting_4_a4","1, Not at all upsetting|2, A bit upsetting|3, Quite upsetting|4, Very upsetting","1, Not at all upsetting | 2, A bit upsetting | 3, Quite upsetting | 4, Very upsetting"
"216","awb2_11_pst_yr_4_a4","1, Once or twice|2, Less than once a month|3, More than once a month|4, Nearly every day|5, Not at all","1, Once or twice | 2, Less than once a month | 3, More than once a month | 4, Nearly every day | 5, Not at all"
"217","awb2_11_cntrl_who_a4","1, God/another religious figure|2, A computer/other machine|3, Someone/something else","1, God/another religious figure | 2, A computer/other machine | 3, Someone/something else"
"218","awb2_11_cntrl_no_will_a4","1, Yes, definitely|2, Yes, maybe|3, No, never","1, Yes, definitely | 2, Yes, maybe | 3, No, never"
"219","awb2_11_psychosis_9_r4","1, Yes, definitely|2, Yes, maybe|3, No, never","1, Yes, definitely | 2, Yes, maybe | 3, No, never"
"220","awb2_11_pst_yr_9_a4","1, Once or twice|2, Less than once a month|3, More than once a month|4, Nearly every day|5, Not at all","1, Once or twice | 2, Less than once a month | 3, More than once a month | 4, Nearly every day | 5, Not at all"
"221","awb7_1_wntr_mnths","1, 5 times a week or more|2, 2-4 times a week|3, Once a week|4, 1 to 3 times a month|5, Less than once a month","1, 5 times a week or more | 2, 2-4 times a week | 3, Once a week | 4, 1 to 3 times a month | 5, Less than once a month"
"222","awb7_1_smmr_mnths","1, 5 times a week or more|2, 2-4 times a week|3, Once a week|4, 1 to 3 times a month|5, Less than once a month","1, 5 times a week or more | 2, 2-4 times a week | 3, Once a week | 4, 1 to 3 times a month | 5, Less than once a month"
"223","awb7_2_pollution","1, Very poor|2, Poor|3, Fair|4, Good|5, Excellent|6, Don't know","1, Very poor | 2, Poor | 3, Fair | 4, Good | 5, Excellent | 6, Don't know"
"224","awb7_3_clmte_chnge_feelng","1, Very positive|2, Fairly positive|3, Neither positive nor negative|4, Fairly negative|5, Very negative","1, Very positive | 2, Fairly positive | 3, Neither positive nor negative | 4, Fairly negative | 5, Very negative"
"225","awb5_1_general_hlth","1, Very good|2, Good|3, Fair|4, Bad|5, Very Bad","1, Very good | 2, Good | 3, Fair | 4, Bad | 5, Very Bad"
"226","awb5_1_hearing_sght_n_a10","0, No|1, Yes - Distant|2, Yes - Near","0, No | 1, Yes - Distant | 2, Yes - Near"
"227","awb5_1_hearing_sght_y1_a10","1, I struggle to see things in the distance or far away clearly without glasses or contact lenses|2, I struggle to see things close to me clearly without glasses or contact lenses|3, A 'turn in an eye' or a 'lazy eye' since childhood|4, Other reason|5, Don't know","1, I struggle to see things in the distance or far away clearly without glasses or contact lenses | 2, I struggle to see things close to me clearly without glasses or contact lenses | 3, A 'turn in an eye' or a 'lazy eye' since childhood | 4, Other reason | 5, Don't know"
"228","awb5_1_food_dt_2","1, Every day|2, Most days|3, About once a week|4, Less often|5, Never","1, Every day | 2, Most days | 3, About once a week | 4, Less often | 5, Never"
"229","awb5_1_food_dt_3","1, Every day|2, Most days|3, About once a week|4, Less often|5, Never","1, Every day | 2, Most days | 3, About once a week | 4, Less often | 5, Never"
"230","awb5_1_food_dt_4","1, Every day|2, Most days|3, About once a week|4, Less often|5, Never","1, Every day | 2, Most days | 3, About once a week | 4, Less often | 5, Never"
"231","awb5_1_food_dt_5","1, Every day|2, Most days|3, About once a week|4, Less often|5, Never","1, Every day | 2, Most days | 3, About once a week | 4, Less often | 5, Never"
"232","awb5_1_food_dt_6_r7","1, Every day|2, Most days|3, About once a week|4, Less often|5, Never","1, Every day | 2, Most days | 3, About once a week | 4, Less often | 5, Never"
"233","awb5_1_food_dt_10_a10","1, Every day|2, Most days|3, About once a week|4, Less often|5, Never","1, Every day | 2, Most days | 3, About once a week | 4, Less often | 5, Never"
"234","awb5_1_food_dt_7","1, Every day|2, Most days|3, About once a week|4, Less often|5, Never","1, Every day | 2, Most days | 3, About once a week | 4, Less often | 5, Never"
"235","awb2_12_eat_hbt_1_a5","1, 0 days|2, 1-2 days|3, 3-5 days|4, 6-7 days","1, 0 days | 2, 1-2 days | 3, 3-5 days | 4, 6-7 days"
"236","awb2_12_eat_hbt_2_a5","1, 0 days|2, 1-2 days|3, 3-5 days|4, 6-7 days","1, 0 days | 2, 1-2 days | 3, 3-5 days | 4, 6-7 days"
"237","awb2_12_eat_hbt_3_a5","1, 0 days|2, 1-2 days|3, 3-5 days|4, 6-7 days","1, 0 days | 2, 1-2 days | 3, 3-5 days | 4, 6-7 days"
"238","awb2_12_eat_hbt_4_a5","1, 0 days|2, 1-2 days|3, 3-5 days|4, 6-7 days","1, 0 days | 2, 1-2 days | 3, 3-5 days | 4, 6-7 days"
"239","awb2_12_eat_hbt_5_a5","1, 0 days|2, 1-2 days|3, 3-5 days|4, 6-7 days","1, 0 days | 2, 1-2 days | 3, 3-5 days | 4, 6-7 days"
"240","awb2_12_eat_hbt_6_a5","1, 0 days|2, 1-2 days|3, 3-5 days|4, 6-7 days","1, 0 days | 2, 1-2 days | 3, 3-5 days | 4, 6-7 days"
"241","awb2_12_eat_hbt_7_a5","1, 0 days|2, 1-2 days|3, 3-5 days|4, 6-7 days","1, 0 days | 2, 1-2 days | 3, 3-5 days | 4, 6-7 days"
"242","awb2_12_eat_hbt_8_a5","1, 0 days|2, 1-2 days|3, 3-5 days|4, 6-7 days","1, 0 days | 2, 1-2 days | 3, 3-5 days | 4, 6-7 days"
"243","awb2_12_eat_hbt_9_a5","1, 0 days|2, 1-2 days|3, 3-5 days|4, 6-7 days","1, 0 days | 2, 1-2 days | 3, 3-5 days | 4, 6-7 days"
"244","awb2_12_eat_hbt_10_a5","1, 0 days|2, 1-2 days|3, 3-5 days|4, 6-7 days","1, 0 days | 2, 1-2 days | 3, 3-5 days | 4, 6-7 days"
"245","awb2_12_wght_1_a5","1, Not at all|2, Slightly|3, Moderately|4, Markedly","1, Not at all | 2, Slightly | 3, Moderately | 4, Markedly"
"246","awb2_12_wght_2_a5","1, Not at all|2, Slightly|3, Moderately|4, Markedly","1, Not at all | 2, Slightly | 3, Moderately | 4, Markedly"
"247","awb5_1_oral_hlth_1","1, More than once a day|2, Once a day|3, At least once a week but not daily|4, Less than once a week|5, Never","1, More than once a day | 2, Once a day | 3, At least once a week but not daily | 4, Less than once a week | 5, Never"
"248","awb5_1_oral_hlth_3","1, No|2, Not sure|3, Yes","1, No | 2, Not sure | 3, Yes"
"249","awb4_4_puberty_a10","1, I have not started puberty|2, I have only just started puberty|3, I have definitely started puberty|4, I have completed puberty","1, I have not started puberty | 2, I have only just started puberty | 3, I have definitely started puberty | 4, I have completed puberty"
"250","awb4_4y_gendersex_f_2","1, Yes|2, No","1, Yes | 2, No"
"251","awb5_1_cigs2_r10","1, I have only ever tried smoking once or twice|2, I used to smoke but don't any more|3, I smoke one day a week or less|4, I smoke a few days a week|5, I smoke every day or nearly every day","1, I have only ever tried smoking once or twice | 2, I used to smoke but don't any more | 3, I smoke one day a week or less | 4, I smoke a few days a week | 5, I smoke every day or nearly every day"
"252","awb5_2_vape_r10","1, I have only ever tried vaping once or twice|2, I used to vape but don't any more|3, I vape one day a week or less|4, I vape a few days a week|5, I vape every day or nearly every day","1, I have only ever tried vaping once or twice | 2, I used to vape but don't any more | 3, I vape one day a week or less | 4, I vape a few days a week | 5, I vape every day or nearly every day"
"253","nicotine_other_2_a20","1, I only ever tried these products once or twice|2, I used to use these products but don't anymore|3, I use these products one day a week or less|4, I use these products a few days a week|5, I use these products every day or nearly every day","1, I only ever tried these products once or twice | 2, I used to use these products but don't anymore | 3, I use these products one day a week or less | 4, I use these products a few days a week | 5, I use these products every day or nearly every day"
"254","awb5_2y_alcohol_frqncy","1, Never|2, 1-2 times|3, A few times|4, Monthly|5, Weekly|6, More than once a week","1, Never | 2, 1-2 times | 3, A few times | 4, Monthly | 5, Weekly | 6, More than once a week"
"255","awb5_2y_alcohol_qntty","1, Yes|2, No","1, Yes | 2, No"
"256","awb5_2_yalcohol_y_qntty_frqncy","1, Never|2, 1-2 times|3, A few times|4, Monthly|5, Weekly|6, More than once a week","1, Never | 2, 1-2 times | 3, A few times | 4, Monthly | 5, Weekly | 6, More than once a week"
"257","awb5_2y_alcohol_month_a30","1, Once or twice|2, Three or four times|3, Five to ten times|4, More than ten times|5, Not taken in the last 30 days","1, Once or twice | 2, Three or four times | 3, Five to ten times | 4, More than ten times | 5, Not taken in the last 30 days"
"258","alc_reason_a20","1, Boredom|2, Curiosity|3, To relieve pressure and stress|4, To fit in with friends and peer group|5, To have fun|6, To feel more confident|7, Influenced by TV/Film|8, Influenced by social media|9, None of the above/something else","1, Boredom | 2, Curiosity | 3, To relieve pressure and stress | 4, To fit in with friends and peer group | 5, To have fun | 6, To feel more confident | 7, Influenced by TV/Film | 8, Influenced by social media | 9, None of the above/something else"
"259","awb5_2_cannabis_pstyr","1, Once or twice|2, Three of four times|3, Five to ten times|4, More than ten times|5, Not taken in last year","1, Once or twice | 2, Three of four times | 3, Five to ten times | 4, More than ten times | 5, Not taken in last year"
"260","awb5_2_cannabis_month_a30","1, Once or twice|2, Three or four times|3, Five to ten times|4, More than ten times|5, Not taken in the last 30 days","1, Once or twice | 2, Three or four times | 3, Five to ten times | 4, More than ten times | 5, Not taken in the last 30 days"
"261","awb5_2_cocaine_pstyr","1, Once or twice|2, Three of four times|3, Five to ten times|4, More than ten times|5, Not taken in last year","1, Once or twice | 2, Three of four times | 3, Five to ten times | 4, More than ten times | 5, Not taken in last year"
"262","awb5_2_ecstasy_pstyr","1, Once or twice|2, Three of four times|3, Five to ten times|4, More than ten times|5, Not taken in last year","1, Once or twice | 2, Three of four times | 3, Five to ten times | 4, More than ten times | 5, Not taken in last year"
"263","awb5_2_ket_pstyr","1, Once or twice|2, Three of four times|3, Five to ten times|4, More than ten times|5, Not taken in last year","1, Once or twice | 2, Three of four times | 3, Five to ten times | 4, More than ten times | 5, Not taken in last year"
"264","awb5_2_spice_pstyr","1, Once or twice|2, Three of four times|3, Five to ten times|4, More than ten times|5, Not taken in last year","1, Once or twice | 2, Three of four times | 3, Five to ten times | 4, More than ten times | 5, Not taken in last year"
"265","awb5_2_nitrous_pstyr","1, Once or twice|2, Three of four times|3, Five to ten times|4, More than ten times|5, Not taken in last year","1, Once or twice | 2, Three of four times | 3, Five to ten times | 4, More than ten times | 5, Not taken in last year"
"266","awb5_2_prescription_pstyr","1, Once or twice|2, Three of four times|3, Five to ten times|4, More than ten times|5, Not taken in last year","1, Once or twice | 2, Three of four times | 3, Five to ten times | 4, More than ten times | 5, Not taken in last year"
"267","awb5_2_drugs_othr3_a10","1, Once or twice|2, Three of four times|3, Five to ten times|4, More than ten times|5, Not taken in last year","1, Once or twice | 2, Three of four times | 3, Five to ten times | 4, More than ten times | 5, Not taken in last year"
"268","awb5_2_gambling_chk_a10","1, National Lottery Scratchcards which you bought in a shop, any National Lottery games (e.g. Lotto, EuroMillions, Thunderball), or any other Lottery (e.g. The Health Lottery, People's Postcode Lottery)|2, Fruit or slot machines (e.g. at an arcade, pub or social club)|3, Placing a private bet for money (e.g. with friends or family)|4, Playing cards for money (e.g. with friends or family)|5, Bingo at a bingo club|6, Bingo at somewhere other than a bingo club (e.g. social club, holiday park, etc.)|7, Personally visiting a betting shop to play gaming machines|8, Personally placing a bet at a betting shop (e.g. on football, dog racing or horse racing)|9, Personally visiting a casino to play casino games (by this we mean a proper casino with roulette tables)|10, Gambling websites/apps where you can win real money (e.g. poker, casinos, bingo, betting on sport or racing)|0, I have not spent money on any of the activities above","1, National Lottery Scratchcards which you bought in a shop, any National Lottery games (e.g. Lotto, EuroMillions, Thunderball), or any other Lottery (e.g. The Health Lottery, People's Postcode Lottery) | 2, Fruit or slot machines (e.g. at an arcade, pub or social club) | 3, Placing a private bet for money (e.g. with friends or family) | 4, Playing cards for money (e.g. with friends or family) | 5, Bingo at a bingo club | 6, Bingo at somewhere other than a bingo club (e.g. social club, holiday park, etc.) | 7, Personally visiting a betting shop to play gaming machines | 8, Personally placing a bet at a betting shop (e.g. on football, dog racing or horse racing) | 9, Personally visiting a casino to play casino games (by this we mean a proper casino with roulette tables) | 10, Gambling websites/apps where you can win real money (e.g. poker, casinos, bingo, betting on sport or racing) | 0, I have not spent money on any of the activities above"
"269","awb5_2_gambling_2_r10","1, In the last 7 days|2, In the last month|3, In the last year|4, More than a year ago","1, In the last 7 days | 2, In the last month | 3, In the last year | 4, More than a year ago"
"270","awb5_2_gambling_6_r10","1, In the last 7 days|2, In the last month|3, In the last year|4, More than a year ago","1, In the last 7 days | 2, In the last month | 3, In the last year | 4, More than a year ago"
"271","awb5_2_gambling_7_r10","1, In the last 7 days|2, In the last month|3, In the last year|4, More than a year ago","1, In the last 7 days | 2, In the last month | 3, In the last year | 4, More than a year ago"
"272","awb5_2_gambling_8_r10","1, In the last 7 days|2, In the last month|3, In the last year|4, More than a year ago","1, In the last 7 days | 2, In the last month | 3, In the last year | 4, More than a year ago"
"273","awb5_2_gambling_9_r10","1, In the last 7 days|2, In the last month|3, In the last year|4, More than a year ago","1, In the last 7 days | 2, In the last month | 3, In the last year | 4, More than a year ago"
"274","awb5_2_gambling_10_r10","1, In the last 7 days|2, In the last month|3, In the last year|4, More than a year ago","1, In the last 7 days | 2, In the last month | 3, In the last year | 4, More than a year ago"
"275","awb5_2_gambling_11_r10","1, In the last 7 days|2, In the last month|3, In the last year|4, More than a year ago","1, In the last 7 days | 2, In the last month | 3, In the last year | 4, More than a year ago"
"276","awb5_2_gambling_12_r10","1, In the last 7 days|2, In the last month|3, In the last year|4, More than a year ago","1, In the last 7 days | 2, In the last month | 3, In the last year | 4, More than a year ago"
"277","awb5_2_gambling_13_r10","1, In the last 7 days|2, In the last month|3, In the last year|4, More than a year ago","1, In the last 7 days | 2, In the last month | 3, In the last year | 4, More than a year ago"
"278","awb5_2_gambling_14_r10","1, In the last 7 days|2, In the last month|3, In the last year|4, More than a year ago","1, In the last 7 days | 2, In the last month | 3, In the last year | 4, More than a year ago"
"279","awb5_2_gambling_fam_a10","0, Never - as far as you know|1, Yes - In the last 12 months|2, Yes - more than 12 months ago|3, Don't know|4, Prefer not to say","0, Never - as far as you know | 1, Yes - In the last 12 months | 2, Yes - more than 12 months ago | 3, Don't know | 4, Prefer not to say"
"280","awb5_2_online_gamb3_a5","1, Paid money (or used virtual currency you have bought) to buy specific in-game items (e.g. skins, clothes, weapons, players)|2, Paid money (or used virtual currency you have bought) to open loot boxes/packs/chests to get other in-game items (e.g. skins, clothes, weapons, players)|3, Bet with in-game items on websites outside of the game you are playing|4, None of these","1, Paid money (or used virtual currency you have bought) to buy specific in-game items (e.g. skins, clothes, weapons, players) | 2, Paid money (or used virtual currency you have bought) to open loot boxes/packs/chests to get other in-game items (e.g. skins, clothes, weapons, players) | 3, Bet with in-game items on websites outside of the game you are playing | 4, None of these"
"281","awb5_2y_knife","1, Yes|2, No","1, Yes | 2, No"
"282","police_iss_1_a20","1, Daily|2, Regularly (a few times a week)|3, Sometimes (a few times a month)|4, Rarely (a few times a year)|5, Never","1, Daily | 2, Regularly (a few times a week) | 3, Sometimes (a few times a month) | 4, Rarely (a few times a year) | 5, Never"
"283","police_iss_2_a20","1, Daily|2, Regularly (a few times a week)|3, Sometimes (a few times a month)|4, Rarely (a few times a year)|5, Never","1, Daily | 2, Regularly (a few times a week) | 3, Sometimes (a few times a month) | 4, Rarely (a few times a year) | 5, Never"
"284","police_iss_3_a20","1, Daily|2, Regularly (a few times a week)|3, Sometimes (a few times a month)|4, Rarely (a few times a year)|5, Never","1, Daily | 2, Regularly (a few times a week) | 3, Sometimes (a few times a month) | 4, Rarely (a few times a year) | 5, Never"
"285","police_iss_4_a20","1, Daily|2, Regularly (a few times a week)|3, Sometimes (a few times a month)|4, Rarely (a few times a year)|5, Never","1, Daily | 2, Regularly (a few times a week) | 3, Sometimes (a few times a month) | 4, Rarely (a few times a year) | 5, Never"
"286","police_iss_5_a20","1, Daily|2, Regularly (a few times a week)|3, Sometimes (a few times a month)|4, Rarely (a few times a year)|5, Never","1, Daily | 2, Regularly (a few times a week) | 3, Sometimes (a few times a month) | 4, Rarely (a few times a year) | 5, Never"
"287","police_iss_6_a20","1, Daily|2, Regularly (a few times a week)|3, Sometimes (a few times a month)|4, Rarely (a few times a year)|5, Never","1, Daily | 2, Regularly (a few times a week) | 3, Sometimes (a few times a month) | 4, Rarely (a few times a year) | 5, Never"
"288","police_iss_7_a20","1, Daily|2, Regularly (a few times a week)|3, Sometimes (a few times a month)|4, Rarely (a few times a year)|5, Never","1, Daily | 2, Regularly (a few times a week) | 3, Sometimes (a few times a month) | 4, Rarely (a few times a year) | 5, Never"
"289","police_iss_8_a20","1, Daily|2, Regularly (a few times a week)|3, Sometimes (a few times a month)|4, Rarely (a few times a year)|5, Never","1, Daily | 2, Regularly (a few times a week) | 3, Sometimes (a few times a month) | 4, Rarely (a few times a year) | 5, Never"
"290","police_iss_9_a20","1, Daily|2, Regularly (a few times a week)|3, Sometimes (a few times a month)|4, Rarely (a few times a year)|5, Never","1, Daily | 2, Regularly (a few times a week) | 3, Sometimes (a few times a month) | 4, Rarely (a few times a year) | 5, Never"
"291","awb4_1_physical_actvty_1_a5","1, None|2, 1 time last week|3, 2 or 3 times last week|4, 4 times last week|5, 5 times last week","1, None | 2, 1 time last week | 3, 2 or 3 times last week | 4, 4 times last week | 5, 5 times last week"
"292","awb4_1_physical_actvty_2_a5","1, I don't do PE|2, Hardly ever|3, Sometimes|4, Quite often|5, Always","1, I don't do PE | 2, Hardly ever | 3, Sometimes | 4, Quite often | 5, Always"
"293","awb4_1_physical_actvty_3_a5","1, Sat down (talking, reading, doing schoolwork)|2, Stood around or walked around|3, Ran or played a little bit|4, Ran around and played quite a bit|5, Ran and played hard most of the time","1, Sat down (talking, reading, doing schoolwork) | 2, Stood around or walked around | 3, Ran or played a little bit | 4, Ran around and played quite a bit | 5, Ran and played hard most of the time"
"294","awb4_1_physical_actvty_4_a5","1, Sat down (talking, reading, doing schoolwork)|2, Stood around or walked around|3, Ran or played a little bit|4, Ran around and played quite a bit|5, Ran and played hard most of the time","1, Sat down (talking, reading, doing schoolwork) | 2, Stood around or walked around | 3, Ran or played a little bit | 4, Ran around and played quite a bit | 5, Ran and played hard most of the time"
"295","awb4_1_physical_actvty_5_a5","1, None|2, 1 time last week|3, 2 or 3 times last week|4, 4 times last week|5, 5 times last week","1, None | 2, 1 time last week | 3, 2 or 3 times last week | 4, 4 times last week | 5, 5 times last week"
"296","awb4_1_physical_actvty_6_a5","1, None|2, 1 time last week|3, 2 or 3 times last week|4, 4 times last week|5, 5 times last week","1, None | 2, 1 time last week | 3, 2 or 3 times last week | 4, 4 times last week | 5, 5 times last week"
"297","awb4_1_physical_actvty_7_a5","1, None|2, 1 time last week|3, 2 or 3 times last week|4, 4 or 5 times last week|5, 6 or 7 times last week","1, None | 2, 1 time last week | 3, 2 or 3 times last week | 4, 4 or 5 times last week | 5, 6 or 7 times last week"
"298","awb4_1_physical_actvty_8_a5","1, None|2, 1 time|3, 2 - 3 times|4, 4 - 5 times|5, 6 or more times","1, None | 2, 1 time | 3, 2 - 3 times | 4, 4 - 5 times | 5, 6 or more times"
"299","awb4_1_sick_a5","1, Yes|2, No","1, Yes | 2, No"
"300","vpa_days_a20","0, 0|1, 1|2, 2|3, 3|4, 4|5, 5|6, 6|7, 7","0, 0 | 1, 1 | 2, 2 | 3, 3 | 4, 4 | 5, 5 | 6, 6 | 7, 7"
"301","mpa_days_a20","0, 0|1, 1|2, 2|3, 3|4, 4|5, 5|6, 6|7, 7","0, 0 | 1, 1 | 2, 2 | 3, 3 | 4, 4 | 5, 5 | 6, 6 | 7, 7"
"302","walk_days_a20","0, 0|1, 1|2, 2|3, 3|4, 4|5, 5|6, 6|7, 7","0, 0 | 1, 1 | 2, 2 | 3, 3 | 4, 4 | 5, 5 | 6, 6 | 7, 7"
"303","sitting_time_a20","1, 0h 15m|2, 0h 30m|3, 0h 45m|4, 1h 00m|5, 1h 15m|6, 1h 30m|7, 1h 45m|8, 2h 00m|9, 2h 15m|10, 2h 30m|11, 2h 45m|12, 3h 00m|13, 3h 15m|14, 3h 30m|15, 3h 45m|16, 4h 00m|17, 4h 15m|18, 4h 30m|19, 4h 45m|20, 5h 00m|21, 5h 15m|22, 5h 30m|23, 5h 45m|24, 6h 00m|25, 6h 15m|26, 6h 30m|27, 6h 45m|28, 7h 00m|29, 7h 15m|30, 7h 30m|31, 7h 45m|32, 8h 00m|33, 8h 15m|34, 8h 30m|35, 8h 45m|36, 9h 00m|37, 9h 15m|38, 9h 30m|39, 9h 45m|40, 10h 00m|41, 10h 15m|42, 10h 30m|43, 10h 45m|44, 11h 00m|45, 11h 15m|46, 11h 30m|47, 11h 45m|48, 12h 00m|49, More than 12 hours|50, Don't know/not sure","1, 0h 15m | 2, 0h 30m | 3, 0h 45m | 4, 1h 00m | 5, 1h 15m | 6, 1h 30m | 7, 1h 45m | 8, 2h 00m | 9, 2h 15m | 10, 2h 30m | 11, 2h 45m | 12, 3h 00m | 13, 3h 15m | 14, 3h 30m | 15, 3h 45m | 16, 4h 00m | 17, 4h 15m | 18, 4h 30m | 19, 4h 45m | 20, 5h 00m | 21, 5h 15m | 22, 5h 30m | 23, 5h 45m | 24, 6h 00m | 25, 6h 15m | 26, 6h 30m | 27, 6h 45m | 28, 7h 00m | 29, 7h 15m | 30, 7h 30m | 31, 7h 45m | 32, 8h 00m | 33, 8h 15m | 34, 8h 30m | 35, 8h 45m | 36, 9h 00m | 37, 9h 15m | 38, 9h 30m | 39, 9h 45m | 40, 10h 00m | 41, 10h 15m | 42, 10h 30m | 43, 10h 45m | 44, 11h 00m | 45, 11h 15m | 46, 11h 30m | 47, 11h 45m | 48, 12h 00m | 49, More than 12 hours | 50, Don't know/not sure"
"304","awb4_2_outside_schl_1_r7","1, Did not do|2, Less than 1 hour per day|3, 1 to 2 hours per day|4, 2 to 3 hours per day|5, 3 hours per day or more","1, Did not do | 2, Less than 1 hour per day | 3, 1 to 2 hours per day | 4, 2 to 3 hours per day | 5, 3 hours per day or more"
"305","awb4_2_outside_schl_2_r7","1, Did not do|2, Less than 1 hour per day|3, 1 to 2 hours per day|4, 2 to 3 hours per day|5, 3 hours per day or more","1, Did not do | 2, Less than 1 hour per day | 3, 1 to 2 hours per day | 4, 2 to 3 hours per day | 5, 3 hours per day or more"
"306","awb4_2_outside_schl_3_r7","1, Did not do|2, Less than 1 hour per day|3, 1 to 2 hours per day|4, 2 to 3 hours per day|5, 3 hours per day or more","1, Did not do | 2, Less than 1 hour per day | 3, 1 to 2 hours per day | 4, 2 to 3 hours per day | 5, 3 hours per day or more"
"307","awb4_2_outside_schl_4_r7","1, Did not do|2, Less than 1 hour per day|3, 1 to 2 hours per day|4, 2 to 3 hours per day|5, 3 hours per day or more","1, Did not do | 2, Less than 1 hour per day | 3, 1 to 2 hours per day | 4, 2 to 3 hours per day | 5, 3 hours per day or more"
"308","awb4_2_overall_a5","1, I spend almost none of my free time sitting|2, I spend little time sitting during my free time|3, I spend about half of my free time sitting|4, I spend a lot of time sitting during my free time|5, I spend almost all of my free time sitting","1, I spend almost none of my free time sitting | 2, I spend little time sitting during my free time | 3, I spend about half of my free time sitting | 4, I spend a lot of time sitting during my free time | 5, I spend almost all of my free time sitting"
"309","awb4_3_times2_a5","1, 00:00|2, 00:15|3, 00:30|4, 00:45|5, 01:00|6, 01:15|7, 01:30|8, 01:45|9, 02:00|10, 02:15|11, 02:30|12, 02:45|13, 03:00|14, 03:15|15, 03:30|16, 03:45|17, 04:00|18, 04:15|19, 04:30|20, 04:45|21, 05:00|22, 05:15|23, 05:30|24, 05:45|25, 06:00|26, 06:15|27, 06:30|28, 06:45|29, 07:00|30, 07:15|31, 07:30|32, 07:45|33, 08:00|34, 08:15|35, 08:30|36, 08:45|37, 09:00|38, 09:15|39, 09:30|40, 09:45|41, 10:00|42, 10:15|43, 10:30|44, 10:45|45, 11:00|46, 11:15|47, 11:30|48, 11:45|49, 12:00|50, 12:15|51, 12:30|52, 12:45|53, 13:00|54, 13:15|55, 13:30|56, 13:45|57, 14:00|58, 14:15|59, 14:30|60, 14:45|61, 15:00|62, 15:15|63, 15:30|64, 15:45|65, 16:00|66, 16:15|67, 16:30|68, 16:45|69, 17:00|70, 17:15|71, 17:30|72, 17:45|73, 18:00|74, 18:15|75, 18:30|76, 18:45|77, 19:00|78, 19:15|79, 19:30|80, 19:45|81, 20:00|82, 20:15|83, 20:30|84, 20:45|85, 21:00|86, 21:15|87, 21:30|88, 21:45|89, 22:00|90, 22:15|91, 22:30|92, 22:45|93, 23:00|94, 23:15|95, 23:30|96, 23:45","1, 00:00 | 2, 00:15 | 3, 00:30 | 4, 00:45 | 5, 01:00 | 6, 01:15 | 7, 01:30 | 8, 01:45 | 9, 02:00 | 10, 02:15 | 11, 02:30 | 12, 02:45 | 13, 03:00 | 14, 03:15 | 15, 03:30 | 16, 03:45 | 17, 04:00 | 18, 04:15 | 19, 04:30 | 20, 04:45 | 21, 05:00 | 22, 05:15 | 23, 05:30 | 24, 05:45 | 25, 06:00 | 26, 06:15 | 27, 06:30 | 28, 06:45 | 29, 07:00 | 30, 07:15 | 31, 07:30 | 32, 07:45 | 33, 08:00 | 34, 08:15 | 35, 08:30 | 36, 08:45 | 37, 09:00 | 38, 09:15 | 39, 09:30 | 40, 09:45 | 41, 10:00 | 42, 10:15 | 43, 10:30 | 44, 10:45 | 45, 11:00 | 46, 11:15 | 47, 11:30 | 48, 11:45 | 49, 12:00 | 50, 12:15 | 51, 12:30 | 52, 12:45 | 53, 13:00 | 54, 13:15 | 55, 13:30 | 56, 13:45 | 57, 14:00 | 58, 14:15 | 59, 14:30 | 60, 14:45 | 61, 15:00 | 62, 15:15 | 63, 15:30 | 64, 15:45 | 65, 16:00 | 66, 16:15 | 67, 16:30 | 68, 16:45 | 69, 17:00 | 70, 17:15 | 71, 17:30 | 72, 17:45 | 73, 18:00 | 74, 18:15 | 75, 18:30 | 76, 18:45 | 77, 19:00 | 78, 19:15 | 79, 19:30 | 80, 19:45 | 81, 20:00 | 82, 20:15 | 83, 20:30 | 84, 20:45 | 85, 21:00 | 86, 21:15 | 87, 21:30 | 88, 21:45 | 89, 22:00 | 90, 22:15 | 91, 22:30 | 92, 22:45 | 93, 23:00 | 94, 23:15 | 95, 23:30 | 96, 23:45"
"310","awb4_3_times3_a5","1, 00:00|2, 00:15|3, 00:30|4, 00:45|5, 01:00|6, 01:15|7, 01:30|8, 01:45|9, 02:00|10, 02:15|11, 02:30|12, 02:45|13, 03:00|14, 03:15|15, 03:30|16, 03:45|17, 04:00|18, 04:15|19, 04:30|20, 04:45|21, 05:00|22, 05:15|23, 05:30|24, 05:45|25, 06:00|26, 06:15|27, 06:30|28, 06:45|29, 07:00|30, 07:15|31, 07:30|32, 07:45|33, 08:00|34, 08:15|35, 08:30|36, 08:45|37, 09:00|38, 09:15|39, 09:30|40, 09:45|41, 10:00|42, 10:15|43, 10:30|44, 10:45|45, 11:00|46, 11:15|47, 11:30|48, 11:45|49, 12:00|50, 12:15|51, 12:30|52, 12:45|53, 13:00|54, 13:15|55, 13:30|56, 13:45|57, 14:00|58, 14:15|59, 14:30|60, 14:45|61, 15:00|62, 15:15|63, 15:30|64, 15:45|65, 16:00|66, 16:15|67, 16:30|68, 16:45|69, 17:00|70, 17:15|71, 17:30|72, 17:45|73, 18:00|74, 18:15|75, 18:30|76, 18:45|77, 19:00|78, 19:15|79, 19:30|80, 19:45|81, 20:00|82, 20:15|83, 20:30|84, 20:45|85, 21:00|86, 21:15|87, 21:30|88, 21:45|89, 22:00|90, 22:15|91, 22:30|92, 22:45|93, 23:00|94, 23:15|95, 23:30|96, 23:45","1, 00:00 | 2, 00:15 | 3, 00:30 | 4, 00:45 | 5, 01:00 | 6, 01:15 | 7, 01:30 | 8, 01:45 | 9, 02:00 | 10, 02:15 | 11, 02:30 | 12, 02:45 | 13, 03:00 | 14, 03:15 | 15, 03:30 | 16, 03:45 | 17, 04:00 | 18, 04:15 | 19, 04:30 | 20, 04:45 | 21, 05:00 | 22, 05:15 | 23, 05:30 | 24, 05:45 | 25, 06:00 | 26, 06:15 | 27, 06:30 | 28, 06:45 | 29, 07:00 | 30, 07:15 | 31, 07:30 | 32, 07:45 | 33, 08:00 | 34, 08:15 | 35, 08:30 | 36, 08:45 | 37, 09:00 | 38, 09:15 | 39, 09:30 | 40, 09:45 | 41, 10:00 | 42, 10:15 | 43, 10:30 | 44, 10:45 | 45, 11:00 | 46, 11:15 | 47, 11:30 | 48, 11:45 | 49, 12:00 | 50, 12:15 | 51, 12:30 | 52, 12:45 | 53, 13:00 | 54, 13:15 | 55, 13:30 | 56, 13:45 | 57, 14:00 | 58, 14:15 | 59, 14:30 | 60, 14:45 | 61, 15:00 | 62, 15:15 | 63, 15:30 | 64, 15:45 | 65, 16:00 | 66, 16:15 | 67, 16:30 | 68, 16:45 | 69, 17:00 | 70, 17:15 | 71, 17:30 | 72, 17:45 | 73, 18:00 | 74, 18:15 | 75, 18:30 | 76, 18:45 | 77, 19:00 | 78, 19:15 | 79, 19:30 | 80, 19:45 | 81, 20:00 | 82, 20:15 | 83, 20:30 | 84, 20:45 | 85, 21:00 | 86, 21:15 | 87, 21:30 | 88, 21:45 | 89, 22:00 | 90, 22:15 | 91, 22:30 | 92, 22:45 | 93, 23:00 | 94, 23:15 | 95, 23:30 | 96, 23:45"
"311","awb4_3_times4_a5","1, 00:00|2, 00:15|3, 00:30|4, 00:45|5, 01:00|6, 01:15|7, 01:30|8, 01:45|9, 02:00|10, 02:15|11, 02:30|12, 02:45|13, 03:00|14, 03:15|15, 03:30|16, 03:45|17, 04:00|18, 04:15|19, 04:30|20, 04:45|21, 05:00|22, 05:15|23, 05:30|24, 05:45|25, 06:00|26, 06:15|27, 06:30|28, 06:45|29, 07:00|30, 07:15|31, 07:30|32, 07:45|33, 08:00|34, 08:15|35, 08:30|36, 08:45|37, 09:00|38, 09:15|39, 09:30|40, 09:45|41, 10:00|42, 10:15|43, 10:30|44, 10:45|45, 11:00|46, 11:15|47, 11:30|48, 11:45|49, 12:00|50, 12:15|51, 12:30|52, 12:45|53, 13:00|54, 13:15|55, 13:30|56, 13:45|57, 14:00|58, 14:15|59, 14:30|60, 14:45|61, 15:00|62, 15:15|63, 15:30|64, 15:45|65, 16:00|66, 16:15|67, 16:30|68, 16:45|69, 17:00|70, 17:15|71, 17:30|72, 17:45|73, 18:00|74, 18:15|75, 18:30|76, 18:45|77, 19:00|78, 19:15|79, 19:30|80, 19:45|81, 20:00|82, 20:15|83, 20:30|84, 20:45|85, 21:00|86, 21:15|87, 21:30|88, 21:45|89, 22:00|90, 22:15|91, 22:30|92, 22:45|93, 23:00|94, 23:15|95, 23:30|96, 23:45","1, 00:00 | 2, 00:15 | 3, 00:30 | 4, 00:45 | 5, 01:00 | 6, 01:15 | 7, 01:30 | 8, 01:45 | 9, 02:00 | 10, 02:15 | 11, 02:30 | 12, 02:45 | 13, 03:00 | 14, 03:15 | 15, 03:30 | 16, 03:45 | 17, 04:00 | 18, 04:15 | 19, 04:30 | 20, 04:45 | 21, 05:00 | 22, 05:15 | 23, 05:30 | 24, 05:45 | 25, 06:00 | 26, 06:15 | 27, 06:30 | 28, 06:45 | 29, 07:00 | 30, 07:15 | 31, 07:30 | 32, 07:45 | 33, 08:00 | 34, 08:15 | 35, 08:30 | 36, 08:45 | 37, 09:00 | 38, 09:15 | 39, 09:30 | 40, 09:45 | 41, 10:00 | 42, 10:15 | 43, 10:30 | 44, 10:45 | 45, 11:00 | 46, 11:15 | 47, 11:30 | 48, 11:45 | 49, 12:00 | 50, 12:15 | 51, 12:30 | 52, 12:45 | 53, 13:00 | 54, 13:15 | 55, 13:30 | 56, 13:45 | 57, 14:00 | 58, 14:15 | 59, 14:30 | 60, 14:45 | 61, 15:00 | 62, 15:15 | 63, 15:30 | 64, 15:45 | 65, 16:00 | 66, 16:15 | 67, 16:30 | 68, 16:45 | 69, 17:00 | 70, 17:15 | 71, 17:30 | 72, 17:45 | 73, 18:00 | 74, 18:15 | 75, 18:30 | 76, 18:45 | 77, 19:00 | 78, 19:15 | 79, 19:30 | 80, 19:45 | 81, 20:00 | 82, 20:15 | 83, 20:30 | 84, 20:45 | 85, 21:00 | 86, 21:15 | 87, 21:30 | 88, 21:45 | 89, 22:00 | 90, 22:15 | 91, 22:30 | 92, 22:45 | 93, 23:00 | 94, 23:15 | 95, 23:30 | 96, 23:45"
"312","awb4_3_times5_a5","1, 00:00|2, 00:15|3, 00:30|4, 00:45|5, 01:00|6, 01:15|7, 01:30|8, 01:45|9, 02:00|10, 02:15|11, 02:30|12, 02:45|13, 03:00|14, 03:15|15, 03:30|16, 03:45|17, 04:00|18, 04:15|19, 04:30|20, 04:45|21, 05:00|22, 05:15|23, 05:30|24, 05:45|25, 06:00|26, 06:15|27, 06:30|28, 06:45|29, 07:00|30, 07:15|31, 07:30|32, 07:45|33, 08:00|34, 08:15|35, 08:30|36, 08:45|37, 09:00|38, 09:15|39, 09:30|40, 09:45|41, 10:00|42, 10:15|43, 10:30|44, 10:45|45, 11:00|46, 11:15|47, 11:30|48, 11:45|49, 12:00|50, 12:15|51, 12:30|52, 12:45|53, 13:00|54, 13:15|55, 13:30|56, 13:45|57, 14:00|58, 14:15|59, 14:30|60, 14:45|61, 15:00|62, 15:15|63, 15:30|64, 15:45|65, 16:00|66, 16:15|67, 16:30|68, 16:45|69, 17:00|70, 17:15|71, 17:30|72, 17:45|73, 18:00|74, 18:15|75, 18:30|76, 18:45|77, 19:00|78, 19:15|79, 19:30|80, 19:45|81, 20:00|82, 20:15|83, 20:30|84, 20:45|85, 21:00|86, 21:15|87, 21:30|88, 21:45|89, 22:00|90, 22:15|91, 22:30|92, 22:45|93, 23:00|94, 23:15|95, 23:30|96, 23:45","1, 00:00 | 2, 00:15 | 3, 00:30 | 4, 00:45 | 5, 01:00 | 6, 01:15 | 7, 01:30 | 8, 01:45 | 9, 02:00 | 10, 02:15 | 11, 02:30 | 12, 02:45 | 13, 03:00 | 14, 03:15 | 15, 03:30 | 16, 03:45 | 17, 04:00 | 18, 04:15 | 19, 04:30 | 20, 04:45 | 21, 05:00 | 22, 05:15 | 23, 05:30 | 24, 05:45 | 25, 06:00 | 26, 06:15 | 27, 06:30 | 28, 06:45 | 29, 07:00 | 30, 07:15 | 31, 07:30 | 32, 07:45 | 33, 08:00 | 34, 08:15 | 35, 08:30 | 36, 08:45 | 37, 09:00 | 38, 09:15 | 39, 09:30 | 40, 09:45 | 41, 10:00 | 42, 10:15 | 43, 10:30 | 44, 10:45 | 45, 11:00 | 46, 11:15 | 47, 11:30 | 48, 11:45 | 49, 12:00 | 50, 12:15 | 51, 12:30 | 52, 12:45 | 53, 13:00 | 54, 13:15 | 55, 13:30 | 56, 13:45 | 57, 14:00 | 58, 14:15 | 59, 14:30 | 60, 14:45 | 61, 15:00 | 62, 15:15 | 63, 15:30 | 64, 15:45 | 65, 16:00 | 66, 16:15 | 67, 16:30 | 68, 16:45 | 69, 17:00 | 70, 17:15 | 71, 17:30 | 72, 17:45 | 73, 18:00 | 74, 18:15 | 75, 18:30 | 76, 18:45 | 77, 19:00 | 78, 19:15 | 79, 19:30 | 80, 19:45 | 81, 20:00 | 82, 20:15 | 83, 20:30 | 84, 20:45 | 85, 21:00 | 86, 21:15 | 87, 21:30 | 88, 21:45 | 89, 22:00 | 90, 22:15 | 91, 22:30 | 92, 22:45 | 93, 23:00 | 94, 23:15 | 95, 23:30 | 96, 23:45"
"313","awb4_3_sleep_well_nght_a5","1, No|2, Sometimes|3, Yes, always","1, No | 2, Sometimes | 3, Yes, always"
"314","awb4_3_sleep_drngday_a5","1, Rarely|2, Sometimes|3, Often","1, Rarely | 2, Sometimes | 3, Often"
"315","awb7_1_like","1, All of the time|2, Most of the time|3, Some of the time|4, Almost never|5, Never","1, All of the time | 2, Most of the time | 3, Some of the time | 4, Almost never | 5, Never"
"316","awb7_1_trust","1, Strongly agree|2, Agree|3, Neither agree nor disagree|4, Disagree|5, Strongly disagree","1, Strongly agree | 2, Agree | 3, Neither agree nor disagree | 4, Disagree | 5, Strongly disagree"
"317","awb7_1_bullying_1","1, It doesn't happen|2, It happens and teachers are really good at resolving it|3, It happens and teachers are good at resolving it|4, It happens and teachers are not good at resolving it|5, It happens and teachers do nothing about it","1, It doesn't happen | 2, It happens and teachers are really good at resolving it | 3, It happens and teachers are good at resolving it | 4, It happens and teachers are not good at resolving it | 5, It happens and teachers do nothing about it"
"318","awb7_1_safe_r8","1, All of the time|2, Most of the time|3, Some of the time|4, Almost never|5, Never","1, All of the time | 2, Most of the time | 3, Some of the time | 4, Almost never | 5, Never"
"319","awb7_2_grades_a5","1, Strongly agree|2, Agree|3, Neither agree nor disagree|4, Disagree|5, Strongly disagree","1, Strongly agree | 2, Agree | 3, Neither agree nor disagree | 4, Disagree | 5, Strongly disagree"
"320","awb7_2_fam_diss_a5","1, Strongly agree|2, Agree|3, Neither agree nor disagree|4, Disagree|5, Strongly disagree","1, Strongly agree | 2, Agree | 3, Neither agree nor disagree | 4, Disagree | 5, Strongly disagree"
"321","awb7_2_prnt_preshr_a5","1, Strongly agree|2, Agree|3, Neither agree nor disagree|4, Disagree|5, Strongly disagree","1, Strongly agree | 2, Agree | 3, Neither agree nor disagree | 4, Disagree | 5, Strongly disagree"
"322","awb7_2_progrssng_a5","1, Strongly agree|2, Agree|3, Neither agree nor disagree|4, Disagree|5, Strongly disagree","1, Strongly agree | 2, Agree | 3, Neither agree nor disagree | 4, Disagree | 5, Strongly disagree"
"323","awb7_2_dnt_do_well_a5","1, Strongly agree|2, Agree|3, Neither agree nor disagree|4, Disagree|5, Strongly disagree","1, Strongly agree | 2, Agree | 3, Neither agree nor disagree | 4, Disagree | 5, Strongly disagree"
"324","awb7_2_acad_strss_r8","1, Strongly agree|2, Agree|3, Neither agree nor disagree|4, Disagree|5, Strongly disagree","1, Strongly agree | 2, Agree | 3, Neither agree nor disagree | 4, Disagree | 5, Strongly disagree"
"325","awb7_2_test_wrries_a5","1, Strongly agree|2, Agree|3, Neither agree nor disagree|4, Disagree|5, Strongly disagree","1, Strongly agree | 2, Agree | 3, Neither agree nor disagree | 4, Disagree | 5, Strongly disagree"
"326","awb2_7_friends_physcl_r10","0, None|1, Not many|2, Some|3, Lots","0, None | 1, Not many | 2, Some | 3, Lots"
"327","awb2_7_friends_onln_r10","0, None|1, Not many|2, Some|3, Lots","0, None | 1, Not many | 2, Some | 3, Lots"
"328","awb8_1_morality_1_r10","0, None of them|1, Some of them|2, Most of them|3, All of them","0, None of them | 1, Some of them | 2, Most of them | 3, All of them"
"329","awb8_1_morality_2_r10","0, None of them|1, Some of them|2, Most of them|3, All of them","0, None of them | 1, Some of them | 2, Most of them | 3, All of them"
"330","awb8_1_morality_3_r10","0, None of them|1, Some of them|2, Most of them|3, All of them","0, None of them | 1, Some of them | 2, Most of them | 3, All of them"
"331","awb8_1_morality_4_r10","0, None of them|1, Some of them|2, Most of them|3, All of them","0, None of them | 1, Some of them | 2, Most of them | 3, All of them"
"332","awb8_3_bully","1, I have not bullied another person(s) in the past couple of months|2, It has happened once or twice|3, 2 or 3 times a month|4, About once a week|5, Several times a week (3-5 times)|6, Every day","1, I have not bullied another person(s) in the past couple of months | 2, It has happened once or twice | 3, 2 or 3 times a month | 4, About once a week | 5, Several times a week (3-5 times) | 6, Every day"
"333","awb8_2_bullied","1, I have not been bullied at school in the past couple of months|2, It has happened once or twice|3, 2 or 3 times a month|4, About once a week|5, Several times a week (3-5 times)|6, Every day","1, I have not been bullied at school in the past couple of months | 2, It has happened once or twice | 3, 2 or 3 times a month | 4, About once a week | 5, Several times a week (3-5 times) | 6, Every day"
"334","awb8_2_bully_onlne","1, I have not bullied another person online in the past couple of months|2, It has happened once or twice|3, 2 or 3 times a month|4, About once a week|5, Several times a week (3-5 times)|6, Every day","1, I have not bullied another person online in the past couple of months | 2, It has happened once or twice | 3, 2 or 3 times a month | 4, About once a week | 5, Several times a week (3-5 times) | 6, Every day"
"335","awb8_2_bullied_onlne","1, I have not been bullied online in the past couple of months|2, It has happened once or twice|3, 2 or 3 times a month|4, About once a week|5, Several times a week (3-5 times)|6, Every day","1, I have not been bullied online in the past couple of months | 2, It has happened once or twice | 3, 2 or 3 times a month | 4, About once a week | 5, Several times a week (3-5 times) | 6, Every day"
"336","awb8_2_club_1","1, Yes|0, No","1, Yes | 0, No"
"337","awb8_2_club_rsn_1","1, Ethnicity|2, Sex/gender identity|3, Disability|4, Religion|5, Class|6, Neurodiversity (e.g. conditions such as Autism, Asperger's, Dyslexia)|7, Sexuality|8, Other*","1, Ethnicity | 2, Sex/gender identity | 3, Disability | 4, Religion | 5, Class | 6, Neurodiversity (e.g. conditions such as Autism, Asperger's, Dyslexia) | 7, Sexuality | 8, Other*"
"338","awb8_2_excl_2","1, Yes|0, No","1, Yes | 0, No"
"339","awb8_2_excl_rsn_1","1, Ethnicity|2, Sex/gender identity|3, Disability|4, Religion|5, Class|6, Neurodiversity (e.g. conditions such as Autism, Asperger's, Dyslexia)|7, Sexuality|8, Other*","1, Ethnicity | 2, Sex/gender identity | 3, Disability | 4, Religion | 5, Class | 6, Neurodiversity (e.g. conditions such as Autism, Asperger's, Dyslexia) | 7, Sexuality | 8, Other*"
"340","awb8_2_age_3","1, Yes|0, No","1, Yes | 0, No"
"341","awb8_2_age_rsn_1","1, Ethnicity|2, Sex/gender identity|3, Disability|4, Religion|5, Class|6, Neurodiversity (e.g. conditions such as Autism, Asperger's, Dyslexia)|7, Sexuality|8, Other*","1, Ethnicity | 2, Sex/gender identity | 3, Disability | 4, Religion | 5, Class | 6, Neurodiversity (e.g. conditions such as Autism, Asperger's, Dyslexia) | 7, Sexuality | 8, Other*"
"342","awb8_2_lang_4","1, Yes|0, No","1, Yes | 0, No"
"343","awb8_2_lang_rsn_1","1, Ethnicity|2, Sex/gender identity|3, Disability|4, Religion|5, Class|6, Neurodiversity (e.g. conditions such as Autism, Asperger's, Dyslexia)|7, Sexuality|8, Other*","1, Ethnicity | 2, Sex/gender identity | 3, Disability | 4, Religion | 5, Class | 6, Neurodiversity (e.g. conditions such as Autism, Asperger's, Dyslexia) | 7, Sexuality | 8, Other*"
"344","awb8_2_police_5","1, Yes|0, No","1, Yes | 0, No"
"345","awb8_2_police_rsn_1","1, Ethnicity|2, Sex/gender identity|3, Disability|4, Religion|5, Class|6, Neurodiversity (e.g. conditions such as Autism, Asperger's, Dyslexia)|7, Sexuality|8, Other*","1, Ethnicity | 2, Sex/gender identity | 3, Disability | 4, Religion | 5, Class | 6, Neurodiversity (e.g. conditions such as Autism, Asperger's, Dyslexia) | 7, Sexuality | 8, Other*"
"346","awb8_2_shop_6","1, Yes|0, No","1, Yes | 0, No"
"347","awb8_2_shop_rsn_1","1, Ethnicity|2, Sex/gender identity|3, Disability|4, Religion|5, Class|6, Neurodiversity (e.g. conditions such as Autism, Asperger's, Dyslexia)|7, Sexuality|8, Other*","1, Ethnicity | 2, Sex/gender identity | 3, Disability | 4, Religion | 5, Class | 6, Neurodiversity (e.g. conditions such as Autism, Asperger's, Dyslexia) | 7, Sexuality | 8, Other*"
"348","awb8_2_names_7","1, Yes|0, No","1, Yes | 0, No"
"349","awb8_2_names_rsn_1","1, Ethnicity|2, Sex/gender identity|3, Disability|4, Religion|5, Class|6, Neurodiversity (e.g. conditions such as Autism, Asperger's, Dyslexia)|7, Sexuality|8, Other*","1, Ethnicity | 2, Sex/gender identity | 3, Disability | 4, Religion | 5, Class | 6, Neurodiversity (e.g. conditions such as Autism, Asperger's, Dyslexia) | 7, Sexuality | 8, Other*"
"350","awb8_2_service_8","1, Yes|0, No","1, Yes | 0, No"
"351","awb8_2_service_rsn_1","1, Ethnicity|2, Sex/gender identity|3, Disability|4, Religion|5, Class|6, Neurodiversity (e.g. conditions such as Autism, Asperger's, Dyslexia)|7, Sexuality|8, Other*","1, Ethnicity | 2, Sex/gender identity | 3, Disability | 4, Religion | 5, Class | 6, Neurodiversity (e.g. conditions such as Autism, Asperger's, Dyslexia) | 7, Sexuality | 8, Other*"
"352","awb8_2_int_9","1, Yes|0, No","1, Yes | 0, No"
"353","awb8_2_int_rsn_1","1, Ethnicity|2, Sex/gender identity|3, Disability|4, Religion|5, Class|6, Neurodiversity (e.g. conditions such as Autism, Asperger's, Dyslexia)|7, Sexuality|8, Other*","1, Ethnicity | 2, Sex/gender identity | 3, Disability | 4, Religion | 5, Class | 6, Neurodiversity (e.g. conditions such as Autism, Asperger's, Dyslexia) | 7, Sexuality | 8, Other*"
"354","awb8_2_afraid_10","1, Yes|0, No","1, Yes | 0, No"
"355","awb8_2_afraid_rsn_1","1, Ethnicity|2, Sex/gender identity|3, Disability|4, Religion|5, Class|6, Neurodiversity (e.g. conditions such as Autism, Asperger's, Dyslexia)|7, Sexuality|8, Other*","1, Ethnicity | 2, Sex/gender identity | 3, Disability | 4, Religion | 5, Class | 6, Neurodiversity (e.g. conditions such as Autism, Asperger's, Dyslexia) | 7, Sexuality | 8, Other*"
"356","awb8_2_threat_11","1, Yes|0, No","1, Yes | 0, No"
"357","awb8_2_threat_rsn_1","1, Ethnicity|2, Sex/gender identity|3, Disability|4, Religion|5, Class|6, Neurodiversity (e.g. conditions such as Autism, Asperger's, Dyslexia)|7, Sexuality|8, Other*","1, Ethnicity | 2, Sex/gender identity | 3, Disability | 4, Religion | 5, Class | 6, Neurodiversity (e.g. conditions such as Autism, Asperger's, Dyslexia) | 7, Sexuality | 8, Other*"
"358","awb6_1_social_media_r10","1, Facebook|2, Instagram|3, X (formerly Twitter)|4, TikTok|5, Snapchat|11, Other","1, Facebook | 2, Instagram | 3, X (formerly Twitter) | 4, TikTok | 5, Snapchat | 11, Other"
"359","awb6_1_time_weekday","1, None|2, 0h 15m|3, 0h 30m|4, 0h 45m|5, 1h 00m|6, 1h 15m|7, 1h 30m|8, 1h 45m|9, 2h 00m|10, 2h 15m|11, 2h 30m|12, 2h 45m|13, 3h 00m|14, 3h 15m|15, 3h 30m|16, 3h 45m|17, 4h 00m|18, 4h 15m|19, 4h 30m|20, 4h 45m|21, 5h 00m|22, 5h 15m|23, 5h 30m|24, 5h 45m|25, 6h 00m|26, 6h 15m|27, 6h 30m|28, 6h 45m|29, 7h 00m|30, 7h 15m|31, 7h 30m|32, 7h 45m|33, 8h 00m|34, 8h 15m|35, 8h 30m|36, 8h 45m|37, 9h 00m|38, 9h 15m|39, 9h 30m|40, 9h 45m|41, 10h 00m|42, 10h 15m|43, 10h 30m|44, 10h 45m|45, 11h 00m|46, 11h 15m|47, 11h 30m|48, 11h 45m|49, 12h 00m|50, More than 12 hours","1, None | 2, 0h 15m | 3, 0h 30m | 4, 0h 45m | 5, 1h 00m | 6, 1h 15m | 7, 1h 30m | 8, 1h 45m | 9, 2h 00m | 10, 2h 15m | 11, 2h 30m | 12, 2h 45m | 13, 3h 00m | 14, 3h 15m | 15, 3h 30m | 16, 3h 45m | 17, 4h 00m | 18, 4h 15m | 19, 4h 30m | 20, 4h 45m | 21, 5h 00m | 22, 5h 15m | 23, 5h 30m | 24, 5h 45m | 25, 6h 00m | 26, 6h 15m | 27, 6h 30m | 28, 6h 45m | 29, 7h 00m | 30, 7h 15m | 31, 7h 30m | 32, 7h 45m | 33, 8h 00m | 34, 8h 15m | 35, 8h 30m | 36, 8h 45m | 37, 9h 00m | 38, 9h 15m | 39, 9h 30m | 40, 9h 45m | 41, 10h 00m | 42, 10h 15m | 43, 10h 30m | 44, 10h 45m | 45, 11h 00m | 46, 11h 15m | 47, 11h 30m | 48, 11h 45m | 49, 12h 00m | 50, More than 12 hours"
"360","awb6_1_time_weekend","1, None|2, 0h 15m|3, 0h 30m|4, 0h 45m|5, 1h 00m|6, 1h 15m|7, 1h 30m|8, 1h 45m|9, 2h 00m|10, 2h 15m|11, 2h 30m|12, 2h 45m|13, 3h 00m|14, 3h 15m|15, 3h 30m|16, 3h 45m|17, 4h 00m|18, 4h 15m|19, 4h 30m|20, 4h 45m|21, 5h 00m|22, 5h 15m|23, 5h 30m|24, 5h 45m|25, 6h 00m|26, 6h 15m|27, 6h 30m|28, 6h 45m|29, 7h 00m|30, 7h 15m|31, 7h 30m|32, 7h 45m|33, 8h 00m|34, 8h 15m|35, 8h 30m|36, 8h 45m|37, 9h 00m|38, 9h 15m|39, 9h 30m|40, 9h 45m|41, 10h 00m|42, 10h 15m|43, 10h 30m|44, 10h 45m|45, 11h 00m|46, 11h 15m|47, 11h 30m|48, 11h 45m|49, 12h 00m|50, More than 12 hours","1, None | 2, 0h 15m | 3, 0h 30m | 4, 0h 45m | 5, 1h 00m | 6, 1h 15m | 7, 1h 30m | 8, 1h 45m | 9, 2h 00m | 10, 2h 15m | 11, 2h 30m | 12, 2h 45m | 13, 3h 00m | 14, 3h 15m | 15, 3h 30m | 16, 3h 45m | 17, 4h 00m | 18, 4h 15m | 19, 4h 30m | 20, 4h 45m | 21, 5h 00m | 22, 5h 15m | 23, 5h 30m | 24, 5h 45m | 25, 6h 00m | 26, 6h 15m | 27, 6h 30m | 28, 6h 45m | 29, 7h 00m | 30, 7h 15m | 31, 7h 30m | 32, 7h 45m | 33, 8h 00m | 34, 8h 15m | 35, 8h 30m | 36, 8h 45m | 37, 9h 00m | 38, 9h 15m | 39, 9h 30m | 40, 9h 45m | 41, 10h 00m | 42, 10h 15m | 43, 10h 30m | 44, 10h 45m | 45, 11h 00m | 46, 11h 15m | 47, 11h 30m | 48, 11h 45m | 49, 12h 00m | 50, More than 12 hours"
"361","awb6_1_positive_exp","1, Connecting with friends|2, Viewing enjoyable content|3, Learning new things|4, Accessing support|5, Engaging positively with current issues|6, Other","1, Connecting with friends | 2, Viewing enjoyable content | 3, Learning new things | 4, Accessing support | 5, Engaging positively with current issues | 6, Other"
"362","awb6_1_negative_exp_r5","1, People saying or writing unpleasant things about you (with words, picture or videos)|2, People bullying you|3, Pictures, videos or games with violence you found upsetting|4, Sexually explicit images, videos or games|5, Posting or sending something online you now wish you hadn't (text, images, videos)|6, I haven't experienced any of these|7, Other*","1, People saying or writing unpleasant things about you (with words, picture or videos) | 2, People bullying you | 3, Pictures, videos or games with violence you found upsetting | 4, Sexually explicit images, videos or games | 5, Posting or sending something online you now wish you hadn't (text, images, videos) | 6, I haven't experienced any of these | 7, Other*"
"363","awb6_1_pos_neg","1, All positive|2, Mostly positive|3, An even mix of positive and negative|4, Mostly negative|5, All negative","1, All positive | 2, Mostly positive | 3, An even mix of positive and negative | 4, Mostly negative | 5, All negative"
"364","socmed_most_used_a20","1, Facebook|2, Instagram|3, X (formerly Twitter)|4, TikTok|5, Snapchat|11, Other","1, Facebook | 2, Instagram | 3, X (formerly Twitter) | 4, TikTok | 5, Snapchat | 11, Other"
"365","socmed_acc_priv_a20","1, Public|2, Private|3, I don't know","1, Public | 2, Private | 3, I don't know"
"366","socmed_own_phone_sleep_a20","1, Turn the phone off|2, Put the ringer on silent or vibrate|3, Leave the ringer on|4, Put it outside of the room where I sleep","1, Turn the phone off | 2, Put the ringer on silent or vibrate | 3, Leave the ringer on | 4, Put it outside of the room where I sleep"
"367","socmed_time_away_a20","1, Strongly Agree|2, Agree|3, Neutral|4, Disagree|5, Strongly Disagree","1, Strongly Agree | 2, Agree | 3, Neutral | 4, Disagree | 5, Strongly Disagree"
"368","socmed_time_wkdy_a20","1, Less than 30 minutes|2, More than 30 minutes but less than an hour|3, 1-2 hours|4, 2-3 hours|5, 3-4 hours|6, 4-5 hours|7, 5-6 hours|8, 6-7 hours|9, More than 7 hours","1, Less than 30 minutes | 2, More than 30 minutes but less than an hour | 3, 1-2 hours | 4, 2-3 hours | 5, 3-4 hours | 6, 4-5 hours | 7, 5-6 hours | 8, 6-7 hours | 9, More than 7 hours"
"369","socmed_time_wknd_a20","1, Less than 30 minutes|2, More than 30 minutes but less than an hour|3, 1-2 hours|4, 2-3 hours|5, 3-4 hours|6, 4-5 hours|7, 5-6 hours|8, 6-7 hours|9, More than 7 hours","1, Less than 30 minutes | 2, More than 30 minutes but less than an hour | 3, 1-2 hours | 4, 2-3 hours | 5, 3-4 hours | 6, 4-5 hours | 7, 5-6 hours | 8, 6-7 hours | 9, More than 7 hours"
"370","socmed_phone_use_1_a20","1, Disagree a lot|2, Disagree a little|3, Neither agree nor disagree|4, Agree a little|5, Agree a lot|6, Don't know","1, Disagree a lot | 2, Disagree a little | 3, Neither agree nor disagree | 4, Agree a little | 5, Agree a lot | 6, Don't know"
"371","socmed_phone_use_2_a20","1, Disagree a lot|2, Disagree a little|3, Neither agree nor disagree|4, Agree a little|5, Agree a lot|6, Don't know","1, Disagree a lot | 2, Disagree a little | 3, Neither agree nor disagree | 4, Agree a little | 5, Agree a lot | 6, Don't know"
"372","socmed_phone_use_3_a20","1, Disagree a lot|2, Disagree a little|3, Neither agree nor disagree|4, Agree a little|5, Agree a lot|6, Don't know","1, Disagree a lot | 2, Disagree a little | 3, Neither agree nor disagree | 4, Agree a little | 5, Agree a lot | 6, Don't know"
"373","socmed_phone_use_4_a20","1, Disagree a lot|2, Disagree a little|3, Neither agree nor disagree|4, Agree a little|5, Agree a lot|6, Don't know","1, Disagree a lot | 2, Disagree a little | 3, Neither agree nor disagree | 4, Agree a little | 5, Agree a lot | 6, Don't know"
"374","socmed_phone_use_5_a20","1, Disagree a lot|2, Disagree a little|3, Neither agree nor disagree|4, Agree a little|5, Agree a lot|6, Don't know","1, Disagree a lot | 2, Disagree a little | 3, Neither agree nor disagree | 4, Agree a little | 5, Agree a lot | 6, Don't know"
"375","socmed_phone_use_6_a20","1, Disagree a lot|2, Disagree a little|3, Neither agree nor disagree|4, Agree a little|5, Agree a lot|6, Don't know","1, Disagree a lot | 2, Disagree a little | 3, Neither agree nor disagree | 4, Agree a little | 5, Agree a lot | 6, Don't know"
"376","socmed_phone_use_7_a20","1, Disagree a lot|2, Disagree a little|3, Neither agree nor disagree|4, Agree a little|5, Agree a lot|6, Don't know","1, Disagree a lot | 2, Disagree a little | 3, Neither agree nor disagree | 4, Agree a little | 5, Agree a lot | 6, Don't know"
"377","socmed_phone_use_8_a20","1, Disagree a lot|2, Disagree a little|3, Neither agree nor disagree|4, Agree a little|5, Agree a lot|6, Don't know","1, Disagree a lot | 2, Disagree a little | 3, Neither agree nor disagree | 4, Agree a little | 5, Agree a lot | 6, Don't know"
"378","socmed_phone_use_9_a20","1, Disagree a lot|2, Disagree a little|3, Neither agree nor disagree|4, Agree a little|5, Agree a lot|6, Don't know","1, Disagree a lot | 2, Disagree a little | 3, Neither agree nor disagree | 4, Agree a little | 5, Agree a lot | 6, Don't know"
"379","socmed_phone_use_10_a20","1, Disagree a lot|2, Disagree a little|3, Neither agree nor disagree|4, Agree a little|5, Agree a lot|6, Don't know","1, Disagree a lot | 2, Disagree a little | 3, Neither agree nor disagree | 4, Agree a little | 5, Agree a lot | 6, Don't know"
"380","socmed_phone_use_11_a20","1, Disagree a lot|2, Disagree a little|3, Neither agree nor disagree|4, Agree a little|5, Agree a lot|6, Don't know","1, Disagree a lot | 2, Disagree a little | 3, Neither agree nor disagree | 4, Agree a little | 5, Agree a lot | 6, Don't know"
"381","socmed_phone_use_12_a20","1, Disagree a lot|2, Disagree a little|3, Neither agree nor disagree|4, Agree a little|5, Agree a lot|6, Don't know","1, Disagree a lot | 2, Disagree a little | 3, Neither agree nor disagree | 4, Agree a little | 5, Agree a lot | 6, Don't know"
"382","socmed_phone_use_13_a20","1, Disagree a lot|2, Disagree a little|3, Neither agree nor disagree|4, Agree a little|5, Agree a lot|6, Don't know","1, Disagree a lot | 2, Disagree a little | 3, Neither agree nor disagree | 4, Agree a little | 5, Agree a lot | 6, Don't know"
"383","socmed_phone_use_14_a20","1, Disagree a lot|2, Disagree a little|3, Neither agree nor disagree|4, Agree a little|5, Agree a lot|6, Don't know","1, Disagree a lot | 2, Disagree a little | 3, Neither agree nor disagree | 4, Agree a little | 5, Agree a lot | 6, Don't know"
"384","socmed_phone_use_15_a20","1, Disagree a lot|2, Disagree a little|3, Neither agree nor disagree|4, Agree a little|5, Agree a lot|6, Don't know","1, Disagree a lot | 2, Disagree a little | 3, Neither agree nor disagree | 4, Agree a little | 5, Agree a lot | 6, Don't know"
"385","mh_kooth_years_a20","1, Sep 2020 - July 2021|2, Sep 2021 - July 2022|3, Sep 2022 - July 2023|4, Sep 2023 - July 2024|5, Sep 2024 - July 2025","1, Sep 2020 - July 2021 | 2, Sep 2021 - July 2022 | 3, Sep 2022 - July 2023 | 4, Sep 2023 - July 2024 | 5, Sep 2024 - July 2025 | 6, Sep 2025 - July 2026"
"386","mh_kooth_years_r30","1, Sep 2020 - July 2021|2, Sep 2021 - July 2022|3, Sep 2022 - July 2023|4, Sep 2023 - July 2024|5, Sep 2024 - July 2025|6, Sep 2025 - July 2026","1, Sep 2020 - July 2021 | 2, Sep 2021 - July 2022 | 3, Sep 2022 - July 2023 | 4, Sep 2023 - July 2024 | 5, Sep 2024 - July 2025 | 6, Sep 2025 - July 2026"
"387","socmed_ai_1_a20","1, Daily|2, Once or twice per week|3, Once or twice per month|4, Once or twice per year|5, Never","1, Daily | 2, Once or twice per week | 3, Once or twice per month | 4, Once or twice per year | 5, Never"
"388","socmed_ai_2_a20","1, Daily|2, Once or twice per week|3, Once or twice per month|4, Once or twice per year|5, Never","1, Daily | 2, Once or twice per week | 3, Once or twice per month | 4, Once or twice per year | 5, Never"
"389","socmed_ai_3_a20","1, Daily|2, Once or twice per week|3, Once or twice per month|4, Once or twice per year|5, Never","1, Daily | 2, Once or twice per week | 3, Once or twice per month | 4, Once or twice per year | 5, Never"
"390","socmed_ai_4_a20","1, Daily|2, Once or twice per week|3, Once or twice per month|4, Once or twice per year|5, Never","1, Daily | 2, Once or twice per week | 3, Once or twice per month | 4, Once or twice per year | 5, Never"
"391","socmed_ai_5_a20","1, Daily|2, Once or twice per week|3, Once or twice per month|4, Once or twice per year|5, Never","1, Daily | 2, Once or twice per week | 3, Once or twice per month | 4, Once or twice per year | 5, Never"
"392","socmed_ai_6_a20","1, Daily|2, Once or twice per week|3, Once or twice per month|4, Once or twice per year|5, Never","1, Daily | 2, Once or twice per week | 3, Once or twice per month | 4, Once or twice per year | 5, Never"
"393","socmed_ai_7_a20","1, Daily|2, Once or twice per week|3, Once or twice per month|4, Once or twice per year|5, Never","1, Daily | 2, Once or twice per week | 3, Once or twice per month | 4, Once or twice per year | 5, Never"
"394","socmed_ai_8_a20","1, Daily|2, Once or twice per week|3, Once or twice per month|4, Once or twice per year|5, Never","1, Daily | 2, Once or twice per week | 3, Once or twice per month | 4, Once or twice per year | 5, Never"
"395","socmed_ai_trust_a20","1, Entirely|2, Somewhat|3, Undecided|4, Not really|5, Not at all","1, Entirely | 2, Somewhat | 3, Undecided | 4, Not really | 5, Not at all"
"396","socmed_ai_verify_a20","1, Almost always|2, Sometimes|3, Every once in a while|4, Rarely|5, Never","1, Almost always | 2, Sometimes | 3, Every once in a while | 4, Rarely | 5, Never"
"397","socmed_ai_useful_1_a20","0, 0 - Very much|1, 1|2, 2|3, 3|4, 4|5, 5 - Not at all","0, 0 - Very much | 1, 1 | 2, 2 | 3, 3 | 4, 4 | 5, 5 - Not at all"
"398","socmed_ai_useful_2_a20","0, 0 - Very much|1, 1|2, 2|3, 3|4, 4|5, 5 - Not at all","0, 0 - Very much | 1, 1 | 2, 2 | 3, 3 | 4, 4 | 5, 5 - Not at all"
"399","socmed_ai_useful_3_a20","0, 0 - Very much|1, 1|2, 2|3, 3|4, 4|5, 5 - Not at all","0, 0 - Very much | 1, 1 | 2, 2 | 3, 3 | 4, 4 | 5, 5 - Not at all"
"400","socmed_ai_useful_4_a20","0, 0 - Very much|1, 1|2, 2|3, 3|4, 4|5, 5 - Not at all","0, 0 - Very much | 1, 1 | 2, 2 | 3, 3 | 4, 4 | 5, 5 - Not at all"
"401","socmed_ban_a30","0, No, never|1, Yes, once|2, Yes, more than once","0, No, never | 1, Yes, once | 2, Yes, more than once"
"402","socmed_harm_1_a30","0, Never|1, Less than once a week|2, 1-3 days a week|3, 4-6 days a week|4, Everyday or almost every day","0, Never | 1, Less than once a week | 2, 1-3 days a week | 3, 4-6 days a week | 4, Everyday or almost everyday"
"403","socmed_harm_2_a30","0, Never|1, Less than once a week|2, 1-3 days a week|3, 4-6 days a week|4, Everyday or almost every day","0, Never | 1, Less than once a week | 2, 1-3 days a week | 3, 4-6 days a week | 4, Everyday or almost everyday"
"404","socmed_harm_3_a30","0, Never|1, Less than once a week|2, 1-3 days a week|3, 4-6 days a week|4, Everyday or almost every day","0, Never | 1, Less than once a week | 2, 1-3 days a week | 3, 4-6 days a week | 4, Everyday or almost everyday"
"405","awb6_6_int_hme_gd","1, Very bad|2, Bad|3, Okay|4, Good|5, Very good","1, Very bad | 2, Bad | 3, Okay | 4, Good | 5, Very good"
