"","LSOA21CD","IMD_2025_decile","IMD_2025_score"
"1","E01000001",8,8.742
"2","E01000002",10,4.722
"3","E01000003",8,9.25
"4","E01000005",5,19.884
"5","E01000006",4,25.307
"6","E01000007",2,37.217
"7","E01000008",2,40.726
"8","E01000009",2,39.153
"9","E01000011",2,36.767
"10","E01000012",2,37.53
"11","E01000013",3,31.914
"12","E01000014",3,28.117
"13","E01000015",3,30.328
"14","E01000016",4,26.475
"15","E01000017",3,31.808
"16","E01000018",3,29.964
"17","E01000019",3,30.661
"18","E01000020",3,30.021
"19","E01000021",2,37.877
"20","E01000022",3,30.488
"21","E01000024",3,29.683
"22","E01000025",3,29.84
"23","E01000027",3,33.245
"24","E01000028",2,35.4
"25","E01000029",5,19.077
"26","E01000030",2,34.554
"27","E01000031",5,21.003
"28","E01000032",3,26.712
"29","E01000033",2,33.537
"30","E01000034",3,28.583
"31","E01000035",3,29.504
"32","E01000036",4,25.385
"33","E01000037",5,17.76
"34","E01000038",5,17.612
"35","E01000039",6,17.12
"36","E01000040",2,37.802
"37","E01000041",4,26.175
"38","E01000042",2,39.355
"39","E01000043",3,27.454
"40","E01000044",3,31.558
"41","E01000045",2,34.446
"42","E01000046",3,27.678
"43","E01000049",2,36.991
"44","E01000050",3,30.806
"45","E01000051",3,31.542
"46","E01000052",2,34.895
"47","E01000053",3,33.471
"48","E01000054",3,28.481
"49","E01000055",3,28.667
"50","E01000056",2,39.902
"51","E01000057",3,28.873
"52","E01000058",3,29.526
"53","E01000059",3,27.068
"54","E01000060",3,32.786
"55","E01000061",1,55.406
"56","E01000062",4,26.18
"57","E01000063",4,25.377
"58","E01000064",3,31.351
"59","E01000065",2,35.962
"60","E01000066",5,21.257
"61","E01000067",4,24.431
"62","E01000068",4,23.118
"63","E01000069",6,15.416
"64","E01000070",4,22.241
"65","E01000071",4,21.718
"66","E01000072",2,36.794
"67","E01000073",3,30.53
"68","E01000074",3,29.284
"69","E01000075",4,26.014
"70","E01000076",3,29.935
"71","E01000077",2,33.764
"72","E01000078",3,32.5
"73","E01000079",3,27.809
"74","E01000080",3,27.365
"75","E01000081",4,24.864
"76","E01000082",3,29.663
"77","E01000083",3,33.329
"78","E01000084",2,33.774
"79","E01000085",2,36.282
"80","E01000086",3,33.161
"81","E01000087",3,32.659
"82","E01000088",3,27.226
"83","E01000089",3,30.349
"84","E01000090",3,28.866
"85","E01000091",2,39.772
"86","E01000093",2,42.301
"87","E01000094",4,23.658
"88","E01000095",3,33.176
"89","E01000096",2,33.845
"90","E01000097",3,31.971
"91","E01000098",2,36.217
"92","E01000099",4,23.773
"93","E01000100",3,26.926
"94","E01000101",2,33.901
"95","E01000102",3,33.452
"96","E01000103",4,26.062
"97","E01000104",2,34.071
"98","E01000105",2,40.539
"99","E01000106",2,44.075
"100","E01000107",4,22.908
"101","E01000108",3,27.991
"102","E01000110",5,18.236
"103","E01000111",3,27.63
"104","E01000112",4,25.208
"105","E01000113",3,29
"106","E01000114",3,27.162
"107","E01000115",10,5.318
"108","E01000116",8,9.499
"109","E01000117",8,9.751
"110","E01000118",7,11.25
"111","E01000119",9,8.049
"112","E01000120",9,5.985
"113","E01000121",3,30.044
"114","E01000122",8,8.957
"115","E01000123",6,15.388
"116","E01000124",4,23.855
"117","E01000126",2,35.216
"118","E01000127",3,30.453
"119","E01000128",3,28.639
"120","E01000129",2,43.653
"121","E01000130",3,27.891
"122","E01000131",4,23.659
"123","E01000132",3,30.633
"124","E01000133",3,30.983
"125","E01000134",3,26.681
"126","E01000135",7,11.517
"127","E01000136",8,9.546
"128","E01000137",3,30.731
"129","E01000138",3,30.386
"130","E01000139",6,17.015
"131","E01000140",6,16.978
"132","E01000141",2,41.647
"133","E01000142",3,27.24
"134","E01000143",3,32.352
"135","E01000144",4,24.599
"136","E01000145",4,23.062
"137","E01000146",4,26.44
"138","E01000147",5,20.409
"139","E01000150",4,25.077
"140","E01000151",1,50.246
"141","E01000152",5,19.977
"142","E01000153",2,34.894
"143","E01000154",3,30.426
"144","E01000156",7,11.691
"145","E01000157",5,17.521
"146","E01000158",5,18.054
"147","E01000159",6,14.601
"148","E01000160",6,17.019
"149","E01000161",4,23.583
"150","E01000162",5,19.605
"151","E01000163",3,33.304
"152","E01000164",2,34.691
"153","E01000165",6,16.834
"154","E01000166",5,18.166
"155","E01000167",3,28.935
"156","E01000168",9,5.752
"157","E01000169",7,14.013
"158","E01000170",5,21.318
"159","E01000171",2,33.766
"160","E01000172",8,8.821
"161","E01000173",7,11.98
"162","E01000174",4,24.64
"163","E01000175",9,7.4
"164","E01000176",3,30.19
"165","E01000177",7,12.47
"166","E01000178",7,12.961
"167","E01000179",7,12.083
"168","E01000180",5,21.066
"169","E01000181",8,10.629
"170","E01000182",8,10.274
"171","E01000183",8,10.223
"172","E01000184",3,32.657
"173","E01000185",3,30.958
"174","E01000186",9,8.324
"175","E01000187",5,21.414
"176","E01000188",6,14.579
"177","E01000189",4,25.492
"178","E01000190",7,12.655
"179","E01000191",6,14.84
"180","E01000192",4,25.219
"181","E01000193",3,27.234
"182","E01000194",2,34.324
"183","E01000195",2,36.298
"184","E01000196",4,21.54
"185","E01000197",5,17.502
"186","E01000198",6,17.001
"187","E01000199",8,10.292
"188","E01000200",7,13.711
"189","E01000201",10,5.308
"190","E01000202",7,11.139
"191","E01000203",4,25.902
"192","E01000204",7,12.658
"193","E01000205",8,9.471
"194","E01000206",9,7.996
"195","E01000207",7,11.331
"196","E01000208",8,9.982
"197","E01000209",8,8.977
"198","E01000210",7,12.425
"199","E01000211",4,26.085
"200","E01000212",6,14.806
"201","E01000213",8,8.472
"202","E01000214",8,10.932
"203","E01000215",3,26.849
"204","E01000216",5,20.171
"205","E01000217",5,21.179
"206","E01000218",3,26.607
"207","E01000219",3,31.669
"208","E01000220",3,28.945
"209","E01000221",2,41.818
"210","E01000222",3,27.589
"211","E01000223",2,36.995
"212","E01000224",3,28.876
"213","E01000225",5,18.482
"214","E01000226",2,34.528
"215","E01000227",7,11.235
"216","E01000228",6,16.53
"217","E01000229",3,29.326
"218","E01000230",5,17.975
"219","E01000231",4,23.261
"220","E01000232",5,18.122
"221","E01000233",7,11.455
"222","E01000234",6,14.545
"223","E01000235",4,23.981
"224","E01000236",4,24.742
"225","E01000237",4,21.816
"226","E01000238",5,21.394
"227","E01000239",4,25.959
"228","E01000240",4,26.033
"229","E01000241",6,16.214
"230","E01000242",6,15.157
"231","E01000243",4,24.985
"232","E01000244",4,24.948
"233","E01000245",3,32.199
"234","E01000246",8,8.447
"235","E01000247",7,13.31
"236","E01000248",7,11.576
"237","E01000249",10,4.799
"238","E01000250",6,15.016
"239","E01000251",4,24.959
"240","E01000252",6,16.037
"241","E01000253",9,5.591
"242","E01000254",9,6.82
"243","E01000255",4,21.778
"244","E01000256",6,14.515
"245","E01000257",4,22.202
"246","E01000258",7,11.777
"247","E01000259",6,17.099
"248","E01000260",4,23.396
"249","E01000261",9,7.447
"250","E01000263",10,3.366
"251","E01000264",4,23.398
"252","E01000265",5,20.976
"253","E01000266",10,3.14
"254","E01000267",7,11.287
"255","E01000268",3,26.687
"256","E01000269",7,12.236
"257","E01000270",7,11.678
"258","E01000271",9,7.262
"259","E01000272",10,3.726
"260","E01000273",5,18.991
"261","E01000274",5,18.765
"262","E01000275",9,8.362
"263","E01000276",10,1.153
"264","E01000277",5,17.792
"265","E01000278",10,2.534
"266","E01000279",10,4.642
"267","E01000280",10,2.653
"268","E01000281",7,11.972
"269","E01000282",8,8.951
"270","E01000283",10,1.423
"271","E01000284",5,18.393
"272","E01000285",6,14.473
"273","E01000286",4,23.266
"274","E01000287",4,23.438
"275","E01000288",7,13.252
"276","E01000289",2,35.166
"277","E01000290",5,18.992
"278","E01000291",5,20.234
"279","E01000292",8,10.354
"280","E01000293",8,9.273
"281","E01000294",6,15.454
"282","E01000295",7,11.865
"283","E01000296",5,17.949
"284","E01000297",6,15.523
"285","E01000298",5,17.609
"286","E01000299",4,22.416
"287","E01000300",7,11.794
"288","E01000301",9,6.454
"289","E01000302",4,22.614
"290","E01000303",10,4.934
"291","E01000304",7,13.215
"292","E01000305",3,29.642
"293","E01000306",4,22.525
"294","E01000307",3,31.034
"295","E01000308",4,21.95
"296","E01000309",5,19.888
"297","E01000310",3,30.848
"298","E01000311",5,19.226
"299","E01000312",3,29.317
"300","E01000313",3,33.049
"301","E01000314",5,18.878
"302","E01000315",3,31.368
"303","E01000316",4,23.38
"304","E01000317",7,14.008
"305","E01000318",7,12.227
"306","E01000319",9,8.186
"307","E01000320",7,11.453
"308","E01000321",6,16.59
"309","E01000322",5,17.567
"310","E01000323",4,24.372
"311","E01000324",7,12.864
"312","E01000325",10,4.119
"313","E01000326",7,11.491
"314","E01000327",9,6.65
"315","E01000328",8,8.492
"316","E01000329",6,14.377
"317","E01000330",6,15.738
"318","E01000331",4,24.103
"319","E01000332",7,12.671
"320","E01000333",3,28.335
"321","E01000334",7,12.737
"322","E01000335",4,22.231
"323","E01000336",3,31.808
"324","E01000337",4,22.677
"325","E01000338",5,18.953
"326","E01000339",7,13.437
"327","E01000340",9,8.347
"328","E01000341",9,7.647
"329","E01000342",9,8.147
"330","E01000343",8,8.495
"331","E01000344",9,7.174
"332","E01000345",10,4.956
"333","E01000346",9,6.744
"334","E01000347",8,10.102
"335","E01000348",10,2.276
"336","E01000349",10,3.991
"337","E01000350",10,4.79
"338","E01000351",9,5.895
"339","E01000352",6,15.118
"340","E01000353",10,3.306
"341","E01000354",6,15.769
"342","E01000355",10,4.182
"343","E01000356",9,6.811
"344","E01000357",10,2.281
"345","E01000358",9,5.514
"346","E01000359",10,4.121
"347","E01000360",5,21.137
"348","E01000361",9,7.463
"349","E01000362",6,14.279
"350","E01000363",9,6.826
"351","E01000364",9,7.234
"352","E01000365",7,12.229
"353","E01000366",8,9.81
"354","E01000367",3,27.095
"355","E01000368",3,30.135
"356","E01000369",8,9.538
"357","E01000370",8,10.264
"358","E01000371",8,8.451
"359","E01000372",3,28.034
"360","E01000373",4,26.247
"361","E01000374",2,34.385
"362","E01000375",6,15.552
"363","E01000376",7,13.092
"364","E01000377",7,11.791
"365","E01000379",5,18.955
"366","E01000380",4,22.096
"367","E01000381",4,24.241
"368","E01000382",10,4.252
"369","E01000383",6,15.559
"370","E01000384",7,13.172
"371","E01000385",3,27.299
"372","E01000386",2,41.222
"373","E01000387",9,8.158
"374","E01000388",9,5.676
"375","E01000389",8,9.52
"376","E01000390",9,7.987
"377","E01000391",7,11.797
"378","E01000392",4,23.11
"379","E01000393",9,8.047
"380","E01000394",9,7.964
"381","E01000395",10,3.839
"382","E01000396",10,4.614
"383","E01000398",5,18.028
"384","E01000399",9,8.068
"385","E01000400",7,12.671
"386","E01000401",4,25.329
"387","E01000402",4,23.487
"388","E01000403",2,35.545
"389","E01000404",2,34.502
"390","E01000405",4,26.102
"391","E01000406",5,19.67
"392","E01000407",7,11.893
"393","E01000408",3,29.174
"394","E01000409",10,4.812
"395","E01000410",9,6.515
"396","E01000411",8,8.465
"397","E01000412",8,9.348
"398","E01000413",8,11.047
"399","E01000414",6,16.981
"400","E01000415",10,3.29
"401","E01000416",4,23.922
"402","E01000417",5,19.574
"403","E01000418",6,16.282
"404","E01000419",9,6.089
"405","E01000420",8,10.068
"406","E01000421",10,4.268
"407","E01000422",3,29.415
"408","E01000423",10,2.9
"409","E01000424",9,7.306
"410","E01000425",10,2.803
"411","E01000426",8,9.242
"412","E01000427",7,12.023
"413","E01000428",4,23.766
"414","E01000429",2,41.711
"415","E01000430",5,18.794
"416","E01000431",2,40.591
"417","E01000433",2,42.512
"418","E01000434",2,36.879
"419","E01000435",3,28.002
"420","E01000436",10,3.472
"421","E01000437",8,10.517
"422","E01000438",6,16.268
"423","E01000439",3,27.638
"424","E01000440",10,4.898
"425","E01000441",2,34.18
"426","E01000442",8,9.33
"427","E01000443",6,15.268
"428","E01000444",10,3.315
"429","E01000445",10,4.906
"430","E01000446",10,4.602
"431","E01000447",7,11.218
"432","E01000448",10,2.174
"433","E01000449",10,3.006
"434","E01000450",6,16.288
"435","E01000451",9,6.307
"436","E01000452",10,4.928
"437","E01000453",9,6.069
"438","E01000454",6,17.298
"439","E01000455",9,5.963
"440","E01000456",10,4.167
"441","E01000457",7,13.676
"442","E01000458",10,4.146
"443","E01000459",6,14.337
"444","E01000460",10,2.838
"445","E01000461",10,3.959
"446","E01000462",7,11.991
"447","E01000463",10,4.818
"448","E01000464",3,27.698
"449","E01000465",3,31.243
"450","E01000466",3,27.799
"451","E01000467",4,24.126
"452","E01000468",5,21.086
"453","E01000469",5,21.268
"454","E01000470",2,39.935
"455","E01000471",4,22.484
"456","E01000472",4,25.505
"457","E01000473",3,32.35
"458","E01000474",4,26.243
"459","E01000475",3,27.009
"460","E01000476",4,24.942
"461","E01000477",2,39.4
"462","E01000478",3,28.201
"463","E01000479",6,17.262
"464","E01000480",6,15.421
"465","E01000481",3,31.999
"466","E01000483",2,44.065
"467","E01000484",3,31.201
"468","E01000485",4,25.882
"469","E01000486",6,17.005
"470","E01000487",4,25.092
"471","E01000488",4,22.556
"472","E01000489",5,20.472
"473","E01000490",4,25.921
"474","E01000491",5,19.919
"475","E01000492",6,16.126
"476","E01000493",7,14.096
"477","E01000494",4,22.497
"478","E01000495",3,30.884
"479","E01000497",3,33.039
"480","E01000498",1,52.586
"481","E01000499",1,47.585
"482","E01000501",2,38.432
"483","E01000502",2,37.092
"484","E01000503",2,36.878
"485","E01000504",4,24.992
"486","E01000505",4,22.918
"487","E01000506",2,44.857
"488","E01000507",4,25.074
"489","E01000508",1,46.122
"490","E01000509",1,50.902
"491","E01000510",1,55.903
"492","E01000511",2,40.654
"493","E01000512",4,25.393
"494","E01000513",4,22.625
"495","E01000514",5,20.684
"496","E01000515",3,32.041
"497","E01000516",4,21.85
"498","E01000517",6,16.547
"499","E01000518",4,22.178
"500","E01000519",3,28.75
"501","E01000520",3,27.639
"502","E01000521",1,63.042
"503","E01000522",2,38.058
"504","E01000523",1,46.915
"505","E01000524",1,62.133
"506","E01000525",2,44.321
"507","E01000526",1,52.215
"508","E01000527",1,53.357
"509","E01000528",1,45.225
"510","E01000530",6,15.362
"511","E01000531",3,33.127
"512","E01000532",4,24.695
"513","E01000533",1,54.744
"514","E01000534",5,18.328
"515","E01000535",3,33.209
"516","E01000536",7,12.605
"517","E01000538",8,8.578
"518","E01000539",7,12.935
"519","E01000540",8,8.973
"520","E01000541",5,21.055
"521","E01000543",5,20.547
"522","E01000544",3,29.701
"523","E01000545",2,35.665
"524","E01000546",3,32.412
"525","E01000547",5,21.119
"526","E01000548",2,35.64
"527","E01000549",6,16.936
"528","E01000550",2,34.271
"529","E01000551",3,31.45
"530","E01000552",3,27.7
"531","E01000553",2,36.359
"532","E01000554",3,27.089
"533","E01000555",5,21.465
"534","E01000556",2,42.36
"535","E01000557",3,31.391
"536","E01000558",3,29.401
"537","E01000559",4,24.332
"538","E01000560",4,23.434
"539","E01000561",4,25.415
"540","E01000562",7,11.955
"541","E01000563",8,8.929
"542","E01000564",4,26.063
"543","E01000565",4,26.28
"544","E01000566",6,16.102
"545","E01000567",4,22.461
"546","E01000568",7,12.431
"547","E01000569",8,10.741
"548","E01000570",3,28.173
"549","E01000571",4,22.538
"550","E01000572",6,16.825
"551","E01000573",5,18.877
"552","E01000574",5,18.011
"553","E01000575",4,21.804
"554","E01000576",5,21.008
"555","E01000577",2,34.702
"556","E01000578",3,31.683
"557","E01000579",4,23.562
"558","E01000580",5,17.965
"559","E01000581",5,20.307
"560","E01000582",6,15.13
"561","E01000583",5,21.111
"562","E01000584",6,16.768
"563","E01000585",5,18.279
"564","E01000586",3,27.75
"565","E01000587",5,17.864
"566","E01000589",5,20.271
"567","E01000590",6,16.427
"568","E01000591",4,24.333
"569","E01000592",4,21.79
"570","E01000593",4,23.41
"571","E01000594",4,22.942
"572","E01000595",1,51.721
"573","E01000596",1,51.029
"574","E01000599",2,44.83
"575","E01000601",1,71.307
"576","E01000602",2,41.9
"577","E01000603",1,54.57
"578","E01000604",1,47.633
"579","E01000605",1,49.815
"580","E01000606",3,27.566
"581","E01000607",4,23.822
"582","E01000608",3,29.683
"583","E01000609",4,24.975
"584","E01000610",3,29.606
"585","E01000611",5,19.353
"586","E01000612",3,29.138
"587","E01000613",3,27.845
"588","E01000615",6,16.482
"589","E01000616",3,28.536
"590","E01000617",4,23.852
"591","E01000618",3,27.332
"592","E01000619",3,26.904
"593","E01000620",4,23.038
"594","E01000621",3,30.642
"595","E01000622",2,36.271
"596","E01000623",5,18.438
"597","E01000624",5,20.397
"598","E01000625",3,29.191
"599","E01000626",1,45.27
"600","E01000627",1,46.043
"601","E01000628",1,49.524
"602","E01000629",4,21.58
"603","E01000630",3,33.233
"604","E01000631",5,20.624
"605","E01000632",3,27.55
"606","E01000633",3,32.926
"607","E01000634",3,32.289
"608","E01000636",4,26.275
"609","E01000637",3,32.952
"610","E01000638",2,43.085
"611","E01000639",4,25.427
"612","E01000640",1,46.448
"613","E01000641",2,44.151
"614","E01000642",2,35.599
"615","E01000643",1,52.129
"616","E01000644",3,31.33
"617","E01000645",10,2.21
"618","E01000646",9,6.445
"619","E01000647",9,7.752
"620","E01000648",9,5.987
"621","E01000649",9,5.557
"622","E01000650",9,6.518
"623","E01000651",8,8.832
"624","E01000652",10,2.636
"625","E01000653",10,5.109
"626","E01000654",8,10.226
"627","E01000655",8,10.665
"628","E01000656",9,6.786
"629","E01000657",6,15.869
"630","E01000658",9,7.164
"631","E01000659",9,8.154
"632","E01000661",3,31.033
"633","E01000662",7,13.771
"634","E01000663",6,14.155
"635","E01000664",7,13.79
"636","E01000665",8,10.666
"637","E01000666",10,5.461
"638","E01000667",10,3.611
"639","E01000668",7,11.502
"640","E01000669",8,10.367
"641","E01000670",10,4.32
"642","E01000671",7,11.143
"643","E01000672",9,7.185
"644","E01000673",8,8.618
"645","E01000674",6,14.283
"646","E01000676",4,24.089
"647","E01000677",7,12.044
"648","E01000678",9,7.022
"649","E01000679",8,9.023
"650","E01000680",9,7.789
"651","E01000681",10,1.861
"652","E01000682",10,2.488
"653","E01000683",8,9.006
"654","E01000684",10,1.21
"655","E01000685",8,9.008
"656","E01000686",9,7.083
"657","E01000687",9,5.985
"658","E01000688",10,2.508
"659","E01000689",5,18.897
"660","E01000690",10,4.498
"661","E01000691",7,12.472
"662","E01000692",8,9.569
"663","E01000693",9,7.472
"664","E01000694",10,3.373
"665","E01000695",10,4.316
"666","E01000696",10,4.766
"667","E01000697",9,5.661
"668","E01000698",10,3.496
"669","E01000699",5,20.275
"670","E01000700",7,13.469
"671","E01000701",8,10.609
"672","E01000702",8,10.236
"673","E01000703",8,8.442
"674","E01000704",8,9.286
"675","E01000705",5,19.716
"676","E01000706",7,13.884
"677","E01000707",10,2.927
"678","E01000708",9,8.052
"679","E01000709",7,11.352
"680","E01000710",9,6.911
"681","E01000711",7,11.176
"682","E01000712",9,5.627
"683","E01000713",9,5.832
"684","E01000714",7,13.122
"685","E01000715",10,5.107
"686","E01000716",10,4.23
"687","E01000717",9,8.303
"688","E01000718",5,19.468
"689","E01000719",4,26.435
"690","E01000720",2,37.595
"691","E01000721",2,36.427
"692","E01000722",5,21.197
"693","E01000723",9,6.435
"694","E01000724",2,37.881
"695","E01000725",4,26.542
"696","E01000726",7,12.645
"697","E01000727",6,14.147
"698","E01000728",5,21.282
"699","E01000729",2,36.969
"700","E01000730",2,36.358
"701","E01000731",4,23.265
"702","E01000732",8,9.518
"703","E01000733",5,18.715
"704","E01000734",9,8.219
"705","E01000735",4,26.257
"706","E01000736",4,22.305
"707","E01000737",3,29.023
"708","E01000738",6,14.498
"709","E01000739",2,39.615
"710","E01000741",5,21.266
"711","E01000742",5,20.597
"712","E01000743",2,39.649
"713","E01000744",2,43.725
"714","E01000745",5,18.253
"715","E01000746",6,14.895
"716","E01000747",5,20.885
"717","E01000748",8,9.919
"718","E01000749",8,8.922
"719","E01000750",3,30.555
"720","E01000751",10,3.827
"721","E01000752",9,7.611
"722","E01000753",10,2.632
"723","E01000754",10,5.117
"724","E01000755",10,3.347
"725","E01000756",10,4.46
"726","E01000757",10,0.89
"727","E01000758",10,2.359
"728","E01000759",10,4.328
"729","E01000760",8,8.654
"730","E01000761",10,2.881
"731","E01000762",9,5.808
"732","E01000763",10,2.689
"733","E01000764",7,12.239
"734","E01000765",9,7.735
"735","E01000766",10,1.149
"736","E01000767",10,2.162
"737","E01000768",9,6.434
"738","E01000769",5,20.739
"739","E01000770",10,4.129
"740","E01000771",10,4.29
"741","E01000772",10,3.399
"742","E01000773",10,2.933
"743","E01000774",8,9.652
"744","E01000775",9,7.29
"745","E01000777",10,4.276
"746","E01000778",7,12.5
"747","E01000779",7,13.444
"748","E01000780",4,21.705
"749","E01000781",3,32.858
"750","E01000782",2,37.231
"751","E01000783",3,32.518
"752","E01000784",8,9.069
"753","E01000785",3,27.947
"754","E01000786",9,7.965
"755","E01000787",5,21.496
"756","E01000788",6,14.284
"757","E01000789",1,47.284
"758","E01000790",7,13.187
"759","E01000791",8,8.546
"760","E01000792",6,16.282
"761","E01000793",10,1.888
"762","E01000794",10,1.801
"763","E01000795",7,13.338
"764","E01000796",2,39.999
"765","E01000797",7,13.853
"766","E01000798",2,37.54
"767","E01000799",4,24.368
"768","E01000800",3,27.317
"769","E01000801",5,19.021
"770","E01000802",6,16.435
"771","E01000803",6,15.901
"772","E01000804",9,6.135
"773","E01000805",4,22.878
"774","E01000806",3,31.96
"775","E01000807",8,8.578
"776","E01000808",10,3.452
"777","E01000809",10,1.693
"778","E01000810",10,0.735
"779","E01000811",10,2.398
"780","E01000812",8,9.505
"781","E01000813",10,3.001
"782","E01000814",10,1.508
"783","E01000815",10,1.365
"784","E01000816",7,12.283
"785","E01000818",9,6.049
"786","E01000819",4,25.54
"787","E01000820",5,20.189
"788","E01000822",6,16.608
"789","E01000823",7,12.18
"790","E01000824",6,15.73
"791","E01000825",6,14.924
"792","E01000826",10,1.5
"793","E01000827",9,6.07
"794","E01000828",8,9.09
"795","E01000829",9,6.232
"796","E01000830",10,2.107
"797","E01000831",10,4.903
"798","E01000832",10,4.363
"799","E01000833",10,2.102
"800","E01000834",10,2.236
"801","E01000835",7,11.279
"802","E01000836",10,1.924
"803","E01000837",8,9.29
"804","E01000838",10,3.043
"805","E01000839",10,2.17
"806","E01000840",9,5.699
"807","E01000841",10,3.503
"808","E01000842",9,5.974
"809","E01000843",5,18.971
"810","E01000844",8,8.518
"811","E01000845",7,12.281
"812","E01000846",3,29.452
"813","E01000847",5,21.494
"814","E01000848",9,7.673
"815","E01000849",7,11.708
"816","E01000850",6,14.654
"817","E01000851",6,16.424
"818","E01000853",2,42.566
"819","E01000855",6,17.036
"820","E01000856",3,31.872
"821","E01000857",6,16.535
"822","E01000858",2,36.258
"823","E01000859",8,8.907
"824","E01000860",4,24.486
"825","E01000861",3,30.906
"826","E01000862",8,8.933
"827","E01000863",2,35.691
"828","E01000866",3,26.919
"829","E01000867",3,27.883
"830","E01000868",2,39.805
"831","E01000869",4,24
"832","E01000870",3,28.877
"833","E01000871",6,16.839
"834","E01000872",2,34.378
"835","E01000873",8,10.707
"836","E01000874",8,9.876
"837","E01000875",3,27.366
"838","E01000876",3,29.96
"839","E01000877",7,13.668
"840","E01000878",8,10.72
"841","E01000879",9,6.581
"842","E01000880",9,6.923
"843","E01000881",6,15.592
"844","E01000882",9,5.734
"845","E01000883",8,10.52
"846","E01000884",9,7.625
"847","E01000885",9,7.64
"848","E01000886",7,13.117
"849","E01000887",6,14.707
"850","E01000888",6,16.298
"851","E01000889",2,35.74
"852","E01000890",1,52
"853","E01000891",1,45.468
"854","E01000892",6,17.198
"855","E01000893",9,5.701
"856","E01000894",9,7.553
"857","E01000895",6,14.624
"858","E01000896",10,5.44
"859","E01000897",10,4.25
"860","E01000898",6,15.274
"861","E01000899",8,8.541
"862","E01000900",3,27.732
"863","E01000901",2,39.891
"864","E01000902",2,38.816
"865","E01000903",5,18.892
"866","E01000904",3,33.102
"867","E01000905",2,43.27
"868","E01000906",7,11.644
"869","E01000907",3,30.366
"870","E01000908",3,30.277
"871","E01000909",7,13.738
"872","E01000910",8,10.559
"873","E01000911",5,19.944
"874","E01000912",3,31.912
"875","E01000913",7,11.421
"876","E01000914",4,22.498
"877","E01000915",3,30.418
"878","E01000916",4,24.79
"879","E01000917",1,47.877
"880","E01000918",4,23.524
"881","E01000919",3,27.195
"882","E01000920",5,17.863
"883","E01000921",5,18.164
"884","E01000922",4,26.567
"885","E01000923",5,18.179
"886","E01000924",6,15.602
"887","E01000925",3,32.029
"888","E01000926",4,24.137
"889","E01000927",5,19.439
"890","E01000928",4,22.474
"891","E01000929",2,34.655
"892","E01000930",2,37.556
"893","E01000931",1,46.652
"894","E01000932",4,23.42
"895","E01000933",3,28.337
"896","E01000934",2,42.595
"897","E01000935",2,35.936
"898","E01000937",6,15.182
"899","E01000938",2,43.496
"900","E01000939",2,41.454
"901","E01000941",2,39.324
"902","E01000942",4,22.208
"903","E01000943",6,15.974
"904","E01000944",3,33.014
"905","E01000946",5,21.102
"906","E01000947",3,32.466
"907","E01000948",3,30.881
"908","E01000949",4,26.009
"909","E01000951",2,40.542
"910","E01000952",2,39.434
"911","E01000954",2,43.102
"912","E01000955",2,39.97
"913","E01000956",2,43.756
"914","E01000957",3,29.335
"915","E01000958",4,22.969
"916","E01000959",2,39.385
"917","E01000960",5,18.194
"918","E01000961",3,28.044
"919","E01000962",9,5.572
"920","E01000963",8,10.99
"921","E01000964",5,18.156
"922","E01000965",6,16.999
"923","E01000966",10,4.022
"924","E01000967",9,7.868
"925","E01000968",7,13.607
"926","E01000969",8,11.088
"927","E01000970",6,15.192
"928","E01000971",7,11.244
"929","E01000972",3,33.353
"930","E01000973",5,21.503
"931","E01000974",2,34.573
"932","E01000975",5,17.838
"933","E01000976",2,34.127
"934","E01000977",3,29.52
"935","E01000978",4,22.4
"936","E01000979",5,20.195
"937","E01000980",3,27.253
"938","E01000981",5,19.125
"939","E01000982",4,22.168
"940","E01000983",6,14.624
"941","E01000984",2,33.796
"942","E01000985",8,8.496
"943","E01000986",7,13.499
"944","E01000987",8,8.556
"945","E01000989",8,10.232
"946","E01000990",2,41.368
"947","E01000991",9,7.277
"948","E01000992",3,31.418
"949","E01000993",6,15.07
"950","E01000994",5,20.865
"951","E01000995",4,24.866
"952","E01000996",5,18.894
"953","E01000997",4,23.466
"954","E01000998",2,38.107
"955","E01000999",5,20.457
"956","E01001000",3,31.163
"957","E01001001",2,34.182
"958","E01001002",4,23.757
"959","E01001003",4,24.807
"960","E01001004",3,26.857
"961","E01001005",3,29.783
"962","E01001006",3,27.954
"963","E01001007",4,21.816
"964","E01001008",3,31.608
"965","E01001009",4,25.451
"966","E01001010",2,33.938
"967","E01001011",2,43.978
"968","E01001012",2,41.57
"969","E01001013",1,47.906
"970","E01001015",4,24.758
"971","E01001016",8,8.572
"972","E01001017",10,4.653
"973","E01001018",10,4.381
"974","E01001019",10,4.289
"975","E01001020",9,8.195
"976","E01001021",2,35.666
"977","E01001022",9,5.769
"978","E01001023",5,19.391
"979","E01001024",8,10.342
"980","E01001025",10,4.108
"981","E01001026",7,13.459
"982","E01001027",10,4.06
"983","E01001028",10,4.394
"984","E01001029",7,13.948
"985","E01001030",10,5.129
"986","E01001031",10,3.923
"987","E01001032",10,3.098
"988","E01001033",5,18.242
"989","E01001034",6,15.141
"990","E01001035",5,18.684
"991","E01001036",9,6.617
"992","E01001037",4,26.344
"993","E01001038",5,17.512
"994","E01001039",9,5.748
"995","E01001040",5,20.546
"996","E01001041",3,27.041
"997","E01001042",2,36.017
"998","E01001044",8,9.459
"999","E01001046",8,10.165
"1000","E01001047",4,25.553
"1001","E01001049",9,6.479
"1002","E01001050",5,20.244
"1003","E01001051",2,39.849
"1004","E01001052",2,43.689
"1005","E01001053",2,33.728
"1006","E01001054",2,35.509
"1007","E01001055",2,39.099
"1008","E01001056",1,45.524
"1009","E01001057",1,48.6
"1010","E01001058",7,13
"1011","E01001059",5,18.574
"1012","E01001060",5,20.66
"1013","E01001061",4,21.835
"1014","E01001062",7,11.255
"1015","E01001063",9,7.989
"1016","E01001064",8,8.429
"1017","E01001065",6,16.587
"1018","E01001066",2,39.937
"1019","E01001067",10,3.424
"1020","E01001068",6,15.639
"1021","E01001069",10,5.319
"1022","E01001070",6,15.479
"1023","E01001071",8,10.744
"1024","E01001072",10,4.879
"1025","E01001073",7,13.24
"1026","E01001074",5,18.34
"1027","E01001075",7,13.704
"1028","E01001076",2,41.552
"1029","E01001077",6,16.852
"1030","E01001078",2,38.768
"1031","E01001079",2,44.195
"1032","E01001080",1,60.528
"1033","E01001081",3,31.348
"1034","E01001082",2,33.742
"1035","E01001083",8,9.212
"1036","E01001084",8,9.694
"1037","E01001085",5,21.414
"1038","E01001086",6,14.713
"1039","E01001087",3,31.63
"1040","E01001088",6,16.491
"1041","E01001089",3,28.021
"1042","E01001090",4,25.014
"1043","E01001091",6,14.186
"1044","E01001092",5,17.849
"1045","E01001093",7,13.807
"1046","E01001094",10,4.118
"1047","E01001095",5,19.188
"1048","E01001096",10,3.62
"1049","E01001097",3,27.97
"1050","E01001098",10,3.585
"1051","E01001099",5,20.105
"1052","E01001100",9,6.829
"1053","E01001101",10,1.602
"1054","E01001102",10,5.353
"1055","E01001103",10,4.02
"1056","E01001104",10,4.881
"1057","E01001105",7,12.469
"1058","E01001106",7,11.44
"1059","E01001107",10,5.336
"1060","E01001108",10,1.969
"1061","E01001109",3,32.503
"1062","E01001110",2,39.724
"1063","E01001111",4,26.324
"1064","E01001112",3,29.416
"1065","E01001113",3,29.981
"1066","E01001114",2,40.568
"1067","E01001115",2,37.307
"1068","E01001116",3,32.404
"1069","E01001118",2,42.711
"1070","E01001119",10,3.825
"1071","E01001120",9,7.973
"1072","E01001121",10,5.335
"1073","E01001122",10,3.243
"1074","E01001123",10,2.647
"1075","E01001124",10,2.666
"1076","E01001125",7,12.563
"1077","E01001126",9,5.686
"1078","E01001127",9,5.977
"1079","E01001128",2,36.682
"1080","E01001129",10,3.326
"1081","E01001130",2,42.383
"1082","E01001131",7,13.703
"1083","E01001132",8,8.599
"1084","E01001133",8,9.831
"1085","E01001134",9,8.314
"1086","E01001135",9,7.963
"1087","E01001136",3,30.688
"1088","E01001137",6,15.96
"1089","E01001138",5,19.938
"1090","E01001139",5,17.755
"1091","E01001140",5,18.042
"1092","E01001141",3,28.357
"1093","E01001142",5,19.729
"1094","E01001143",3,29.36
"1095","E01001144",3,29.529
"1096","E01001145",2,44.118
"1097","E01001146",5,20.736
"1098","E01001147",3,33.06
"1099","E01001148",4,22.653
"1100","E01001149",5,17.618
"1101","E01001150",6,16.8
"1102","E01001151",2,39.877
"1103","E01001152",2,35.942
"1104","E01001153",4,24.46
"1105","E01001154",2,34.51
"1106","E01001155",1,50.88
"1107","E01001156",4,21.721
"1108","E01001157",5,19.046
"1109","E01001158",5,20.695
"1110","E01001159",7,14.075
"1111","E01001160",6,16.894
"1112","E01001161",2,39.192
"1113","E01001162",4,25.743
"1114","E01001163",6,15.575
"1115","E01001164",4,23.246
"1116","E01001165",4,22.115
"1117","E01001166",2,34.935
"1118","E01001167",5,21.076
"1119","E01001168",4,22.724
"1120","E01001169",3,27.071
"1121","E01001170",3,30.178
"1122","E01001171",4,24.29
"1123","E01001172",2,36.186
"1124","E01001173",5,21.406
"1125","E01001174",4,21.546
"1126","E01001175",3,30.522
"1127","E01001176",3,32.401
"1128","E01001177",3,30.475
"1129","E01001178",1,70.076
"1130","E01001179",4,23.167
"1131","E01001180",3,30.812
"1132","E01001181",1,48.183
"1133","E01001182",4,21.932
"1134","E01001183",3,32.818
"1135","E01001184",6,16.444
"1136","E01001185",4,23.148
"1137","E01001186",3,32.502
"1138","E01001187",4,25.842
"1139","E01001188",3,29.049
"1140","E01001189",6,14.722
"1141","E01001190",5,19.294
"1142","E01001191",2,36.133
"1143","E01001192",4,26.155
"1144","E01001193",3,29.99
"1145","E01001194",6,16.156
"1146","E01001195",5,17.642
"1147","E01001196",2,36.527
"1148","E01001197",4,22.347
"1149","E01001198",6,15.188
"1150","E01001199",3,26.806
"1151","E01001200",6,16.431
"1152","E01001201",6,15.335
"1153","E01001202",2,34.707
"1154","E01001203",2,36.824
"1155","E01001204",6,14.279
"1156","E01001205",2,35.263
"1157","E01001206",1,55.428
"1158","E01001207",6,15.668
"1159","E01001208",8,8.745
"1160","E01001209",8,9.757
"1161","E01001210",1,47.467
"1162","E01001211",7,12.48
"1163","E01001212",6,14.574
"1164","E01001213",3,32.593
"1165","E01001214",4,22.956
"1166","E01001215",2,39.523
"1167","E01001216",3,30.969
"1168","E01001217",5,20.567
"1169","E01001218",2,37.425
"1170","E01001219",2,41.953
"1171","E01001220",2,40.38
"1172","E01001223",7,11.651
"1173","E01001224",8,8.557
"1174","E01001225",4,21.546
"1175","E01001226",7,12.401
"1176","E01001227",7,12.717
"1177","E01001228",6,14.215
"1178","E01001229",3,27.937
"1179","E01001230",5,18.833
"1180","E01001231",7,13.454
"1181","E01001232",4,23.235
"1182","E01001233",5,21.533
"1183","E01001234",4,22.48
"1184","E01001235",6,14.983
"1185","E01001236",6,15.344
"1186","E01001237",6,14.175
"1187","E01001239",2,37.151
"1188","E01001240",3,30.957
"1189","E01001241",4,24.584
"1190","E01001242",4,22.717
"1191","E01001243",4,23.675
"1192","E01001244",4,25.25
"1193","E01001245",5,18.722
"1194","E01001246",2,35.283
"1195","E01001247",3,30.8
"1196","E01001248",5,20.782
"1197","E01001249",2,36.792
"1198","E01001250",2,42.907
"1199","E01001251",5,21.054
"1200","E01001252",3,31.785
"1201","E01001253",5,21.028
"1202","E01001254",6,15.958
"1203","E01001255",7,13.677
"1204","E01001257",2,40.531
"1205","E01001258",4,22.347
"1206","E01001259",4,25.796
"1207","E01001260",4,25.215
"1208","E01001261",3,30.838
"1209","E01001262",3,32.981
"1210","E01001263",2,35.515
"1211","E01001264",3,27.734
"1212","E01001265",4,23.522
"1213","E01001266",5,20.301
"1214","E01001267",3,32.127
"1215","E01001268",5,18.712
"1216","E01001269",5,20.711
"1217","E01001270",5,19.469
"1218","E01001271",3,28.793
"1219","E01001272",4,25.01
"1220","E01001273",7,13.189
"1221","E01001274",7,12.077
"1222","E01001275",5,19.703
"1223","E01001276",2,34.565
"1224","E01001277",3,26.609
"1225","E01001278",3,27.455
"1226","E01001279",10,4.974
"1227","E01001280",6,14.638
"1228","E01001281",8,9.129
"1229","E01001282",3,33.123
"1230","E01001283",2,35.149
"1231","E01001284",6,17.43
"1232","E01001285",3,30.717
"1233","E01001286",3,28.368
"1234","E01001287",3,28.111
"1235","E01001288",4,21.623
"1236","E01001289",5,20.875
"1237","E01001290",5,20.793
"1238","E01001291",4,25.694
"1239","E01001292",5,19.948
"1240","E01001293",4,25.899
"1241","E01001294",3,28.773
"1242","E01001295",4,24.256
"1243","E01001296",3,30.609
"1244","E01001297",3,32.552
"1245","E01001298",3,31.323
"1246","E01001299",7,11.328
"1247","E01001300",8,10.283
"1248","E01001301",5,20.213
"1249","E01001302",7,11.543
"1250","E01001303",7,13.175
"1251","E01001304",6,14.16
"1252","E01001305",9,7.264
"1253","E01001306",8,10.231
"1254","E01001307",5,20.211
"1255","E01001308",7,14.063
"1256","E01001309",5,20.856
"1257","E01001310",5,18.856
"1258","E01001311",3,28.883
"1259","E01001312",5,21.418
"1260","E01001313",5,19.787
"1261","E01001314",5,17.558
"1262","E01001315",4,23.467
"1263","E01001316",2,34.719
"1264","E01001317",3,30.412
"1265","E01001318",2,38.77
"1266","E01001319",5,19.341
"1267","E01001320",2,44.288
"1268","E01001321",3,29.47
"1269","E01001322",3,29.725
"1270","E01001323",3,31.715
"1271","E01001324",2,36.886
"1272","E01001325",3,27.647
"1273","E01001326",2,35.508
"1274","E01001327",3,32.938
"1275","E01001328",2,37.526
"1276","E01001329",3,30.221
"1277","E01001330",1,48.226
"1278","E01001331",2,43.609
"1279","E01001332",2,37.924
"1280","E01001333",2,43.622
"1281","E01001334",2,40.142
"1282","E01001335",4,24.162
"1283","E01001336",4,26.316
"1284","E01001337",3,26.624
"1285","E01001338",3,33.325
"1286","E01001339",3,27.164
"1287","E01001340",1,48.834
"1288","E01001341",4,22.979
"1289","E01001342",4,23.777
"1290","E01001343",5,19.71
"1291","E01001344",3,29.431
"1292","E01001345",4,24.327
"1293","E01001346",3,27.999
"1294","E01001347",3,27.654
"1295","E01001348",2,34.972
"1296","E01001349",2,35.848
"1297","E01001350",6,15.094
"1298","E01001351",3,29.092
"1299","E01001352",6,16.213
"1300","E01001353",5,21.292
"1301","E01001354",4,21.619
"1302","E01001355",4,23.669
"1303","E01001356",1,49.112
"1304","E01001357",5,17.643
"1305","E01001358",4,22.508
"1306","E01001359",2,34.752
"1307","E01001360",3,26.768
"1308","E01001361",1,45.091
"1309","E01001362",2,37.563
"1310","E01001363",3,31.829
"1311","E01001364",2,41.101
"1312","E01001365",3,30.733
"1313","E01001366",2,35.877
"1314","E01001367",2,40.135
"1315","E01001368",2,33.6
"1316","E01001369",2,41.196
"1317","E01001370",3,31.771
"1318","E01001371",2,37.956
"1319","E01001372",3,33.491
"1320","E01001373",3,32.811
"1321","E01001374",8,10.567
"1322","E01001375",9,7.083
"1323","E01001376",4,22.513
"1324","E01001377",8,10.901
"1325","E01001379",9,6.913
"1326","E01001380",9,7.982
"1327","E01001381",4,21.893
"1328","E01001382",8,8.455
"1329","E01001383",7,13.367
"1330","E01001384",7,13.159
"1331","E01001385",7,11.863
"1332","E01001386",7,11.847
"1333","E01001387",5,17.723
"1334","E01001388",2,38.08
"1335","E01001389",3,28.767
"1336","E01001390",6,16.795
"1337","E01001391",3,31.163
"1338","E01001392",7,11.585
"1339","E01001393",4,26.261
"1340","E01001394",3,29.589
"1341","E01001395",2,37.748
"1342","E01001396",4,23.231
"1343","E01001397",3,32.752
"1344","E01001398",9,7.523
"1345","E01001399",7,11.804
"1346","E01001400",7,12.363
"1347","E01001401",6,15.276
"1348","E01001402",7,12.07
"1349","E01001403",6,16.668
"1350","E01001404",5,20.034
"1351","E01001405",6,15.568
"1352","E01001406",3,26.791
"1353","E01001407",5,18.978
"1354","E01001408",6,16.056
"1355","E01001409",2,38.461
"1356","E01001410",2,40.318
"1357","E01001411",5,18.252
"1358","E01001412",3,28.161
"1359","E01001413",8,8.742
"1360","E01001414",2,41.835
"1361","E01001415",5,18.197
"1362","E01001416",10,4.939
"1363","E01001417",10,4.794
"1364","E01001418",5,21.217
"1365","E01001419",5,20.055
"1366","E01001420",4,22.999
"1367","E01001421",5,20.68
"1368","E01001422",9,5.48
"1369","E01001423",2,37.772
"1370","E01001424",1,52.203
"1371","E01001425",1,59.541
"1372","E01001426",1,48.149
"1373","E01001427",1,49.55
"1374","E01001428",2,43.91
"1375","E01001429",1,61.175
"1376","E01001430",1,47.371
"1377","E01001431",1,51.842
"1378","E01001432",1,52.508
"1379","E01001433",1,47.401
"1380","E01001434",3,32.107
"1381","E01001435",3,29.544
"1382","E01001436",2,33.8
"1383","E01001437",1,46.668
"1384","E01001438",2,41.06
"1385","E01001439",1,51.294
"1386","E01001440",2,43.519
"1387","E01001441",2,43.529
"1388","E01001442",1,57.045
"1389","E01001444",3,32.352
"1390","E01001445",2,34.411
"1391","E01001446",2,37.859
"1392","E01001447",1,49.561
"1393","E01001448",2,36.141
"1394","E01001449",2,33.813
"1395","E01001450",4,25.674
"1396","E01001451",7,13.917
"1397","E01001452",9,6.641
"1398","E01001453",10,5.026
"1399","E01001454",9,7.924
"1400","E01001455",8,9.557
"1401","E01001456",10,4.341
"1402","E01001457",6,15.55
"1403","E01001458",1,48.005
"1404","E01001459",2,33.859
"1405","E01001460",1,49.247
"1406","E01001461",1,61.808
"1407","E01001462",2,43.951
"1408","E01001463",3,29.617
"1409","E01001464",2,38.655
"1410","E01001465",2,34.838
"1411","E01001466",2,38.259
"1412","E01001467",2,36.626
"1413","E01001468",4,21.748
"1414","E01001469",5,18.781
"1415","E01001470",8,10.598
"1416","E01001471",6,15.671
"1417","E01001472",7,12.94
"1418","E01001473",7,12.87
"1419","E01001474",8,10.854
"1420","E01001475",10,3.555
"1421","E01001476",2,38.73
"1422","E01001477",2,36.488
"1423","E01001478",4,24.254
"1424","E01001479",1,51.798
"1425","E01001480",2,34.286
"1426","E01001481",2,35.811
"1427","E01001482",1,45.709
"1428","E01001483",1,60.116
"1429","E01001484",3,31.676
"1430","E01001485",1,47.944
"1431","E01001486",1,48.67
"1432","E01001487",1,45.958
"1433","E01001488",1,45.859
"1434","E01001489",2,42.619
"1435","E01001491",2,44.036
"1436","E01001492",2,38.985
"1437","E01001493",3,27.517
"1438","E01001494",6,16.974
"1439","E01001495",5,19.085
"1440","E01001496",6,14.343
"1441","E01001497",4,23.26
"1442","E01001498",4,25.761
"1443","E01001499",4,24.004
"1444","E01001500",5,19.918
"1445","E01001501",3,31.473
"1446","E01001502",2,37.888
"1447","E01001503",2,34.947
"1448","E01001504",3,29.665
"1449","E01001505",2,36.031
"1450","E01001507",2,44.612
"1451","E01001508",2,41.235
"1452","E01001509",1,46.077
"1453","E01001511",4,26.549
"1454","E01001512",4,21.545
"1455","E01001513",2,44.271
"1456","E01001514",4,24.344
"1457","E01001515",2,43.914
"1458","E01001516",3,33.067
"1459","E01001517",1,49.475
"1460","E01001518",4,21.993
"1461","E01001520",5,17.789
"1462","E01001521",8,9.74
"1463","E01001522",5,18.613
"1464","E01001523",8,10.828
"1465","E01001524",5,21.494
"1466","E01001525",5,18.448
"1467","E01001526",8,8.405
"1468","E01001527",5,18.817
"1469","E01001528",2,33.553
"1470","E01001529",2,36.202
"1471","E01001530",4,24.03
"1472","E01001531",9,5.907
"1473","E01001532",9,8.057
"1474","E01001533",10,5.207
"1475","E01001534",6,15.574
"1476","E01001535",7,12.227
"1477","E01001536",4,22.423
"1478","E01001537",6,16.824
"1479","E01001538",9,7.099
"1480","E01001539",7,12.936
"1481","E01001540",6,16.45
"1482","E01001541",9,8.338
"1483","E01001542",4,22.785
"1484","E01001543",8,9.53
"1485","E01001544",8,10.742
"1486","E01001545",1,46.973
"1487","E01001546",2,37.055
"1488","E01001547",2,35.677
"1489","E01001548",2,37.974
"1490","E01001549",1,49.52
"1491","E01001550",2,37.124
"1492","E01001551",1,48.122
"1493","E01001552",3,30.546
"1494","E01001553",2,40.337
"1495","E01001554",1,58.598
"1496","E01001555",2,41.961
"1497","E01001556",4,26.093
"1498","E01001557",2,38.959
"1499","E01001558",1,49.692
"1500","E01001559",2,42.997
"1501","E01001560",2,34.028
"1502","E01001562",1,46.589
"1503","E01001563",5,19.529
"1504","E01001564",8,10.355
"1505","E01001565",6,15.036
"1506","E01001566",6,15.801
"1507","E01001567",10,5.174
"1508","E01001568",10,3.057
"1509","E01001569",5,19.121
"1510","E01001570",5,21.263
"1511","E01001571",5,18.439
"1512","E01001572",5,19.662
"1513","E01001573",5,20.711
"1514","E01001574",2,40.635
"1515","E01001575",2,39.427
"1516","E01001576",2,33.654
"1517","E01001577",3,29.677
"1518","E01001578",3,26.648
"1519","E01001579",3,31.564
"1520","E01001580",8,10.79
"1521","E01001581",4,22.196
"1522","E01001582",4,21.967
"1523","E01001583",7,11.826
"1524","E01001584",8,8.838
"1525","E01001585",7,12.983
"1526","E01001586",5,18.939
"1527","E01001587",8,10.41
"1528","E01001588",3,29.917
"1529","E01001589",3,28.844
"1530","E01001590",5,19.061
"1531","E01001591",3,30.883
"1532","E01001592",7,11.865
"1533","E01001593",8,10.999
"1534","E01001594",3,27.934
"1535","E01001595",4,22.897
"1536","E01001596",9,6.247
"1537","E01001597",6,15.381
"1538","E01001598",7,12.161
"1539","E01001599",5,19.284
"1540","E01001600",6,17.427
"1541","E01001601",8,10.344
"1542","E01001602",2,35.203
"1543","E01001603",2,36.943
"1544","E01001604",6,15.649
"1545","E01001605",10,5.196
"1546","E01001606",10,4.764
"1547","E01001607",6,17.103
"1548","E01001608",8,9.467
"1549","E01001609",5,21.519
"1550","E01001610",7,11.641
"1551","E01001611",5,17.763
"1552","E01001613",4,22.365
"1553","E01001614",10,5.293
"1554","E01001615",5,20.378
"1555","E01001617",7,12.673
"1556","E01001618",5,19.484
"1557","E01001619",7,12.829
"1558","E01001620",3,32.802
"1559","E01001621",3,28.283
"1560","E01001623",4,22.305
"1561","E01001624",4,22.542
"1562","E01001625",2,39.719
"1563","E01001629",2,33.938
"1564","E01001631",2,41.784
"1565","E01001632",3,32.353
"1566","E01001633",3,31.274
"1567","E01001634",2,35.71
"1568","E01001635",3,28.026
"1569","E01001636",3,29.402
"1570","E01001637",3,30.893
"1571","E01001638",2,36.513
"1572","E01001641",6,15.421
"1573","E01001642",6,14.184
"1574","E01001644",6,16.761
"1575","E01001645",4,23.788
"1576","E01001646",4,25.76
"1577","E01001647",6,14.621
"1578","E01001648",5,17.972
"1579","E01001649",3,27.132
"1580","E01001650",3,28.543
"1581","E01001651",2,36.619
"1582","E01001652",5,17.805
"1583","E01001653",2,41.366
"1584","E01001654",2,35.881
"1585","E01001655",2,44.327
"1586","E01001656",6,16.31
"1587","E01001657",7,12.869
"1588","E01001658",6,16.872
"1589","E01001659",6,16.258
"1590","E01001660",3,30.812
"1591","E01001661",3,30.241
"1592","E01001664",6,15.079
"1593","E01001665",5,17.533
"1594","E01001666",5,19.371
"1595","E01001669",3,31.245
"1596","E01001671",3,28.551
"1597","E01001672",3,31.73
"1598","E01001673",2,35.867
"1599","E01001674",3,28.015
"1600","E01001675",3,31.99
"1601","E01001676",2,35.241
"1602","E01001677",3,29.135
"1603","E01001678",5,20.479
"1604","E01001679",6,14.636
"1605","E01001680",8,8.413
"1606","E01001681",6,16.705
"1607","E01001682",5,18.487
"1608","E01001683",4,26.46
"1609","E01001684",4,23.476
"1610","E01001685",4,21.588
"1611","E01001686",4,26.075
"1612","E01001687",2,42.02
"1613","E01001688",3,28.754
"1614","E01001690",2,34.573
"1615","E01001692",2,34.153
"1616","E01001693",2,42.26
"1617","E01001694",3,27.06
"1618","E01001695",3,29.897
"1619","E01001696",3,26.799
"1620","E01001697",3,29.021
"1621","E01001698",3,33.309
"1622","E01001699",4,23.688
"1623","E01001700",3,28.01
"1624","E01001701",4,24.676
"1625","E01001702",2,33.813
"1626","E01001703",2,37.618
"1627","E01001704",3,27.003
"1628","E01001705",2,35.449
"1629","E01001708",6,16.801
"1630","E01001710",2,37.621
"1631","E01001712",2,37.915
"1632","E01001714",4,26.219
"1633","E01001715",4,24.08
"1634","E01001716",2,37.08
"1635","E01001717",4,22.057
"1636","E01001718",5,19.815
"1637","E01001719",3,27.931
"1638","E01001720",6,15.668
"1639","E01001722",1,46.648
"1640","E01001723",3,29.294
"1641","E01001724",4,25.056
"1642","E01001725",1,46.434
"1643","E01001726",1,50.774
"1644","E01001727",2,34.575
"1645","E01001728",1,49.338
"1646","E01001729",1,46.108
"1647","E01001730",2,37.5
"1648","E01001731",3,28.311
"1649","E01001732",2,42.607
"1650","E01001733",5,20.212
"1651","E01001734",3,31.604
"1652","E01001735",3,28.728
"1653","E01001736",6,14.801
"1654","E01001737",6,16.567
"1655","E01001738",4,21.983
"1656","E01001739",5,19.797
"1657","E01001740",2,35.281
"1658","E01001741",7,12.44
"1659","E01001742",4,24.271
"1660","E01001744",4,23.684
"1661","E01001745",2,39.363
"1662","E01001746",2,34.524
"1663","E01001747",3,27.36
"1664","E01001749",4,24.252
"1665","E01001750",3,27.265
"1666","E01001751",8,10.911
"1667","E01001753",2,41.691
"1668","E01001755",2,36.867
"1669","E01001756",5,18.577
"1670","E01001757",2,38.237
"1671","E01001758",2,33.782
"1672","E01001759",4,25.7
"1673","E01001760",2,34.548
"1674","E01001761",2,38.579
"1675","E01001762",1,48.628
"1676","E01001763",4,25.334
"1677","E01001764",3,29
"1678","E01001765",2,40.027
"1679","E01001767",3,27.889
"1680","E01001768",4,22.902
"1681","E01001769",5,21.206
"1682","E01001770",2,37.024
"1683","E01001772",3,30.028
"1684","E01001773",3,28.404
"1685","E01001774",4,25.303
"1686","E01001775",2,34.962
"1687","E01001776",3,30.685
"1688","E01001777",5,20.449
"1689","E01001780",2,34.021
"1690","E01001781",2,41.052
"1691","E01001783",2,40.391
"1692","E01001784",3,29.799
"1693","E01001785",4,22.754
"1694","E01001786",2,36.321
"1695","E01001787",2,41.674
"1696","E01001788",2,39.925
"1697","E01001789",4,22.572
"1698","E01001790",2,39.097
"1699","E01001791",3,31.126
"1700","E01001792",3,29.623
"1701","E01001793",4,24.416
"1702","E01001794",5,19.319
"1703","E01001795",3,27.27
"1704","E01001796",3,31.654
"1705","E01001798",2,39.079
"1706","E01001799",1,46.542
"1707","E01001800",1,61.174
"1708","E01001801",2,36.683
"1709","E01001802",2,39.54
"1710","E01001803",6,15.934
"1711","E01001804",2,44.431
"1712","E01001805",3,26.763
"1713","E01001806",4,26.337
"1714","E01001807",1,45.057
"1715","E01001808",1,58.04
"1716","E01001809",1,49.545
"1717","E01001811",1,45.614
"1718","E01001812",1,49.978
"1719","E01001813",2,43.494
"1720","E01001814",1,50.941
"1721","E01001815",3,32.31
"1722","E01001816",4,23.426
"1723","E01001819",4,23.044
"1724","E01001820",3,33.499
"1725","E01001821",2,38.415
"1726","E01001822",1,58.402
"1727","E01001823",1,50.835
"1728","E01001824",1,57.598
"1729","E01001825",1,48.002
"1730","E01001826",1,56.611
"1731","E01001827",1,55.599
"1732","E01001828",2,41.342
"1733","E01001829",8,10.61
"1734","E01001830",3,29.563
"1735","E01001831",4,25.668
"1736","E01001832",4,24.419
"1737","E01001833",3,29.268
"1738","E01001834",4,25.061
"1739","E01001835",5,17.772
"1740","E01001836",3,27.725
"1741","E01001837",6,15.834
"1742","E01001838",1,47.608
"1743","E01001839",2,36.087
"1744","E01001840",2,38.418
"1745","E01001841",3,32.425
"1746","E01001842",2,37.175
"1747","E01001843",3,29.216
"1748","E01001844",4,26.447
"1749","E01001845",1,45.651
"1750","E01001846",2,42.748
"1751","E01001847",1,46.279
"1752","E01001848",3,33.32
"1753","E01001849",3,32.633
"1754","E01001850",2,41.347
"1755","E01001851",7,11.515
"1756","E01001852",6,17.105
"1757","E01001853",6,15.45
"1758","E01001854",4,21.571
"1759","E01001855",6,15.447
"1760","E01001856",3,31.114
"1761","E01001857",2,38.292
"1762","E01001858",4,22.659
"1763","E01001859",6,16.522
"1764","E01001860",3,31.996
"1765","E01001861",3,31.035
"1766","E01001862",3,27.379
"1767","E01001863",6,16.746
"1768","E01001864",5,18.602
"1769","E01001865",8,11.133
"1770","E01001866",6,16.38
"1771","E01001867",6,14.966
"1772","E01001868",2,35.01
"1773","E01001869",7,12.145
"1774","E01001870",6,14.317
"1775","E01001871",7,12.41
"1776","E01001872",5,18.729
"1777","E01001873",5,19.519
"1778","E01001875",2,41.945
"1779","E01001876",3,31.992
"1780","E01001877",3,32.468
"1781","E01001878",2,39.698
"1782","E01001879",3,27.886
"1783","E01001880",4,23.993
"1784","E01001881",6,14.401
"1785","E01001882",6,15.514
"1786","E01001883",6,15.029
"1787","E01001884",3,30.652
"1788","E01001885",1,46.154
"1789","E01001886",4,23.573
"1790","E01001887",4,25.421
"1791","E01001888",7,11.263
"1792","E01001889",6,16.661
"1793","E01001890",6,16.202
"1794","E01001891",9,6.469
"1795","E01001892",4,24.879
"1796","E01001893",4,25.623
"1797","E01001894",3,32.763
"1798","E01001895",5,19.322
"1799","E01001896",5,20.225
"1800","E01001897",6,14.65
"1801","E01001898",6,14.959
"1802","E01001899",3,29.69
"1803","E01001900",2,34.232
"1804","E01001901",8,11.087
"1805","E01001902",5,18.759
"1806","E01001903",4,22.931
"1807","E01001904",8,9.707
"1808","E01001905",8,9.794
"1809","E01001906",7,12.791
"1810","E01001907",8,10.644
"1811","E01001908",6,16.911
"1812","E01001909",5,18.295
"1813","E01001910",5,20.077
"1814","E01001911",2,34.252
"1815","E01001912",2,39.081
"1816","E01001913",8,10.755
"1817","E01001914",4,24.834
"1818","E01001915",7,11.834
"1819","E01001916",9,6.576
"1820","E01001917",7,13.505
"1821","E01001918",6,15.839
"1822","E01001919",9,7.298
"1823","E01001920",2,34.48
"1824","E01001921",6,16.918
"1825","E01001922",7,12.179
"1826","E01001923",6,14.56
"1827","E01001924",9,7.999
"1828","E01001925",8,10.942
"1829","E01001926",8,10.308
"1830","E01001927",9,7.563
"1831","E01001928",6,16.204
"1832","E01001929",8,10.115
"1833","E01001930",4,25.796
"1834","E01001931",7,12.38
"1835","E01001932",5,20.986
"1836","E01001933",6,15.723
"1837","E01001934",5,20.851
"1838","E01001935",5,19.799
"1839","E01001937",7,12.66
"1840","E01001938",3,27.182
"1841","E01001940",3,27.803
"1842","E01001941",3,29.803
"1843","E01001942",4,24.386
"1844","E01001943",3,31.446
"1845","E01001944",1,44.914
"1846","E01001945",5,21.111
"1847","E01001946",6,16.448
"1848","E01001947",2,38.139
"1849","E01001948",6,14.438
"1850","E01001949",8,9.582
"1851","E01001950",7,11.622
"1852","E01001951",6,16.654
"1853","E01001952",6,17.007
"1854","E01001953",4,23.004
"1855","E01001954",4,25.406
"1856","E01001955",3,31.765
"1857","E01001956",4,25.194
"1858","E01001957",2,37.22
"1859","E01001958",2,36.3
"1860","E01001959",3,30.945
"1861","E01001960",5,20.574
"1862","E01001961",2,40.038
"1863","E01001962",6,16.677
"1864","E01001963",9,6.782
"1865","E01001964",6,17.261
"1866","E01001965",9,7.909
"1867","E01001966",8,10.35
"1868","E01001967",9,6.171
"1869","E01001968",8,9.949
"1870","E01001969",3,33.458
"1871","E01001970",2,34.469
"1872","E01001971",1,44.989
"1873","E01001972",3,32.777
"1874","E01001973",4,21.988
"1875","E01001974",3,27.147
"1876","E01001975",3,29.988
"1877","E01001976",2,34.67
"1878","E01001977",2,41.705
"1879","E01001978",1,49.687
"1880","E01001979",1,50.956
"1881","E01001980",2,35.277
"1882","E01001981",2,33.576
"1883","E01001982",2,37.05
"1884","E01001983",3,30.609
"1885","E01001984",6,17.09
"1886","E01001985",9,6.826
"1887","E01001986",7,12.694
"1888","E01001987",9,6.672
"1889","E01001988",8,10.902
"1890","E01001989",8,10.06
"1891","E01001990",6,16.28
"1892","E01001991",7,12.27
"1893","E01001992",9,6.17
"1894","E01001993",10,5.376
"1895","E01001994",8,10.82
"1896","E01001995",4,22.135
"1897","E01001996",8,9.305
"1898","E01001997",7,11.851
"1899","E01001998",5,20.892
"1900","E01001999",4,23.1
"1901","E01002000",5,19.56
"1902","E01002001",5,18.051
"1903","E01002002",2,38.493
"1904","E01002003",2,40.573
"1905","E01002004",5,20.672
"1906","E01002005",7,12.461
"1907","E01002006",7,13.083
"1908","E01002007",8,9.746
"1909","E01002008",9,6.109
"1910","E01002009",8,10.056
"1911","E01002010",6,15.221
"1912","E01002011",6,16.774
"1913","E01002013",7,13.186
"1914","E01002014",4,22.471
"1915","E01002015",3,27.666
"1916","E01002016",5,20.043
"1917","E01002017",4,22.047
"1918","E01002018",4,25.534
"1919","E01002019",9,8.024
"1920","E01002020",6,14.592
"1921","E01002021",9,7.29
"1922","E01002022",8,10.604
"1923","E01002023",8,9.028
"1924","E01002024",7,13.938
"1925","E01002025",10,4.19
"1926","E01002026",1,49.979
"1927","E01002027",2,33.826
"1928","E01002028",2,34.456
"1929","E01002029",2,41.731
"1930","E01002030",2,33.642
"1931","E01002031",2,38.609
"1932","E01002032",2,43.137
"1933","E01002033",2,38.917
"1934","E01002034",1,53.78
"1935","E01002036",1,65.343
"1936","E01002037",1,58.726
"1937","E01002038",1,61.266
"1938","E01002039",1,55.685
"1939","E01002040",1,50.522
"1940","E01002041",1,50.386
"1941","E01002042",4,25.79
"1942","E01002043",2,38.297
"1943","E01002044",3,26.909
"1944","E01002045",2,39.034
"1945","E01002046",2,38.921
"1946","E01002047",5,21.465
"1947","E01002048",3,32.023
"1948","E01002049",2,34.564
"1949","E01002050",1,46.758
"1950","E01002051",1,58.044
"1951","E01002052",2,44.178
"1952","E01002053",2,43.889
"1953","E01002054",1,52.238
"1954","E01002055",1,50.539
"1955","E01002056",2,33.69
"1956","E01002057",3,27.479
"1957","E01002058",3,28.042
"1958","E01002059",5,17.915
"1959","E01002060",7,12.597
"1960","E01002061",7,13.359
"1961","E01002062",6,16.282
"1962","E01002063",4,22.735
"1963","E01002064",4,24.951
"1964","E01002065",3,30.323
"1965","E01002066",2,39.841
"1966","E01002067",2,44.024
"1967","E01002068",2,39.951
"1968","E01002069",1,46.669
"1969","E01002070",4,22.009
"1970","E01002071",1,46.187
"1971","E01002072",2,42.533
"1972","E01002073",2,43.335
"1973","E01002074",1,48.011
"1974","E01002075",2,41.142
"1975","E01002076",1,44.94
"1976","E01002077",2,41.291
"1977","E01002078",4,24.778
"1978","E01002079",3,33.372
"1979","E01002081",2,43.867
"1980","E01002082",1,49.888
"1981","E01002083",5,21.398
"1982","E01002084",3,29.449
"1983","E01002085",3,30.777
"1984","E01002086",4,24.707
"1985","E01002087",3,33.374
"1986","E01002088",3,30.628
"1987","E01002089",1,53.554
"1988","E01002090",2,34.381
"1989","E01002091",1,46.181
"1990","E01002092",1,47.886
"1991","E01002093",1,50.82
"1992","E01002094",2,42.267
"1993","E01002095",1,46.776
"1994","E01002096",2,40.243
"1995","E01002097",2,40.811
"1996","E01002098",3,27.065
"1997","E01002099",1,52.144
"1998","E01002100",2,42.618
"1999","E01002101",3,27.649
"2000","E01002102",2,34.931
"2001","E01002103",3,32.762
"2002","E01002104",3,31.986
"2003","E01002105",2,38.431
"2004","E01002106",6,14.74
"2005","E01002107",7,11.247
"2006","E01002108",8,9.721
"2007","E01002109",8,9.684
"2008","E01002110",7,11.358
"2009","E01002111",5,19.066
"2010","E01002112",8,9.571
"2011","E01002113",5,19.261
"2012","E01002114",5,21.307
"2013","E01002115",5,17.805
"2014","E01002116",7,12.2
"2015","E01002118",3,27.787
"2016","E01002119",4,22.604
"2017","E01002120",2,39.628
"2018","E01002121",5,17.737
"2019","E01002122",6,16.693
"2020","E01002123",4,22.819
"2021","E01002124",5,19.993
"2022","E01002125",4,24.97
"2023","E01002127",6,14.773
"2024","E01002128",4,22.338
"2025","E01002129",4,24.076
"2026","E01002130",3,31.077
"2027","E01002131",3,26.817
"2028","E01002132",7,13.356
"2029","E01002133",3,31.173
"2030","E01002134",7,12.54
"2031","E01002135",5,19.391
"2032","E01002136",6,16.086
"2033","E01002137",8,10.839
"2034","E01002138",5,19.14
"2035","E01002139",3,30.342
"2036","E01002140",5,19.839
"2037","E01002141",5,17.704
"2038","E01002142",6,14.716
"2039","E01002143",5,20.45
"2040","E01002144",7,12.3
"2041","E01002145",5,21.093
"2042","E01002146",10,3.316
"2043","E01002147",10,3.656
"2044","E01002148",9,7.488
"2045","E01002149",10,1.079
"2046","E01002150",7,12.262
"2047","E01002151",3,33.296
"2048","E01002152",9,5.471
"2049","E01002153",9,5.931
"2050","E01002155",9,6.741
"2051","E01002156",10,3.676
"2052","E01002157",7,12.632
"2053","E01002158",10,2.696
"2054","E01002159",7,13.144
"2055","E01002160",5,18.266
"2056","E01002161",6,15.585
"2057","E01002162",5,20.732
"2058","E01002163",9,6.327
"2059","E01002164",6,14.632
"2060","E01002165",5,17.468
"2061","E01002166",6,15.512
"2062","E01002167",5,17.511
"2063","E01002168",4,25.665
"2064","E01002169",4,23.031
"2065","E01002170",6,16.2
"2066","E01002171",6,17.108
"2067","E01002172",6,15.312
"2068","E01002173",8,10.478
"2069","E01002174",8,9.441
"2070","E01002175",7,13.99
"2071","E01002176",6,15.637
"2072","E01002177",6,16.546
"2073","E01002178",8,8.748
"2074","E01002179",3,31.492
"2075","E01002181",5,17.937
"2076","E01002182",5,18.753
"2077","E01002183",4,25.506
"2078","E01002184",4,26.232
"2079","E01002185",3,27.17
"2080","E01002186",5,20.734
"2081","E01002187",7,12.251
"2082","E01002188",10,2.636
"2083","E01002189",8,8.995
"2084","E01002190",10,2.591
"2085","E01002191",10,4.189
"2086","E01002192",9,5.479
"2087","E01002193",7,12.505
"2088","E01002194",10,2.875
"2089","E01002195",9,5.61
"2090","E01002196",10,2.668
"2091","E01002197",7,12.08
"2092","E01002198",5,18.476
"2093","E01002199",6,15.022
"2094","E01002200",6,14.958
"2095","E01002201",7,11.422
"2096","E01002202",3,30.863
"2097","E01002203",5,20.035
"2098","E01002204",4,23.075
"2099","E01002206",6,14.737
"2100","E01002207",7,11.483
"2101","E01002208",10,2.705
"2102","E01002209",7,13.245
"2103","E01002210",8,9.942
"2104","E01002211",4,26.027
"2105","E01002212",3,27.689
"2106","E01002214",4,22.461
"2107","E01002215",3,29.368
"2108","E01002216",6,14.199
"2109","E01002217",4,24.216
"2110","E01002218",5,20.181
"2111","E01002219",3,27.75
"2112","E01002220",6,15.851
"2113","E01002221",4,25.111
"2114","E01002222",6,14.749
"2115","E01002223",6,16.299
"2116","E01002224",3,27.159
"2117","E01002225",9,7.942
"2118","E01002226",5,21.142
"2119","E01002227",3,33.175
"2120","E01002228",5,19.585
"2121","E01002229",4,23.882
"2122","E01002230",7,11.574
"2123","E01002231",4,23.8
"2124","E01002232",4,25.093
"2125","E01002233",3,32.036
"2126","E01002234",4,21.832
"2127","E01002235",3,33.328
"2128","E01002236",4,25.565
"2129","E01002237",5,20.033
"2130","E01002238",7,14.089
"2131","E01002239",8,9.286
"2132","E01002240",6,16.337
"2133","E01002241",5,19.925
"2134","E01002242",8,8.383
"2135","E01002243",3,32.085
"2136","E01002244",6,16.388
"2137","E01002245",6,16.914
"2138","E01002246",6,15.289
"2139","E01002247",4,25.879
"2140","E01002248",4,25.886
"2141","E01002250",5,20.121
"2142","E01002251",4,24.559
"2143","E01002252",9,6.665
"2144","E01002253",10,1.972
"2145","E01002254",10,2.8
"2146","E01002255",8,9.179
"2147","E01002256",10,5.405
"2148","E01002257",10,2.725
"2149","E01002258",6,17.245
"2150","E01002259",9,7.528
"2151","E01002260",7,12
"2152","E01002261",7,13.462
"2153","E01002262",7,13.754
"2154","E01002263",9,7.48
"2155","E01002264",2,34.043
"2156","E01002265",8,9.343
"2157","E01002266",7,12.167
"2158","E01002267",5,21.435
"2159","E01002268",7,11.429
"2160","E01002269",8,10.792
"2161","E01002270",10,5.098
"2162","E01002271",10,3.395
"2163","E01002272",9,7.681
"2164","E01002273",8,9.293
"2165","E01002274",9,7.718
"2166","E01002275",10,5.462
"2167","E01002276",3,28.811
"2168","E01002277",3,30.556
"2169","E01002278",3,31.835
"2170","E01002279",4,26.461
"2171","E01002280",2,43.994
"2172","E01002281",2,34.307
"2173","E01002282",1,47.847
"2174","E01002283",4,26.379
"2175","E01002284",3,26.779
"2176","E01002285",10,3.853
"2177","E01002286",10,2.679
"2178","E01002287",9,7.607
"2179","E01002288",10,4.903
"2180","E01002289",8,8.962
"2181","E01002290",9,5.679
"2182","E01002291",7,12.003
"2183","E01002292",5,17.764
"2184","E01002294",8,10.717
"2185","E01002295",6,14.71
"2186","E01002296",6,14.337
"2187","E01002297",2,38.13
"2188","E01002298",7,13.484
"2189","E01002299",5,19.705
"2190","E01002300",8,9.022
"2191","E01002301",7,12.92
"2192","E01002302",7,13.288
"2193","E01002303",3,26.838
"2194","E01002304",5,19.513
"2195","E01002305",5,18.11
"2196","E01002306",2,33.609
"2197","E01002307",5,20.8
"2198","E01002308",4,22.791
"2199","E01002309",4,23.847
"2200","E01002310",2,38.001
"2201","E01002311",4,24.804
"2202","E01002312",4,24.991
"2203","E01002313",3,26.684
"2204","E01002314",2,38.066
"2205","E01002315",4,24.472
"2206","E01002316",2,44.868
"2207","E01002317",10,3.054
"2208","E01002318",9,6.484
"2209","E01002319",4,23.542
"2210","E01002320",9,6.256
"2211","E01002321",9,8.295
"2212","E01002322",9,6.67
"2213","E01002323",9,6.859
"2214","E01002324",6,17.294
"2215","E01002325",4,26.217
"2216","E01002326",4,23.335
"2217","E01002327",7,13.04
"2218","E01002328",9,8.319
"2219","E01002329",7,12.75
"2220","E01002330",5,21.266
"2221","E01002331",7,12.845
"2222","E01002332",6,14.681
"2223","E01002333",9,5.466
"2224","E01002334",9,7.78
"2225","E01002335",5,19.774
"2226","E01002336",7,11.886
"2227","E01002337",8,10.814
"2228","E01002338",7,13.281
"2229","E01002339",10,4.206
"2230","E01002340",9,7.433
"2231","E01002341",9,7.476
"2232","E01002342",4,22.975
"2233","E01002343",7,11.412
"2234","E01002344",5,20.647
"2235","E01002345",3,30.124
"2236","E01002346",4,24.833
"2237","E01002347",7,13.921
"2238","E01002348",7,11.156
"2239","E01002349",6,16.166
"2240","E01002350",3,29
"2241","E01002351",7,13.441
"2242","E01002352",5,19.251
"2243","E01002353",5,18.246
"2244","E01002354",10,4.438
"2245","E01002355",10,3.002
"2246","E01002356",2,37.189
"2247","E01002358",5,18.679
"2248","E01002359",10,5.128
"2249","E01002360",5,17.759
"2250","E01002361",5,21.169
"2251","E01002362",9,7.538
"2252","E01002363",5,18.498
"2253","E01002364",9,5.732
"2254","E01002365",6,14.88
"2255","E01002366",8,10.743
"2256","E01002367",8,10.968
"2257","E01002368",3,32.092
"2258","E01002369",5,18.82
"2259","E01002370",4,26.578
"2260","E01002371",6,14.867
"2261","E01002372",8,10.436
"2262","E01002373",6,14.345
"2263","E01002374",5,18.953
"2264","E01002375",3,28.045
"2265","E01002376",10,3.055
"2266","E01002377",7,12.757
"2267","E01002378",9,6.728
"2268","E01002379",7,11.989
"2269","E01002380",4,22.793
"2270","E01002381",6,14.629
"2271","E01002382",8,9.24
"2272","E01002383",8,9.69
"2273","E01002384",10,5.337
"2274","E01002385",9,7.012
"2275","E01002386",7,12.725
"2276","E01002387",10,1.209
"2277","E01002388",10,1.354
"2278","E01002389",10,2.642
"2279","E01002390",10,1.744
"2280","E01002391",8,8.62
"2281","E01002392",2,38.903
"2282","E01002393",4,25.176
"2283","E01002394",4,23.74
"2284","E01002395",4,21.617
"2285","E01002396",3,27.206
"2286","E01002397",2,37.111
"2287","E01002398",5,20.748
"2288","E01002399",5,20.382
"2289","E01002400",3,27.317
"2290","E01002401",3,28.521
"2291","E01002402",3,30.098
"2292","E01002403",3,29.253
"2293","E01002404",2,34.132
"2294","E01002405",3,27.18
"2295","E01002408",2,36.477
"2296","E01002409",4,24.85
"2297","E01002410",5,20.613
"2298","E01002411",5,21.449
"2299","E01002412",6,17.394
"2300","E01002413",3,32.941
"2301","E01002414",8,10.359
"2302","E01002415",10,4.937
"2303","E01002416",9,5.916
"2304","E01002417",9,6.468
"2305","E01002418",7,11.183
"2306","E01002419",9,5.937
"2307","E01002420",7,13.091
"2308","E01002421",8,10.059
"2309","E01002422",4,23.357
"2310","E01002423",4,21.858
"2311","E01002424",5,19.845
"2312","E01002425",3,29.232
"2313","E01002426",4,23.863
"2314","E01002427",6,15.987
"2315","E01002428",6,15.455
"2316","E01002429",3,30.126
"2317","E01002430",10,2.12
"2318","E01002431",10,1.184
"2319","E01002432",8,10.001
"2320","E01002433",6,15.851
"2321","E01002434",10,4.353
"2322","E01002435",10,3.394
"2323","E01002436",8,10.566
"2324","E01002437",10,3.483
"2325","E01002438",6,14.904
"2326","E01002439",5,20.671
"2327","E01002440",4,24.302
"2328","E01002441",3,29.788
"2329","E01002442",3,26.917
"2330","E01002443",3,28.468
"2331","E01002444",2,33.809
"2332","E01002445",2,41.618
"2333","E01002446",4,22.103
"2334","E01002447",3,30.092
"2335","E01002448",3,28.374
"2336","E01002449",2,33.602
"2337","E01002450",7,11.402
"2338","E01002451",8,10.186
"2339","E01002452",7,13.379
"2340","E01002453",7,13.528
"2341","E01002454",4,22.451
"2342","E01002455",4,24.963
"2343","E01002456",5,20.605
"2344","E01002457",3,30.863
"2345","E01002458",10,4.221
"2346","E01002459",10,2.657
"2347","E01002460",9,7.943
"2348","E01002461",8,8.888
"2349","E01002462",10,4.432
"2350","E01002463",9,6.01
"2351","E01002464",9,6.496
"2352","E01002465",6,15.115
"2353","E01002466",9,6.306
"2354","E01002467",10,5.213
"2355","E01002468",9,6.556
"2356","E01002469",10,4.868
"2357","E01002470",6,14.743
"2358","E01002471",10,5.299
"2359","E01002472",8,10.547
"2360","E01002473",7,11.136
"2361","E01002474",8,9.785
"2362","E01002475",6,16.36
"2363","E01002476",10,3.534
"2364","E01002477",8,9.868
"2365","E01002478",8,10.958
"2366","E01002479",5,18.656
"2367","E01002480",10,3.937
"2368","E01002481",5,21.204
"2369","E01002482",10,2.609
"2370","E01002483",6,16.621
"2371","E01002484",5,20.959
"2372","E01002485",5,20.81
"2373","E01002486",3,31.254
"2374","E01002487",3,27.565
"2375","E01002488",4,22.711
"2376","E01002489",4,21.983
"2377","E01002490",4,25.157
"2378","E01002491",3,29.658
"2379","E01002492",4,21.77
"2380","E01002493",2,36.251
"2381","E01002494",7,12.614
"2382","E01002495",7,11.967
"2383","E01002496",5,21.525
"2384","E01002497",5,20.347
"2385","E01002498",8,9.392
"2386","E01002499",5,18.17
"2387","E01002501",4,22.176
"2388","E01002502",4,24.625
"2389","E01002503",3,32.889
"2390","E01002505",2,38.119
"2391","E01002506",2,42.794
"2392","E01002507",4,23.645
"2393","E01002508",2,34.554
"2394","E01002509",10,5.082
"2395","E01002511",4,21.919
"2396","E01002512",8,8.532
"2397","E01002513",7,12.045
"2398","E01002514",5,19.293
"2399","E01002516",9,6.695
"2400","E01002518",6,16.471
"2401","E01002519",4,25.11
"2402","E01002520",3,27.565
"2403","E01002521",2,35.702
"2404","E01002523",5,19.475
"2405","E01002525",4,21.729
"2406","E01002526",4,24.717
"2407","E01002527",2,36.358
"2408","E01002528",2,36.825
"2409","E01002529",3,29.336
"2410","E01002530",2,41.372
"2411","E01002531",5,19.488
"2412","E01002533",5,18.392
"2413","E01002534",9,7.389
"2414","E01002535",8,10.035
"2415","E01002536",8,9.674
"2416","E01002537",9,7.763
"2417","E01002538",6,15.404
"2418","E01002539",9,6.878
"2419","E01002540",3,33.104
"2420","E01002541",5,20.235
"2421","E01002542",2,38.735
"2422","E01002543",3,30.277
"2423","E01002544",6,15.284
"2424","E01002545",2,42.876
"2425","E01002546",5,20.571
"2426","E01002547",3,27.064
"2427","E01002548",3,27.738
"2428","E01002549",4,25.335
"2429","E01002550",3,28.588
"2430","E01002551",4,24.662
"2431","E01002552",3,29.535
"2432","E01002553",2,33.922
"2433","E01002555",4,23.004
"2434","E01002556",4,22.837
"2435","E01002557",3,28.552
"2436","E01002558",2,35.017
"2437","E01002559",3,29.158
"2438","E01002560",3,27.275
"2439","E01002561",2,33.725
"2440","E01002562",3,33.104
"2441","E01002563",6,15.494
"2442","E01002564",3,30.046
"2443","E01002565",4,22.05
"2444","E01002567",5,20.311
"2445","E01002569",9,8.235
"2446","E01002570",6,16.188
"2447","E01002571",10,4.833
"2448","E01002572",3,30.664
"2449","E01002573",7,11.208
"2450","E01002574",8,11.053
"2451","E01002575",8,10.496
"2452","E01002576",5,21.301
"2453","E01002577",7,13.088
"2454","E01002578",7,12.984
"2455","E01002579",7,12.211
"2456","E01002580",4,21.83
"2457","E01002581",6,14.627
"2458","E01002582",8,10.736
"2459","E01002583",3,28.666
"2460","E01002584",3,29.226
"2461","E01002585",3,31.79
"2462","E01002586",4,23.367
"2463","E01002587",3,30.775
"2464","E01002588",1,46.093
"2465","E01002589",3,31.456
"2466","E01002590",3,28.34
"2467","E01002591",3,26.649
"2468","E01002592",3,29.685
"2469","E01002593",3,27.108
"2470","E01002594",4,23.833
"2471","E01002595",3,31.581
"2472","E01002596",3,26.605
"2473","E01002598",3,28.157
"2474","E01002599",3,27.566
"2475","E01002600",4,25.289
"2476","E01002601",4,23.786
"2477","E01002602",5,17.695
"2478","E01002603",4,25.226
"2479","E01002604",1,45.114
"2480","E01002605",2,37.111
"2481","E01002606",2,36.036
"2482","E01002607",4,25.728
"2483","E01002608",2,36.531
"2484","E01002609",5,18.12
"2485","E01002610",3,31.703
"2486","E01002611",4,23.761
"2487","E01002612",3,29.36
"2488","E01002613",4,22.527
"2489","E01002614",5,20.155
"2490","E01002615",2,36.1
"2491","E01002616",5,20.007
"2492","E01002617",6,15.678
"2493","E01002618",5,19.035
"2494","E01002619",4,23.033
"2495","E01002620",3,32.692
"2496","E01002621",3,28.507
"2497","E01002622",4,23.543
"2498","E01002623",3,31.677
"2499","E01002624",3,30.828
"2500","E01002625",4,23.225
"2501","E01002626",4,22.608
"2502","E01002627",2,36
"2503","E01002628",4,23.068
"2504","E01002629",4,23.211
"2505","E01002630",4,23.966
"2506","E01002631",3,27.433
"2507","E01002632",4,22.93
"2508","E01002633",2,37.124
"2509","E01002634",2,40.905
"2510","E01002635",4,23.366
"2511","E01002636",4,23.378
"2512","E01002637",2,36.142
"2513","E01002638",2,34.272
"2514","E01002639",4,21.764
"2515","E01002640",4,21.92
"2516","E01002641",4,26.282
"2517","E01002643",4,26.402
"2518","E01002645",3,30.243
"2519","E01002646",2,36.732
"2520","E01002647",3,31.415
"2521","E01002649",2,38.293
"2522","E01002650",3,29.373
"2523","E01002651",3,27.18
"2524","E01002652",4,26.414
"2525","E01002653",6,17.427
"2526","E01002654",6,15.744
"2527","E01002655",6,16.184
"2528","E01002656",8,10.614
"2529","E01002657",6,15.468
"2530","E01002658",8,10.835
"2531","E01002659",6,16.373
"2532","E01002660",3,27.234
"2533","E01002661",4,26.352
"2534","E01002662",4,23.73
"2535","E01002663",3,28.448
"2536","E01002665",2,34.156
"2537","E01002666",5,21.369
"2538","E01002667",5,19.854
"2539","E01002668",5,19.817
"2540","E01002669",2,35.299
"2541","E01002670",6,16.074
"2542","E01002671",6,15.765
"2543","E01002672",4,26.006
"2544","E01002673",1,53.377
"2545","E01002674",7,13.678
"2546","E01002675",7,12.121
"2547","E01002676",7,12.748
"2548","E01002677",5,21.326
"2549","E01002678",7,13.332
"2550","E01002679",7,14.016
"2551","E01002680",5,17.512
"2552","E01002681",3,29.307
"2553","E01002682",4,21.831
"2554","E01002686",2,43.878
"2555","E01002687",6,14.348
"2556","E01002689",5,19.22
"2557","E01002690",7,12.222
"2558","E01002691",7,12.286
"2559","E01002692",6,15.919
"2560","E01002693",6,15.108
"2561","E01002694",2,35.432
"2562","E01002695",4,25.375
"2563","E01002696",4,21.63
"2564","E01002697",4,24.831
"2565","E01002698",4,21.617
"2566","E01002699",4,23.674
"2567","E01002700",6,14.392
"2568","E01002701",3,33.075
"2569","E01002702",3,27.494
"2570","E01002703",4,26.225
"2571","E01002704",4,23.601
"2572","E01002706",4,24.579
"2573","E01002707",4,24.725
"2574","E01002708",4,25.965
"2575","E01002709",3,29.381
"2576","E01002710",3,31.79
"2577","E01002711",5,20.069
"2578","E01002712",3,28.559
"2579","E01002713",2,34.135
"2580","E01002714",5,18.279
"2581","E01002715",2,38.289
"2582","E01002716",2,39.199
"2583","E01002717",5,20.473
"2584","E01002718",5,19.097
"2585","E01002719",6,16.096
"2586","E01002720",1,44.946
"2587","E01002721",3,27.425
"2588","E01002722",2,35.585
"2589","E01002723",3,28.035
"2590","E01002724",8,10.893
"2591","E01002725",3,31.645
"2592","E01002726",4,24.739
"2593","E01002727",4,23.729
"2594","E01002728",4,24.128
"2595","E01002729",3,27.321
"2596","E01002730",3,31.787
"2597","E01002732",1,46.965
"2598","E01002733",6,15.312
"2599","E01002734",2,40.881
"2600","E01002735",4,25.347
"2601","E01002736",1,47.457
"2602","E01002737",2,41.085
"2603","E01002738",5,20.591
"2604","E01002739",5,17.573
"2605","E01002740",7,11.271
"2606","E01002741",2,40.229
"2607","E01002742",8,10.256
"2608","E01002743",5,19.097
"2609","E01002744",5,18.924
"2610","E01002745",6,16.027
"2611","E01002747",6,15.832
"2612","E01002748",2,38.213
"2613","E01002749",5,21.232
"2614","E01002751",1,49.423
"2615","E01002752",5,20.247
"2616","E01002753",3,28.348
"2617","E01002754",5,17.924
"2618","E01002755",2,41.861
"2619","E01002756",3,27.223
"2620","E01002757",4,26.138
"2621","E01002758",2,42.135
"2622","E01002759",5,18.759
"2623","E01002760",2,34.949
"2624","E01002762",5,18.723
"2625","E01002763",3,32.437
"2626","E01002764",4,25.354
"2627","E01002765",3,29.039
"2628","E01002766",3,29.61
"2629","E01002767",3,31.264
"2630","E01002768",4,26.418
"2631","E01002769",6,16.327
"2632","E01002770",4,22.387
"2633","E01002771",4,26.53
"2634","E01002772",3,27.638
"2635","E01002773",2,37.852
"2636","E01002774",3,28.886
"2637","E01002775",4,22.845
"2638","E01002776",3,27.989
"2639","E01002777",4,22.976
"2640","E01002778",2,34.674
"2641","E01002779",5,20.954
"2642","E01002780",3,26.839
"2643","E01002781",5,21.293
"2644","E01002782",2,40.371
"2645","E01002783",2,40.744
"2646","E01002784",2,33.706
"2647","E01002785",5,18.554
"2648","E01002786",2,36.789
"2649","E01002787",4,26.243
"2650","E01002788",5,17.555
"2651","E01002789",7,13.343
"2652","E01002790",1,45.973
"2653","E01002791",5,18.215
"2654","E01002792",6,16.727
"2655","E01002793",2,34.862
"2656","E01002794",5,18.625
"2657","E01002795",3,30.885
"2658","E01002796",3,29.454
"2659","E01002797",3,32.985
"2660","E01002798",5,19.057
"2661","E01002799",3,29.106
"2662","E01002800",4,23.586
"2663","E01002801",5,19.521
"2664","E01002802",5,20.724
"2665","E01002804",2,43.108
"2666","E01002805",3,27.527
"2667","E01002806",4,24.325
"2668","E01002807",2,37.073
"2669","E01002808",3,29.612
"2670","E01002809",3,28.435
"2671","E01002810",2,34.758
"2672","E01002811",2,35.61
"2673","E01002812",9,5.831
"2674","E01002813",8,9.045
"2675","E01002814",4,23.673
"2676","E01002815",6,15.176
"2677","E01002816",8,10.36
"2678","E01002817",8,9.465
"2679","E01002818",7,11.79
"2680","E01002819",7,12.631
"2681","E01002821",7,12.329
"2682","E01002823",3,27.935
"2683","E01002824",9,8.008
"2684","E01002825",9,7.398
"2685","E01002826",8,10.646
"2686","E01002827",7,11.278
"2687","E01002828",7,12.456
"2688","E01002829",3,31.474
"2689","E01002830",3,31.839
"2690","E01002831",2,37.467
"2691","E01002832",4,26.419
"2692","E01002833",5,18.283
"2693","E01002834",7,12.776
"2694","E01002835",7,12.17
"2695","E01002836",8,10.146
"2696","E01002837",8,10.244
"2697","E01002839",4,23.198
"2698","E01002840",2,44.173
"2699","E01002841",3,26.811
"2700","E01002842",1,45.925
"2701","E01002843",2,42.708
"2702","E01002844",6,15.092
"2703","E01002845",3,26.774
"2704","E01002846",4,26.017
"2705","E01002847",5,17.59
"2706","E01002848",4,25.977
"2707","E01002849",6,16.247
"2708","E01002850",4,22.032
"2709","E01002851",2,42.803
"2710","E01002852",2,37.371
"2711","E01002853",3,29.054
"2712","E01002854",2,44.897
"2713","E01002855",2,42.657
"2714","E01002856",2,40.325
"2715","E01002857",2,44.071
"2716","E01002858",4,21.595
"2717","E01002859",8,9.837
"2718","E01002860",7,11.161
"2719","E01002861",6,16.596
"2720","E01002862",3,27.746
"2721","E01002863",8,8.896
"2722","E01002864",9,7.056
"2723","E01002865",9,7.595
"2724","E01002866",6,14.956
"2725","E01002867",4,24.928
"2726","E01002868",9,6.364
"2727","E01002869",5,17.931
"2728","E01002870",2,36.554
"2729","E01002871",8,10.763
"2730","E01002872",2,34.654
"2731","E01002873",6,16.161
"2732","E01002874",5,20.15
"2733","E01002875",9,7.996
"2734","E01002876",6,14.672
"2735","E01002877",3,31.03
"2736","E01002878",3,32.669
"2737","E01002879",3,27.759
"2738","E01002880",2,42.871
"2739","E01002881",2,34.968
"2740","E01002882",5,18.612
"2741","E01002883",7,11.461
"2742","E01002884",5,17.872
"2743","E01002885",5,18.364
"2744","E01002886",7,11.448
"2745","E01002887",6,16.741
"2746","E01002888",9,7.462
"2747","E01002889",8,8.808
"2748","E01002890",9,7.868
"2749","E01002891",8,8.777
"2750","E01002892",8,10.598
"2751","E01002893",5,21.244
"2752","E01002894",5,20.963
"2753","E01002896",8,9.013
"2754","E01002897",6,14.913
"2755","E01002898",9,8.076
"2756","E01002899",3,28.423
"2757","E01002900",8,9.971
"2758","E01002901",7,12.478
"2759","E01002902",6,14.38
"2760","E01002903",8,9.381
"2761","E01002904",1,46.301
"2762","E01002905",2,36.602
"2763","E01002906",3,30.969
"2764","E01002907",1,47.733
"2765","E01002908",5,21.372
"2766","E01002909",4,25.005
"2767","E01002910",6,16.564
"2768","E01002911",7,12.86
"2769","E01002912",6,14.71
"2770","E01002913",5,20.276
"2771","E01002914",9,8.257
"2772","E01002915",9,7.533
"2773","E01002916",10,3.783
"2774","E01002917",10,1.67
"2775","E01002918",7,12.349
"2776","E01002919",5,19.961
"2777","E01002920",10,3.128
"2778","E01002921",6,14.903
"2779","E01002922",9,6.862
"2780","E01002923",3,32.436
"2781","E01002924",10,1.691
"2782","E01002925",8,10.822
"2783","E01002926",10,4.311
"2784","E01002927",7,11.234
"2785","E01002928",6,17.117
"2786","E01002929",9,6.603
"2787","E01002930",7,13.662
"2788","E01002931",8,9.256
"2789","E01002932",4,25.254
"2790","E01002933",6,15.508
"2791","E01002934",9,5.983
"2792","E01002935",8,9.525
"2793","E01002937",9,5.547
"2794","E01002938",9,7.478
"2795","E01002939",6,17.273
"2796","E01002940",6,14.712
"2797","E01002941",8,9.737
"2798","E01002942",9,6.749
"2799","E01002943",6,14.339
"2800","E01002944",8,10.966
"2801","E01002945",8,8.625
"2802","E01002946",9,7.428
"2803","E01002947",10,4.76
"2804","E01002948",6,14.28
"2805","E01002949",7,11.145
"2806","E01002950",5,18.979
"2807","E01002951",9,5.49
"2808","E01002952",10,2.76
"2809","E01002953",10,4.928
"2810","E01002954",6,14.922
"2811","E01002955",6,16.049
"2812","E01002956",9,7.509
"2813","E01002957",4,21.662
"2814","E01002958",9,6.534
"2815","E01002959",10,1.127
"2816","E01002960",10,5.234
"2817","E01002961",10,4.222
"2818","E01002962",6,15.04
"2819","E01002963",8,11.088
"2820","E01002964",6,17.367
"2821","E01002965",7,11.204
"2822","E01002966",8,9.344
"2823","E01002967",10,4.977
"2824","E01002968",7,12.881
"2825","E01002969",3,33.439
"2826","E01002970",5,21.416
"2827","E01002971",7,13.521
"2828","E01002972",5,17.873
"2829","E01002973",4,24.839
"2830","E01002974",6,16.724
"2831","E01002975",7,12.14
"2832","E01002976",10,5.151
"2833","E01002977",5,21.504
"2834","E01002978",9,6.638
"2835","E01002979",9,8.228
"2836","E01002980",9,6.408
"2837","E01002981",8,9.546
"2838","E01002982",8,9.942
"2839","E01002983",10,3.56
"2840","E01002984",6,14.771
"2841","E01002985",6,16.906
"2842","E01002986",8,10.996
"2843","E01002987",5,18.465
"2844","E01002988",7,11.367
"2845","E01002989",9,5.555
"2846","E01002990",9,5.93
"2847","E01002991",9,6.612
"2848","E01002992",10,4.93
"2849","E01002993",9,8.284
"2850","E01002994",9,5.731
"2851","E01002995",10,3.757
"2852","E01002996",9,6.245
"2853","E01002997",10,5.191
"2854","E01002998",6,14.222
"2855","E01002999",7,11.666
"2856","E01003000",6,16.027
"2857","E01003001",8,9.655
"2858","E01003002",5,18.33
"2859","E01003003",5,19.689
"2860","E01003004",8,10.606
"2861","E01003005",9,6.721
"2862","E01003006",10,4.738
"2863","E01003007",10,4.027
"2864","E01003008",10,2.722
"2865","E01003009",8,8.707
"2866","E01003010",10,4.291
"2867","E01003011",9,6.937
"2868","E01003013",7,11.626
"2869","E01003014",3,30.337
"2870","E01003015",4,26.446
"2871","E01003016",6,16.838
"2872","E01003017",3,28.463
"2873","E01003018",5,19.441
"2874","E01003019",7,13.187
"2875","E01003020",4,22.019
"2876","E01003021",4,24.995
"2877","E01003022",5,19.424
"2878","E01003023",5,18.598
"2879","E01003024",3,27.257
"2880","E01003025",4,21.653
"2881","E01003026",7,13.323
"2882","E01003027",9,5.486
"2883","E01003028",7,13.374
"2884","E01003029",6,14.837
"2885","E01003030",5,19.981
"2886","E01003031",4,21.893
"2887","E01003032",4,25.653
"2888","E01003033",8,10.942
"2889","E01003034",4,24.129
"2890","E01003035",4,25.532
"2891","E01003036",6,17.126
"2892","E01003037",2,37.223
"2893","E01003038",8,8.725
"2894","E01003039",8,9.884
"2895","E01003040",6,17.132
"2896","E01003041",2,34.042
"2897","E01003042",4,23.055
"2898","E01003043",5,19.116
"2899","E01003044",2,35.321
"2900","E01003045",3,33.453
"2901","E01003046",2,35.555
"2902","E01003047",2,35.761
"2903","E01003048",2,37.083
"2904","E01003049",3,33.334
"2905","E01003050",4,24.538
"2906","E01003051",3,27.54
"2907","E01003052",3,31.555
"2908","E01003053",6,16.367
"2909","E01003054",7,13.139
"2910","E01003055",3,29.804
"2911","E01003056",5,21.169
"2912","E01003057",3,31.303
"2913","E01003058",5,21.011
"2914","E01003059",4,23.736
"2915","E01003060",4,26.577
"2916","E01003061",3,28.378
"2917","E01003062",4,24.518
"2918","E01003063",3,32.987
"2919","E01003064",7,12.835
"2920","E01003065",3,32.902
"2921","E01003066",3,30.869
"2922","E01003067",6,16.265
"2923","E01003068",4,23.529
"2924","E01003069",3,27.938
"2925","E01003070",3,32.581
"2926","E01003071",7,13.692
"2927","E01003072",7,13.009
"2928","E01003073",3,33.02
"2929","E01003074",5,20.32
"2930","E01003075",2,41.218
"2931","E01003076",5,18.144
"2932","E01003077",4,24.218
"2933","E01003078",7,11.647
"2934","E01003079",3,28.62
"2935","E01003080",5,18.715
"2936","E01003081",3,29.978
"2937","E01003082",2,34.426
"2938","E01003083",6,15.522
"2939","E01003084",5,18.511
"2940","E01003085",7,13.473
"2941","E01003086",2,33.753
"2942","E01003087",1,46.461
"2943","E01003088",4,25.255
"2944","E01003089",4,26.585
"2945","E01003090",5,17.574
"2946","E01003091",4,23.622
"2947","E01003092",4,25.226
"2948","E01003093",2,35.241
"2949","E01003094",4,22.086
"2950","E01003095",6,15.671
"2951","E01003096",4,21.777
"2952","E01003097",3,27.736
"2953","E01003098",5,18.915
"2954","E01003099",3,27.882
"2955","E01003100",6,16.824
"2956","E01003101",3,32.435
"2957","E01003102",4,25.399
"2958","E01003104",5,19.436
"2959","E01003105",3,29.713
"2960","E01003106",4,25.541
"2961","E01003107",5,18.768
"2962","E01003108",3,32.973
"2963","E01003110",6,17.035
"2964","E01003111",3,32.209
"2965","E01003112",3,28.076
"2966","E01003113",3,28.827
"2967","E01003114",5,18.74
"2968","E01003115",4,22.531
"2969","E01003116",6,14.941
"2970","E01003117",4,23.288
"2971","E01003118",4,26.257
"2972","E01003119",4,25.656
"2973","E01003120",3,32.41
"2974","E01003121",3,31.369
"2975","E01003122",5,20.261
"2976","E01003123",6,16.826
"2977","E01003124",4,25.258
"2978","E01003125",3,29.042
"2979","E01003126",4,25.848
"2980","E01003127",5,17.764
"2981","E01003128",3,31.496
"2982","E01003129",4,21.914
"2983","E01003130",5,19.725
"2984","E01003131",7,13.821
"2985","E01003132",2,35.627
"2986","E01003133",4,25.985
"2987","E01003134",5,19.248
"2988","E01003135",4,25.432
"2989","E01003136",5,18.427
"2990","E01003137",3,30.5
"2991","E01003138",8,10.496
"2992","E01003139",4,21.769
"2993","E01003140",6,16.968
"2994","E01003141",4,23.759
"2995","E01003142",5,20.052
"2996","E01003143",3,30.552
"2997","E01003144",7,13.359
"2998","E01003145",3,28.179
"2999","E01003146",4,25.809
"3000","E01003147",4,22.691
"3001","E01003148",5,18.846
"3002","E01003149",7,13.855
"3003","E01003150",3,30.356
"3004","E01003151",3,32.514
"3005","E01003152",7,13.756
"3006","E01003153",6,14.884
"3007","E01003154",4,24.176
"3008","E01003155",5,17.885
"3009","E01003156",6,15.265
"3010","E01003157",8,10.391
"3011","E01003158",9,7.499
"3012","E01003159",5,19.21
"3013","E01003160",4,21.913
"3014","E01003161",7,11.785
"3015","E01003162",3,27.944
"3016","E01003163",7,11.223
"3017","E01003164",4,26.58
"3018","E01003165",5,19.57
"3019","E01003166",4,22.464
"3020","E01003167",7,11.844
"3021","E01003168",2,35.636
"3022","E01003169",4,22.2
"3023","E01003170",8,10.828
"3024","E01003171",5,21.08
"3025","E01003172",4,24.991
"3026","E01003173",7,13.926
"3027","E01003174",3,31.682
"3028","E01003175",3,29.742
"3029","E01003176",3,31.248
"3030","E01003177",4,24.645
"3031","E01003178",5,19.411
"3032","E01003179",3,32.57
"3033","E01003180",4,25.008
"3034","E01003181",3,27.63
"3035","E01003182",3,28.164
"3036","E01003183",3,33.463
"3037","E01003184",3,27.909
"3038","E01003185",4,23.906
"3039","E01003186",5,17.852
"3040","E01003187",4,25.077
"3041","E01003188",2,35.986
"3042","E01003189",2,44.255
"3043","E01003190",2,39.757
"3044","E01003191",3,31.905
"3045","E01003192",2,44.188
"3046","E01003193",4,26.057
"3047","E01003194",2,36.122
"3048","E01003195",5,18.668
"3049","E01003196",2,39.78
"3050","E01003197",1,45.387
"3051","E01003198",6,16.285
"3052","E01003199",8,10.484
"3053","E01003200",7,13.447
"3054","E01003201",3,26.94
"3055","E01003202",8,9.308
"3056","E01003203",3,27.005
"3057","E01003204",4,23.075
"3058","E01003205",4,25.695
"3059","E01003206",7,13.108
"3060","E01003207",3,29.212
"3061","E01003209",4,26.55
"3062","E01003210",4,21.836
"3063","E01003211",4,21.944
"3064","E01003212",5,19.779
"3065","E01003213",5,19.628
"3066","E01003214",3,28.029
"3067","E01003215",4,25.499
"3068","E01003216",4,25.901
"3069","E01003217",6,16.36
"3070","E01003218",5,18.875
"3071","E01003219",4,22.308
"3072","E01003220",4,25.686
"3073","E01003221",3,28.383
"3074","E01003222",4,22.995
"3075","E01003223",4,22.039
"3076","E01003224",4,24.985
"3077","E01003225",8,10.255
"3078","E01003226",7,13.509
"3079","E01003227",8,10.858
"3080","E01003228",6,15.099
"3081","E01003229",2,33.671
"3082","E01003230",4,21.96
"3083","E01003231",5,19.845
"3084","E01003232",7,11.25
"3085","E01003233",6,14.198
"3086","E01003235",3,29.085
"3087","E01003236",2,37.246
"3088","E01003237",2,33.961
"3089","E01003238",2,34.934
"3090","E01003239",3,32.034
"3091","E01003240",3,32.479
"3092","E01003241",3,29.236
"3093","E01003243",2,35.975
"3094","E01003244",3,28.313
"3095","E01003245",3,32.227
"3096","E01003246",4,25.502
"3097","E01003247",5,17.943
"3098","E01003248",3,32.193
"3099","E01003249",4,21.787
"3100","E01003251",2,36.585
"3101","E01003252",2,39.962
"3102","E01003253",2,35.663
"3103","E01003254",6,14.269
"3104","E01003255",4,24.739
"3105","E01003256",3,32.525
"3106","E01003257",5,20.463
"3107","E01003258",4,26.247
"3108","E01003259",4,21.889
"3109","E01003260",6,14.301
"3110","E01003261",7,13.315
"3111","E01003262",6,16.863
"3112","E01003263",3,29.364
"3113","E01003264",4,22.261
"3114","E01003265",3,30.195
"3115","E01003266",2,35.238
"3116","E01003267",3,27.976
"3117","E01003268",4,22.223
"3118","E01003269",4,21.551
"3119","E01003270",7,13.656
"3120","E01003271",8,9.027
"3121","E01003272",5,19.609
"3122","E01003273",6,16.953
"3123","E01003274",4,21.579
"3124","E01003275",3,29.316
"3125","E01003276",6,15.717
"3126","E01003277",5,17.902
"3127","E01003278",4,23.73
"3128","E01003279",6,15.523
"3129","E01003280",4,25.647
"3130","E01003281",7,13.518
"3131","E01003282",5,20.156
"3132","E01003283",6,14.407
"3133","E01003284",5,18.29
"3134","E01003285",6,15.706
"3135","E01003286",3,28.59
"3136","E01003287",7,13.11
"3137","E01003288",3,28.806
"3138","E01003290",2,43.338
"3139","E01003291",2,42.344
"3140","E01003292",4,23.497
"3141","E01003293",3,27.287
"3142","E01003295",3,27.967
"3143","E01003297",4,26.243
"3144","E01003298",3,29.55
"3145","E01003299",3,28.519
"3146","E01003300",2,35.082
"3147","E01003301",6,15.897
"3148","E01003302",3,30.12
"3149","E01003303",2,38.525
"3150","E01003304",3,29.409
"3151","E01003305",3,27.482
"3152","E01003307",6,16.399
"3153","E01003308",4,22.979
"3154","E01003309",3,33.106
"3155","E01003310",3,29.374
"3156","E01003311",6,15.979
"3157","E01003312",6,16.856
"3158","E01003313",2,36.397
"3159","E01003314",6,16.151
"3160","E01003315",4,23.707
"3161","E01003316",6,15.048
"3162","E01003318",1,66.923
"3163","E01003319",2,36.629
"3164","E01003320",2,35.085
"3165","E01003321",2,38.732
"3166","E01003322",4,24.714
"3167","E01003323",4,25.494
"3168","E01003324",3,28.232
"3169","E01003325",2,35.666
"3170","E01003326",4,22.041
"3171","E01003327",5,21.281
"3172","E01003328",4,23.158
"3173","E01003329",6,17.1
"3174","E01003330",3,27.641
"3175","E01003331",4,22.136
"3176","E01003332",5,21.373
"3177","E01003333",4,23.677
"3178","E01003334",3,33.098
"3179","E01003335",2,37.521
"3180","E01003336",3,32.095
"3181","E01003337",2,42.165
"3182","E01003338",2,35.34
"3183","E01003339",4,25.889
"3184","E01003340",6,15.647
"3185","E01003341",7,13.639
"3186","E01003342",5,18.61
"3187","E01003343",6,17.136
"3188","E01003344",5,20.635
"3189","E01003345",6,16.903
"3190","E01003346",2,37.096
"3191","E01003347",1,54.7
"3192","E01003348",3,28.433
"3193","E01003349",3,30.522
"3194","E01003350",2,34.734
"3195","E01003351",2,39.095
"3196","E01003352",3,32.142
"3197","E01003353",5,19.512
"3198","E01003354",3,27.018
"3199","E01003355",9,7.034
"3200","E01003356",9,7.519
"3201","E01003357",3,32.132
"3202","E01003358",10,5.147
"3203","E01003359",6,15.13
"3204","E01003360",9,7.861
"3205","E01003361",8,8.62
"3206","E01003362",10,3.781
"3207","E01003363",10,4.282
"3208","E01003364",10,3.944
"3209","E01003365",10,3.342
"3210","E01003366",7,14.137
"3211","E01003368",7,12.965
"3212","E01003369",7,11.341
"3213","E01003370",6,14.23
"3214","E01003371",8,10.694
"3215","E01003372",4,22.804
"3216","E01003373",2,34.293
"3217","E01003374",3,29.996
"3218","E01003375",4,22.858
"3219","E01003376",4,26.354
"3220","E01003377",2,35.983
"3221","E01003378",5,20.069
"3222","E01003379",2,33.776
"3223","E01003380",10,4.967
"3224","E01003381",9,6.399
"3225","E01003382",10,4.347
"3226","E01003383",9,7.372
"3227","E01003384",10,5.257
"3228","E01003385",10,4.663
"3229","E01003386",5,19.219
"3230","E01003387",4,23.778
"3231","E01003388",4,21.936
"3232","E01003389",3,27.638
"3233","E01003390",2,38.703
"3234","E01003391",2,36.757
"3235","E01003392",6,17.388
"3236","E01003393",5,18.049
"3237","E01003394",5,18.681
"3238","E01003395",6,15.29
"3239","E01003396",7,14.107
"3240","E01003397",5,17.978
"3241","E01003398",5,17.721
"3242","E01003399",9,7.534
"3243","E01003400",7,12.441
"3244","E01003401",9,6.674
"3245","E01003402",9,5.48
"3246","E01003403",9,5.797
"3247","E01003404",9,6.207
"3248","E01003405",4,24.011
"3249","E01003406",5,19.598
"3250","E01003407",5,17.769
"3251","E01003408",7,11.892
"3252","E01003409",4,23.309
"3253","E01003410",4,22.169
"3254","E01003411",5,18.541
"3255","E01003412",4,22.821
"3256","E01003413",6,16.382
"3257","E01003414",6,15.205
"3258","E01003415",5,19.055
"3259","E01003416",6,15.838
"3260","E01003417",8,8.706
"3261","E01003418",10,5.429
"3262","E01003419",7,11.847
"3263","E01003420",9,8.025
"3264","E01003421",8,10.73
"3265","E01003422",9,7.799
"3266","E01003423",9,6.458
"3267","E01003424",10,1.948
"3268","E01003425",10,1.594
"3269","E01003426",9,7.241
"3270","E01003427",5,19.363
"3271","E01003428",9,6.277
"3272","E01003429",6,16.24
"3273","E01003430",2,34.728
"3274","E01003431",3,28.478
"3275","E01003432",3,33.021
"3276","E01003433",4,22.079
"3277","E01003434",6,15.435
"3278","E01003435",5,17.848
"3279","E01003436",5,20.929
"3280","E01003437",6,14.306
"3281","E01003438",4,24.908
"3282","E01003439",4,25.298
"3283","E01003440",5,20.932
"3284","E01003441",4,24.654
"3285","E01003442",10,2.688
"3286","E01003443",9,5.729
"3287","E01003444",10,5.429
"3288","E01003445",9,7.74
"3289","E01003446",6,14.404
"3290","E01003447",3,26.751
"3291","E01003448",6,16.404
"3292","E01003449",6,17.02
"3293","E01003450",4,24.803
"3294","E01003451",8,10.3
"3295","E01003452",4,22.772
"3296","E01003453",5,21.363
"3297","E01003454",9,6.442
"3298","E01003455",8,9.572
"3299","E01003456",7,14.05
"3300","E01003457",10,3.395
"3301","E01003458",10,4.891
"3302","E01003459",6,14.802
"3303","E01003460",9,8.211
"3304","E01003461",10,5.051
"3305","E01003462",10,4.47
"3306","E01003463",10,3.424
"3307","E01003464",10,2.752
"3308","E01003465",10,3.348
"3309","E01003466",10,3.897
"3310","E01003467",9,6.744
"3311","E01003468",10,3.882
"3312","E01003469",6,16.172
"3313","E01003470",8,10.425
"3314","E01003471",9,6.687
"3315","E01003472",10,3.906
"3316","E01003473",9,6.12
"3317","E01003474",10,2.865
"3318","E01003476",7,13.305
"3319","E01003477",9,7.268
"3320","E01003478",10,4.714
"3321","E01003479",3,29.148
"3322","E01003480",4,23.78
"3323","E01003481",3,27.194
"3324","E01003483",2,34.413
"3325","E01003484",5,21.072
"3326","E01003485",5,21.194
"3327","E01003486",1,53.606
"3328","E01003487",1,45.414
"3329","E01003488",2,40.27
"3330","E01003489",4,26.297
"3331","E01003490",2,36.497
"3332","E01003491",2,36.486
"3333","E01003492",3,31.087
"3334","E01003494",3,30.803
"3335","E01003495",4,26.092
"3336","E01003496",2,35.535
"3337","E01003497",2,34.11
"3338","E01003498",2,35.858
"3339","E01003499",1,47.265
"3340","E01003500",3,31.143
"3341","E01003501",2,35.455
"3342","E01003502",2,35.814
"3343","E01003503",3,29.178
"3344","E01003506",2,41.895
"3345","E01003507",2,35.238
"3346","E01003508",3,30.892
"3347","E01003509",2,39.215
"3348","E01003511",3,29.212
"3349","E01003512",2,38.984
"3350","E01003513",3,30.147
"3351","E01003514",2,38.409
"3352","E01003515",2,38.504
"3353","E01003516",2,39.196
"3354","E01003517",2,40.341
"3355","E01003518",4,23.854
"3356","E01003519",3,30.023
"3357","E01003520",2,41.159
"3358","E01003521",2,41.39
"3359","E01003522",2,38.114
"3360","E01003523",2,37.219
"3361","E01003524",2,40.038
"3362","E01003525",2,37.376
"3363","E01003526",2,34.162
"3364","E01003527",4,26.156
"3365","E01003528",2,39.883
"3366","E01003529",3,30.389
"3367","E01003530",3,27.706
"3368","E01003531",2,33.541
"3369","E01003532",4,26.334
"3370","E01003533",3,27.635
"3371","E01003534",2,34.417
"3372","E01003535",1,49.671
"3373","E01003536",3,33.006
"3374","E01003537",2,36.066
"3375","E01003538",2,35.941
"3376","E01003539",3,30.726
"3377","E01003540",2,37.586
"3378","E01003541",3,30.728
"3379","E01003542",2,38.03
"3380","E01003543",4,25.305
"3381","E01003544",3,32.405
"3382","E01003545",3,28.752
"3383","E01003546",3,32.539
"3384","E01003547",4,21.915
"3385","E01003548",3,29.174
"3386","E01003549",3,30.223
"3387","E01003550",3,31.303
"3388","E01003551",2,36.73
"3389","E01003552",3,32.684
"3390","E01003553",2,41.426
"3391","E01003554",4,23.898
"3392","E01003555",4,22.539
"3393","E01003556",1,54.139
"3394","E01003557",2,38.528
"3395","E01003558",2,44.012
"3396","E01003559",3,27.604
"3397","E01003560",3,30.058
"3398","E01003561",3,31.769
"3399","E01003562",3,31.952
"3400","E01003563",3,27.085
"3401","E01003564",3,32.011
"3402","E01003565",2,33.676
"3403","E01003566",2,44.9
"3404","E01003567",2,37.172
"3405","E01003568",4,25.268
"3406","E01003569",3,31.461
"3407","E01003570",2,36.052
"3408","E01003571",2,34.784
"3409","E01003572",2,36.416
"3410","E01003573",3,30.784
"3411","E01003574",3,31.142
"3412","E01003575",2,39.613
"3413","E01003576",1,53.35
"3414","E01003577",1,45.12
"3415","E01003578",1,45.995
"3416","E01003579",2,33.701
"3417","E01003580",2,39.057
"3418","E01003581",2,35.475
"3419","E01003582",2,38.404
"3420","E01003583",3,32.535
"3421","E01003584",4,25.474
"3422","E01003585",3,30.134
"3423","E01003586",2,36.364
"3424","E01003587",2,37.487
"3425","E01003588",2,35.908
"3426","E01003589",2,37.193
"3427","E01003590",2,40.293
"3428","E01003591",1,45.136
"3429","E01003592",2,34.279
"3430","E01003593",3,32.224
"3431","E01003594",3,29.331
"3432","E01003595",3,30.601
"3433","E01003596",3,32.38
"3434","E01003597",4,22.716
"3435","E01003598",2,37.177
"3436","E01003599",2,35.449
"3437","E01003600",2,38.171
"3438","E01003601",1,48.635
"3439","E01003602",3,33.323
"3440","E01003603",3,29.897
"3441","E01003604",2,36.177
"3442","E01003605",2,36.834
"3443","E01003607",2,33.718
"3444","E01003608",3,27.056
"3445","E01003611",2,40.789
"3446","E01003615",3,31.558
"3447","E01003616",3,32.675
"3448","E01003618",3,28.772
"3449","E01003619",2,33.993
"3450","E01003621",3,33.023
"3451","E01003622",2,42.184
"3452","E01003623",2,36.837
"3453","E01003624",2,33.897
"3454","E01003625",2,36.948
"3455","E01003626",3,30.489
"3456","E01003627",3,32.562
"3457","E01003628",3,32.267
"3458","E01003629",3,32.586
"3459","E01003630",2,37.109
"3460","E01003631",3,28.56
"3461","E01003632",4,22.428
"3462","E01003633",2,44.286
"3463","E01003634",3,31.62
"3464","E01003635",3,26.785
"3465","E01003636",2,33.722
"3466","E01003637",4,25.25
"3467","E01003638",6,16.84
"3468","E01003639",5,19.952
"3469","E01003640",6,17.116
"3470","E01003641",5,18.223
"3471","E01003642",5,20.162
"3472","E01003643",7,12.488
"3473","E01003644",7,11.488
"3474","E01003645",5,20.15
"3475","E01003646",6,17.334
"3476","E01003647",7,13.488
"3477","E01003648",9,6.238
"3478","E01003649",8,9.383
"3479","E01003650",5,17.496
"3480","E01003651",8,8.842
"3481","E01003652",9,8.317
"3482","E01003653",5,20.595
"3483","E01003654",6,14.411
"3484","E01003655",8,10.311
"3485","E01003656",4,24.759
"3486","E01003657",7,13.9
"3487","E01003658",4,24.26
"3488","E01003659",8,9.461
"3489","E01003660",9,7.123
"3490","E01003661",4,24.115
"3491","E01003662",3,27.94
"3492","E01003663",6,16.235
"3493","E01003664",5,17.937
"3494","E01003665",7,13.396
"3495","E01003666",3,28.529
"3496","E01003668",8,10.769
"3497","E01003669",9,6.609
"3498","E01003670",9,8.229
"3499","E01003671",10,2.721
"3500","E01003672",5,17.549
"3501","E01003673",8,9.425
"3502","E01003674",7,12.99
"3503","E01003675",6,15.585
"3504","E01003676",8,10.829
"3505","E01003677",8,9.878
"3506","E01003678",9,7.54
"3507","E01003679",9,6.874
"3508","E01003680",8,8.879
"3509","E01003681",6,14.997
"3510","E01003682",9,6.953
"3511","E01003683",3,28.523
"3512","E01003684",4,26.417
"3513","E01003685",3,31.784
"3514","E01003686",3,28.696
"3515","E01003688",3,33.018
"3516","E01003689",2,36.745
"3517","E01003690",5,20.872
"3518","E01003691",5,17.986
"3519","E01003692",5,17.751
"3520","E01003693",7,12.352
"3521","E01003694",7,13.187
"3522","E01003695",3,27.949
"3523","E01003696",2,40.119
"3524","E01003697",6,16.775
"3525","E01003698",8,10.749
"3526","E01003699",6,14.256
"3527","E01003700",5,17.926
"3528","E01003701",5,17.638
"3529","E01003702",6,15.865
"3530","E01003703",7,13.959
"3531","E01003704",4,23.499
"3532","E01003705",6,15.121
"3533","E01003706",5,18.142
"3534","E01003707",7,13.022
"3535","E01003708",4,25.887
"3536","E01003709",8,8.387
"3537","E01003710",8,10.403
"3538","E01003711",6,17.256
"3539","E01003712",2,34.499
"3540","E01003713",5,21.114
"3541","E01003714",3,27.543
"3542","E01003715",4,24.341
"3543","E01003716",4,25.764
"3544","E01003718",4,25.845
"3545","E01003719",3,28.648
"3546","E01003720",3,30.68
"3547","E01003721",4,24.229
"3548","E01003722",4,22.479
"3549","E01003723",4,25.552
"3550","E01003724",6,16.593
"3551","E01003725",4,25.764
"3552","E01003726",5,21.062
"3553","E01003727",3,28.867
"3554","E01003729",1,48.45
"3555","E01003730",3,29.51
"3556","E01003731",3,29.07
"3557","E01003732",1,47.119
"3558","E01003733",2,33.625
"3559","E01003734",2,37.122
"3560","E01003735",2,44.757
"3561","E01003736",4,26.004
"3562","E01003737",7,11.422
"3563","E01003738",6,15.249
"3564","E01003739",4,22.527
"3565","E01003740",5,19.584
"3566","E01003741",5,19.973
"3567","E01003742",4,23.553
"3568","E01003743",3,28.356
"3569","E01003744",10,5.393
"3570","E01003745",10,2.465
"3571","E01003746",10,4.869
"3572","E01003747",10,2.813
"3573","E01003748",9,6.141
"3574","E01003749",8,10.095
"3575","E01003750",6,14.546
"3576","E01003751",4,23.692
"3577","E01003752",8,9.968
"3578","E01003753",6,17.29
"3579","E01003754",6,14.167
"3580","E01003755",6,14.561
"3581","E01003756",5,20.049
"3582","E01003757",4,26.027
"3583","E01003759",10,4.112
"3584","E01003760",6,14.613
"3585","E01003761",2,40.837
"3586","E01003762",7,13.424
"3587","E01003763",8,9.05
"3588","E01003764",6,16.125
"3589","E01003765",7,12.475
"3590","E01003766",5,18.184
"3591","E01003767",3,29.801
"3592","E01003768",3,31.46
"3593","E01003769",2,38.271
"3594","E01003770",5,21.384
"3595","E01003771",4,26.46
"3596","E01003772",5,17.734
"3597","E01003773",5,20.961
"3598","E01003774",9,6.394
"3599","E01003775",9,6.651
"3600","E01003776",4,23.914
"3601","E01003777",9,8.023
"3602","E01003778",8,10.253
"3603","E01003779",7,12.21
"3604","E01003780",10,2.056
"3605","E01003781",2,33.621
"3606","E01003782",3,26.635
"3607","E01003783",1,48.72
"3608","E01003784",4,24.312
"3609","E01003785",2,36.233
"3610","E01003786",7,13.924
"3611","E01003787",6,15.475
"3612","E01003788",2,41.972
"3613","E01003789",9,7.344
"3614","E01003790",7,12.902
"3615","E01003791",10,5.442
"3616","E01003792",9,7.618
"3617","E01003793",4,24.865
"3618","E01003794",8,8.885
"3619","E01003795",10,4.793
"3620","E01003796",9,8.047
"3621","E01003797",10,5.04
"3622","E01003798",7,12.076
"3623","E01003799",9,7.985
"3624","E01003800",6,14.282
"3625","E01003801",10,4.713
"3626","E01003802",10,2.44
"3627","E01003803",4,25.397
"3628","E01003804",9,8.037
"3629","E01003805",10,5.338
"3630","E01003806",9,6.296
"3631","E01003807",8,10.122
"3632","E01003808",8,9.451
"3633","E01003809",9,7.887
"3634","E01003810",9,6.236
"3635","E01003811",10,5.009
"3636","E01003812",8,8.823
"3637","E01003813",10,3.661
"3638","E01003814",9,6.511
"3639","E01003815",8,9.486
"3640","E01003816",8,8.741
"3641","E01003817",8,10.999
"3642","E01003818",10,4.831
"3643","E01003819",5,21.255
"3644","E01003820",7,12.505
"3645","E01003821",10,5.198
"3646","E01003822",10,1.965
"3647","E01003823",9,7.77
"3648","E01003824",10,3.336
"3649","E01003825",10,2.396
"3650","E01003826",4,22.278
"3651","E01003827",8,9.406
"3652","E01003828",10,4.038
"3653","E01003829",3,26.97
"3654","E01003830",9,8.149
"3655","E01003831",9,6.324
"3656","E01003832",3,33.359
"3657","E01003833",6,14.483
"3658","E01003834",8,10.908
"3659","E01003835",10,3.66
"3660","E01003836",7,14.057
"3661","E01003837",9,5.683
"3662","E01003838",9,5.739
"3663","E01003839",8,10.663
"3664","E01003840",6,16.169
"3665","E01003841",3,32.774
"3666","E01003842",5,17.734
"3667","E01003843",5,19.863
"3668","E01003844",9,7.808
"3669","E01003845",9,6.36
"3670","E01003846",9,7.22
"3671","E01003847",9,7.512
"3672","E01003848",8,9.527
"3673","E01003849",8,9.565
"3674","E01003851",8,8.749
"3675","E01003852",8,9.978
"3676","E01003853",7,12.119
"3677","E01003854",6,14.513
"3678","E01003855",5,18.891
"3679","E01003856",9,7.124
"3680","E01003857",9,7.013
"3681","E01003858",9,6.91
"3682","E01003859",8,8.577
"3683","E01003860",8,9.611
"3684","E01003861",9,7.402
"3685","E01003862",6,15.174
"3686","E01003863",5,17.901
"3687","E01003864",8,8.403
"3688","E01003865",8,10.74
"3689","E01003866",10,4.954
"3690","E01003867",8,9.908
"3691","E01003868",9,6.137
"3692","E01003869",9,5.663
"3693","E01003870",10,4.105
"3694","E01003871",10,4.75
"3695","E01003872",9,7.399
"3696","E01003873",8,9.769
"3697","E01003874",9,6.349
"3698","E01003875",8,8.625
"3699","E01003876",8,9.843
"3700","E01003877",9,8.097
"3701","E01003878",5,18.982
"3702","E01003879",9,5.563
"3703","E01003880",9,5.932
"3704","E01003881",10,4.112
"3705","E01003882",9,6.009
"3706","E01003883",9,5.507
"3707","E01003884",9,7.843
"3708","E01003885",9,6.589
"3709","E01003886",10,5.271
"3710","E01003887",10,4.419
"3711","E01003888",7,13.634
"3712","E01003889",10,5.347
"3713","E01003890",10,5.294
"3714","E01003891",10,2.824
"3715","E01003892",10,2.491
"3716","E01003893",9,6.368
"3717","E01003894",9,6.075
"3718","E01003895",9,7.555
"3719","E01003896",8,9.295
"3720","E01003897",8,8.552
"3721","E01003898",9,7.385
"3722","E01003899",9,6.767
"3723","E01003900",5,19.21
"3724","E01003901",10,3.67
"3725","E01003902",9,5.778
"3726","E01003903",7,14.114
"3727","E01003904",8,9.971
"3728","E01003905",8,8.603
"3729","E01003906",7,12.362
"3730","E01003907",5,19.179
"3731","E01003908",9,8.048
"3732","E01003909",7,12.523
"3733","E01003910",10,4.063
"3734","E01003911",4,24.357
"3735","E01003912",3,28.871
"3736","E01003913",5,21.101
"3737","E01003914",5,20.541
"3738","E01003915",4,24.928
"3739","E01003916",5,17.687
"3740","E01003917",4,24.575
"3741","E01003918",3,29.977
"3742","E01003919",4,26.077
"3743","E01003920",3,29.186
"3744","E01003921",2,35.724
"3745","E01003922",3,29.373
"3746","E01003923",4,25.359
"3747","E01003924",3,28.811
"3748","E01003925",4,22.912
"3749","E01003926",3,27.152
"3750","E01003929",4,24.153
"3751","E01003930",5,18.122
"3752","E01003932",2,38.556
"3753","E01003933",5,19.236
"3754","E01003934",8,10.682
"3755","E01003935",5,18.668
"3756","E01003936",8,9.363
"3757","E01003937",5,17.987
"3758","E01003938",5,19.951
"3759","E01003939",6,16.439
"3760","E01003940",3,28.359
"3761","E01003941",6,17.046
"3762","E01003942",4,26.227
"3763","E01003943",3,29.364
"3764","E01003945",7,12.905
"3765","E01003946",7,12.52
"3766","E01003947",2,33.803
"3767","E01003948",6,14.277
"3768","E01003949",6,15.933
"3769","E01003950",3,27.522
"3770","E01003951",7,12.679
"3771","E01003952",5,19.703
"3772","E01003953",6,17.098
"3773","E01003954",7,12.66
"3774","E01003955",6,17.074
"3775","E01003956",7,13.38
"3776","E01003957",7,12.321
"3777","E01003958",6,15.719
"3778","E01003960",5,20.308
"3779","E01003961",2,38.469
"3780","E01003963",3,33.066
"3781","E01003966",2,33.61
"3782","E01003969",4,25.154
"3783","E01003971",3,29.769
"3784","E01003972",4,26.398
"3785","E01003973",3,30.159
"3786","E01003975",3,27.402
"3787","E01003976",4,25.94
"3788","E01003977",3,29.188
"3789","E01003979",3,30.85
"3790","E01003980",3,33.361
"3791","E01003981",4,24.388
"3792","E01003983",3,31.061
"3793","E01003984",4,26.38
"3794","E01003986",2,36.48
"3795","E01003987",2,35.188
"3796","E01003988",2,36.076
"3797","E01003989",4,25.895
"3798","E01003990",3,28.669
"3799","E01003991",3,32.549
"3800","E01003992",3,32.408
"3801","E01003993",4,26.022
"3802","E01003994",3,29.844
"3803","E01003995",2,35.414
"3804","E01003997",4,25.637
"3805","E01003998",4,26.075
"3806","E01003999",4,22.941
"3807","E01004000",3,27.916
"3808","E01004001",3,32.517
"3809","E01004002",6,14.701
"3810","E01004003",3,33.307
"3811","E01004004",3,26.668
"3812","E01004005",2,37.067
"3813","E01004006",4,24.72
"3814","E01004007",3,31.787
"3815","E01004008",3,33.22
"3816","E01004010",3,33.508
"3817","E01004011",3,30.287
"3818","E01004012",4,23.313
"3819","E01004013",3,28.418
"3820","E01004014",3,30.811
"3821","E01004015",6,17.052
"3822","E01004016",6,14.843
"3823","E01004017",7,12.442
"3824","E01004018",8,11.067
"3825","E01004019",5,20.69
"3826","E01004020",4,25.484
"3827","E01004021",6,14.306
"3828","E01004023",3,30.217
"3829","E01004024",3,29.18
"3830","E01004028",3,30.437
"3831","E01004029",8,11.117
"3832","E01004030",5,21.019
"3833","E01004031",5,19.623
"3834","E01004032",10,4.442
"3835","E01004033",3,27.102
"3836","E01004034",3,30.945
"3837","E01004035",3,30.983
"3838","E01004036",3,30.685
"3839","E01004037",3,28.788
"3840","E01004038",4,24.935
"3841","E01004039",5,21.485
"3842","E01004040",2,37.46
"3843","E01004041",3,26.971
"3844","E01004042",2,40.625
"3845","E01004043",4,24.49
"3846","E01004044",3,31.791
"3847","E01004045",3,28.361
"3848","E01004046",5,18.814
"3849","E01004047",4,24.881
"3850","E01004048",5,19.232
"3851","E01004049",4,24.337
"3852","E01004050",7,12.905
"3853","E01004051",7,11.575
"3854","E01004052",5,18.23
"3855","E01004053",9,7.194
"3856","E01004054",9,6.332
"3857","E01004055",3,31.99
"3858","E01004056",6,15.634
"3859","E01004057",5,18.753
"3860","E01004058",10,3.9
"3861","E01004059",8,8.798
"3862","E01004060",4,23.838
"3863","E01004061",5,19.756
"3864","E01004062",3,28.106
"3865","E01004063",4,21.617
"3866","E01004064",4,26.584
"3867","E01004065",6,17.341
"3868","E01004066",4,24.526
"3869","E01004067",2,35.433
"3870","E01004068",3,31.052
"3871","E01004069",9,8.091
"3872","E01004070",6,14.462
"3873","E01004071",4,22.742
"3874","E01004072",7,11.195
"3875","E01004073",7,11.176
"3876","E01004074",7,11.309
"3877","E01004075",8,8.911
"3878","E01004076",5,18.496
"3879","E01004077",7,14.086
"3880","E01004078",5,19.664
"3881","E01004079",10,3.113
"3882","E01004080",10,4.886
"3883","E01004081",7,13.384
"3884","E01004082",9,6.237
"3885","E01004083",2,40.688
"3886","E01004084",10,3.335
"3887","E01004085",10,3.752
"3888","E01004086",6,14.16
"3889","E01004087",10,3.224
"3890","E01004088",1,50.046
"3891","E01004089",2,37.911
"3892","E01004090",2,40.288
"3893","E01004091",10,1.897
"3894","E01004092",10,4.829
"3895","E01004093",10,3.462
"3896","E01004094",9,6.906
"3897","E01004095",10,3.314
"3898","E01004096",6,14.451
"3899","E01004097",9,6.549
"3900","E01004098",9,7.222
"3901","E01004099",5,20.975
"3902","E01004100",8,8.76
"3903","E01004101",10,4.653
"3904","E01004102",7,11.577
"3905","E01004103",7,11.893
"3906","E01004104",10,3.929
"3907","E01004105",9,6.536
"3908","E01004106",10,1.723
"3909","E01004107",6,14.466
"3910","E01004108",8,8.807
"3911","E01004109",5,18.103
"3912","E01004110",7,12.532
"3913","E01004111",8,8.488
"3914","E01004112",10,3.162
"3915","E01004114",10,2.083
"3916","E01004115",9,8.313
"3917","E01004116",10,4.946
"3918","E01004117",10,2.785
"3919","E01004118",7,13.136
"3920","E01004119",9,5.546
"3921","E01004120",10,3.564
"3922","E01004121",8,11.074
"3923","E01004122",10,3.322
"3924","E01004123",3,28.919
"3925","E01004124",4,25.17
"3926","E01004125",2,34.046
"3927","E01004126",3,26.708
"3928","E01004127",5,19.63
"3929","E01004128",4,24.081
"3930","E01004129",2,33.743
"3931","E01004130",8,9.645
"3932","E01004131",8,9.784
"3933","E01004132",10,3.713
"3934","E01004133",10,4.142
"3935","E01004134",7,12.495
"3936","E01004135",9,7.783
"3937","E01004136",9,5.516
"3938","E01004137",8,10.013
"3939","E01004138",6,14.759
"3940","E01004139",7,13.819
"3941","E01004140",3,31.949
"3942","E01004141",4,25.285
"3943","E01004143",7,12.304
"3944","E01004144",8,8.903
"3945","E01004145",7,11.654
"3946","E01004146",8,10.031
"3947","E01004147",9,7.864
"3948","E01004148",4,25.155
"3949","E01004149",8,10.066
"3950","E01004150",5,18.721
"3951","E01004151",7,12.443
"3952","E01004152",6,15.973
"3953","E01004153",8,9.596
"3954","E01004154",10,3.436
"3955","E01004155",9,7.484
"3956","E01004156",8,10.178
"3957","E01004157",10,2.507
"3958","E01004158",9,7.729
"3959","E01004159",8,10.794
"3960","E01004160",8,8.782
"3961","E01004161",9,7.991
"3962","E01004162",7,13.406
"3963","E01004163",8,10.815
"3964","E01004164",8,11.117
"3965","E01004165",5,18.244
"3966","E01004166",7,12.845
"3967","E01004167",3,28.246
"3968","E01004168",9,7.686
"3969","E01004169",5,17.452
"3970","E01004170",7,12.882
"3971","E01004171",8,8.392
"3972","E01004172",4,26.328
"3973","E01004173",7,11.791
"3974","E01004174",6,17.2
"3975","E01004175",8,9.84
"3976","E01004176",6,14.843
"3977","E01004177",4,23.678
"3978","E01004178",5,21.271
"3979","E01004179",10,4.821
"3980","E01004180",10,2.994
"3981","E01004181",5,17.632
"3982","E01004182",3,28.422
"3983","E01004183",3,28.119
"3984","E01004184",3,29.409
"3985","E01004185",3,28.749
"3986","E01004186",6,14.963
"3987","E01004187",5,21.122
"3988","E01004189",3,27.948
"3989","E01004190",10,2.845
"3990","E01004191",8,9.621
"3991","E01004192",7,11.564
"3992","E01004193",8,9.765
"3993","E01004194",7,13.626
"3994","E01004195",7,11.383
"3995","E01004196",10,5.364
"3996","E01004198",1,45.952
"3997","E01004199",2,44.165
"3998","E01004200",4,22.522
"3999","E01004201",4,25.579
"4000","E01004202",4,24.885
"4001","E01004203",3,30.953
"4002","E01004204",2,37.469
"4003","E01004205",1,47.599
"4004","E01004206",1,52.061
"4005","E01004207",2,43.476
"4006","E01004208",3,30.764
"4007","E01004209",1,48.711
"4008","E01004211",2,34.692
"4009","E01004212",3,30.507
"4010","E01004214",1,52.684
"4011","E01004216",5,21.109
"4012","E01004217",4,26.389
"4013","E01004218",6,16.025
"4014","E01004219",3,29.952
"4015","E01004221",3,29.445
"4016","E01004222",2,37.465
"4017","E01004223",2,35.266
"4018","E01004226",3,31.751
"4019","E01004228",5,19.842
"4020","E01004229",3,26.778
"4021","E01004230",3,27.27
"4022","E01004231",2,38.278
"4023","E01004232",5,20.741
"4024","E01004233",3,29.1
"4025","E01004234",5,17.914
"4026","E01004235",1,50.465
"4027","E01004236",1,50.945
"4028","E01004237",2,38.261
"4029","E01004239",2,38.416
"4030","E01004240",2,39.831
"4031","E01004241",1,48.793
"4032","E01004243",2,35.878
"4033","E01004244",2,44.423
"4034","E01004245",3,28.405
"4035","E01004247",2,43.751
"4036","E01004248",1,50.906
"4037","E01004249",1,45.539
"4038","E01004251",2,35.438
"4039","E01004255",2,40.668
"4040","E01004256",1,46.867
"4041","E01004257",1,47.337
"4042","E01004258",5,17.571
"4043","E01004259",3,28.552
"4044","E01004260",2,40.685
"4045","E01004263",2,42.432
"4046","E01004264",1,47.298
"4047","E01004266",3,29.541
"4048","E01004267",3,33.138
"4049","E01004268",2,37.753
"4050","E01004270",4,24.945
"4051","E01004271",3,29.784
"4052","E01004272",2,41.976
"4053","E01004274",3,31.206
"4054","E01004275",4,23.276
"4055","E01004276",9,6.238
"4056","E01004277",8,8.39
"4057","E01004280",3,27.709
"4058","E01004281",7,11.418
"4059","E01004283",2,41.034
"4060","E01004286",2,38.909
"4061","E01004287",2,42.945
"4062","E01004288",2,44.119
"4063","E01004289",2,38.598
"4064","E01004290",3,31.305
"4065","E01004291",7,11.483
"4066","E01004292",10,5.462
"4067","E01004293",9,7.925
"4068","E01004295",2,39.106
"4069","E01004296",4,26.423
"4070","E01004297",9,8.171
"4071","E01004298",1,50.194
"4072","E01004300",1,48.277
"4073","E01004301",1,45.921
"4074","E01004302",1,45.534
"4075","E01004303",3,32.13
"4076","E01004304",1,44.952
"4077","E01004305",2,43.9
"4078","E01004306",2,36.117
"4079","E01004307",6,16.323
"4080","E01004308",2,35.155
"4081","E01004309",1,47.715
"4082","E01004310",3,33.152
"4083","E01004311",3,32.818
"4084","E01004312",2,41.617
"4085","E01004313",2,37.223
"4086","E01004315",3,31.005
"4087","E01004316",2,41.511
"4088","E01004319",2,35.858
"4089","E01004321",2,37.217
"4090","E01004322",1,45.199
"4091","E01004323",2,35.934
"4092","E01004324",2,42.919
"4093","E01004326",2,36.528
"4094","E01004327",4,26.426
"4095","E01004328",4,25.91
"4096","E01004329",4,24.652
"4097","E01004330",6,17.297
"4098","E01004331",3,30.697
"4099","E01004332",3,30.341
"4100","E01004333",3,29.115
"4101","E01004334",2,39.225
"4102","E01004335",2,39.88
"4103","E01004336",3,31.437
"4104","E01004337",3,32.921
"4105","E01004338",4,22.574
"4106","E01004339",5,19.972
"4107","E01004340",2,34.13
"4108","E01004341",2,34.935
"4109","E01004342",4,23.965
"4110","E01004343",7,13.478
"4111","E01004344",4,26.494
"4112","E01004345",5,20.686
"4113","E01004346",6,15.218
"4114","E01004347",6,14.861
"4115","E01004348",5,21.066
"4116","E01004349",4,23.331
"4117","E01004350",4,22.932
"4118","E01004351",8,8.829
"4119","E01004352",8,8.96
"4120","E01004353",7,13.189
"4121","E01004354",6,15.684
"4122","E01004355",4,23.588
"4123","E01004356",5,18.991
"4124","E01004357",6,15.453
"4125","E01004358",6,17.204
"4126","E01004359",7,12.111
"4127","E01004360",9,8.354
"4128","E01004361",8,10.791
"4129","E01004362",5,18.907
"4130","E01004363",5,17.642
"4131","E01004364",3,29.096
"4132","E01004365",2,34.627
"4133","E01004366",6,15.246
"4134","E01004367",3,26.816
"4135","E01004368",5,18.509
"4136","E01004369",5,19.202
"4137","E01004370",5,17.595
"4138","E01004371",6,17.313
"4139","E01004372",7,11.796
"4140","E01004373",4,24.17
"4141","E01004374",6,16.24
"4142","E01004375",4,22.045
"4143","E01004376",4,22.33
"4144","E01004377",6,15.862
"4145","E01004378",5,19.402
"4146","E01004379",9,8.191
"4147","E01004380",6,16.695
"4148","E01004381",7,14.081
"4149","E01004382",4,26.574
"4150","E01004383",8,10.764
"4151","E01004384",2,34.816
"4152","E01004385",4,25.854
"4153","E01004386",10,5.31
"4154","E01004387",10,2.629
"4155","E01004388",4,21.622
"4156","E01004389",4,26.485
"4157","E01004390",3,27.388
"4158","E01004391",4,21.817
"4159","E01004392",3,27.393
"4160","E01004393",3,32.047
"4161","E01004394",3,30.266
"4162","E01004395",6,15.393
"4163","E01004396",4,21.779
"4164","E01004397",3,28.198
"4165","E01004398",3,32.938
"4166","E01004399",2,34.342
"4167","E01004400",4,26.426
"4168","E01004401",5,20.742
"4169","E01004402",4,26.267
"4170","E01004403",4,23.92
"4171","E01004404",3,27.863
"4172","E01004405",4,22.354
"4173","E01004406",4,24.554
"4174","E01004407",1,57.394
"4175","E01004408",5,20.509
"4176","E01004409",4,25.173
"4177","E01004410",3,26.937
"4178","E01004411",5,20.207
"4179","E01004412",6,15.44
"4180","E01004413",3,28.286
"4181","E01004414",5,19.966
"4182","E01004415",4,24.214
"4183","E01004416",7,12.907
"4184","E01004417",5,18.233
"4185","E01004418",6,16.384
"4186","E01004419",5,19.08
"4187","E01004420",2,44.627
"4188","E01004421",4,25.147
"4189","E01004422",5,21.535
"4190","E01004423",2,37.652
"4191","E01004424",2,36.165
"4192","E01004425",4,25.577
"4193","E01004426",4,22.247
"4194","E01004427",3,26.607
"4195","E01004428",2,37.696
"4196","E01004429",4,23.382
"4197","E01004430",4,23.092
"4198","E01004432",4,23.378
"4199","E01004434",3,28.241
"4200","E01004435",2,33.586
"4201","E01004436",3,27.136
"4202","E01004437",3,28.053
"4203","E01004438",5,21.151
"4204","E01004439",5,19.835
"4205","E01004440",4,22.925
"4206","E01004441",7,11.751
"4207","E01004442",7,12.576
"4208","E01004443",4,21.895
"4209","E01004444",3,29.793
"4210","E01004445",5,20.248
"4211","E01004446",5,19.084
"4212","E01004447",6,16.57
"4213","E01004448",4,24.392
"4214","E01004449",2,38.317
"4215","E01004450",7,12.497
"4216","E01004451",6,15.512
"4217","E01004452",4,25.009
"4218","E01004453",4,22.961
"4219","E01004454",5,20.043
"4220","E01004455",3,28.105
"4221","E01004456",2,37.252
"4222","E01004457",4,21.557
"4223","E01004458",4,25.806
"4224","E01004459",2,42.883
"4225","E01004460",4,26.018
"4226","E01004462",5,20.011
"4227","E01004463",7,13.696
"4228","E01004464",2,35.082
"4229","E01004465",7,13.602
"4230","E01004466",8,10.441
"4231","E01004467",3,33.406
"4232","E01004468",7,13.855
"4233","E01004469",2,37.424
"4234","E01004470",3,27.233
"4235","E01004471",3,27.061
"4236","E01004472",9,6.492
"4237","E01004473",8,9.114
"4238","E01004474",6,15.221
"4239","E01004475",8,10.4
"4240","E01004476",7,12.1
"4241","E01004477",10,5.263
"4242","E01004478",10,4.749
"4243","E01004479",9,7.049
"4244","E01004480",9,7.579
"4245","E01004481",7,13.461
"4246","E01004482",8,10.708
"4247","E01004483",8,9.217
"4248","E01004484",7,11.752
"4249","E01004485",7,11.378
"4250","E01004486",8,9.894
"4251","E01004487",7,13.525
"4252","E01004488",7,11.597
"4253","E01004489",6,17.426
"4254","E01004490",9,5.738
"4255","E01004491",7,11.917
"4256","E01004492",6,14.388
"4257","E01004493",7,13.768
"4258","E01004494",6,15.808
"4259","E01004495",5,19.88
"4260","E01004496",7,12.713
"4261","E01004497",8,10.942
"4262","E01004498",9,7.542
"4263","E01004499",7,12.913
"4264","E01004500",8,9.149
"4265","E01004501",5,18.851
"4266","E01004502",9,7.223
"4267","E01004503",6,15.342
"4268","E01004504",9,7.159
"4269","E01004505",9,6.162
"4270","E01004506",9,6.392
"4271","E01004507",9,6.391
"4272","E01004508",8,10.418
"4273","E01004510",8,9.647
"4274","E01004511",8,8.693
"4275","E01004512",9,8.32
"4276","E01004513",5,17.51
"4277","E01004514",8,9.984
"4278","E01004515",6,14.683
"4279","E01004516",8,9.59
"4280","E01004517",5,19.177
"4281","E01004518",7,12.308
"4282","E01004519",5,17.519
"4283","E01004520",6,16.576
"4284","E01004521",5,17.996
"4285","E01004522",5,21.407
"4286","E01004523",5,17.925
"4287","E01004524",2,38.249
"4288","E01004525",4,25.626
"4289","E01004526",5,20.444
"4290","E01004527",7,13.285
"4291","E01004528",3,33.117
"4292","E01004529",6,14.761
"4293","E01004530",7,13.367
"4294","E01004531",5,21.376
"4295","E01004532",7,13.552
"4296","E01004533",4,23.764
"4297","E01004534",7,11.438
"4298","E01004535",2,44.393
"4299","E01004536",4,23.669
"4300","E01004537",3,29.192
"4301","E01004538",5,18.396
"4302","E01004539",3,29.542
"4303","E01004540",5,20.761
"4304","E01004541",2,36.316
"4305","E01004542",9,5.692
"4306","E01004543",9,6.728
"4307","E01004544",9,6.655
"4308","E01004545",9,8.24
"4309","E01004546",9,5.937
"4310","E01004547",6,14.15
"4311","E01004548",6,14.533
"4312","E01004549",6,14.842
"4313","E01004550",7,13.936
"4314","E01004551",6,17.292
"4315","E01004552",7,11.554
"4316","E01004553",8,8.456
"4317","E01004554",8,9.135
"4318","E01004555",9,7.511
"4319","E01004556",9,6.78
"4320","E01004557",9,7.472
"4321","E01004558",9,6.765
"4322","E01004559",9,6.002
"4323","E01004560",6,14.872
"4324","E01004563",3,27.908
"4325","E01004564",5,18.66
"4326","E01004565",5,20.453
"4327","E01004566",7,12.232
"4328","E01004567",3,30.054
"4329","E01004568",3,27.409
"4330","E01004569",2,34.257
"4331","E01004570",2,36.76
"4332","E01004571",3,31.288
"4333","E01004572",5,19.773
"4334","E01004573",4,25.827
"4335","E01004574",2,36.902
"4336","E01004575",3,26.658
"4337","E01004576",3,29.261
"4338","E01004577",8,10.901
"4339","E01004579",7,13.258
"4340","E01004580",6,14.546
"4341","E01004581",7,12.557
"4342","E01004582",9,6.116
"4343","E01004583",7,12.363
"4344","E01004584",3,29.272
"4345","E01004585",7,11.74
"4346","E01004586",8,9.26
"4347","E01004587",8,9.009
"4348","E01004588",7,13.135
"4349","E01004589",8,8.761
"4350","E01004590",4,24.48
"4351","E01004591",5,20.608
"4352","E01004592",3,31.045
"4353","E01004593",9,8.24
"4354","E01004594",10,4.893
"4355","E01004595",9,6.833
"4356","E01004596",10,5.207
"4357","E01004597",8,8.847
"4358","E01004598",10,4.663
"4359","E01004599",10,2.949
"4360","E01004601",6,14.782
"4361","E01004602",9,8.216
"4362","E01004604",9,8.136
"4363","E01004605",7,12.965
"4364","E01004606",9,7.86
"4365","E01004607",9,7.66
"4366","E01004608",7,13.634
"4367","E01004609",7,11.731
"4368","E01004610",8,10.851
"4369","E01004611",6,14.486
"4370","E01004612",5,21.288
"4371","E01004613",3,28.828
"4372","E01004614",6,16.005
"4373","E01004615",2,39.361
"4374","E01004616",5,17.933
"4375","E01004617",5,18.037
"4376","E01004618",9,7.71
"4377","E01004619",9,7.839
"4378","E01004620",8,9.802
"4379","E01004621",8,10.925
"4380","E01004622",4,22.984
"4381","E01004623",9,7.427
"4382","E01004624",7,12.563
"4383","E01004625",10,3.367
"4384","E01004626",7,11.275
"4385","E01004627",8,10.121
"4386","E01004628",5,20.974
"4387","E01004629",9,7.275
"4388","E01004630",3,32.654
"4389","E01004631",5,20.492
"4390","E01004632",8,10.191
"4391","E01004633",3,33.403
"4392","E01004634",6,15.058
"4393","E01004635",6,14.336
"4394","E01004636",6,16.768
"4395","E01004637",6,16.992
"4396","E01004638",9,6.65
"4397","E01004639",8,10.31
"4398","E01004640",9,6.517
"4399","E01004641",6,15.985
"4400","E01004642",6,15.282
"4401","E01004643",5,21.233
"4402","E01004644",7,14.031
"4403","E01004645",3,28.001
"4404","E01004646",7,13.972
"4405","E01004647",5,19.357
"4406","E01004648",7,11.576
"4407","E01004649",9,7.274
"4408","E01004650",9,7.595
"4409","E01004651",8,9.053
"4410","E01004652",5,19.287
"4411","E01004653",8,10.645
"4412","E01004654",7,13.114
"4413","E01004656",4,24.544
"4414","E01004657",7,13.845
"4415","E01004658",5,20.74
"4416","E01004659",6,14.273
"4417","E01004660",8,10.759
"4418","E01004661",5,18.096
"4419","E01004662",6,15.584
"4420","E01004663",5,19.017
"4421","E01004665",1,49.345
"4422","E01004668",3,28.874
"4423","E01004669",2,36.203
"4424","E01004670",1,50.968
"4425","E01004674",2,38.818
"4426","E01004675",2,41.101
"4427","E01004676",4,26.072
"4428","E01004677",3,29.254
"4429","E01004678",3,29.194
"4430","E01004679",2,43.313
"4431","E01004680",7,12.435
"4432","E01004681",7,12.138
"4433","E01004682",4,23.943
"4434","E01004683",8,11.057
"4435","E01004684",4,24.2
"4436","E01004686",2,34.443
"4437","E01004687",8,8.421
"4438","E01004690",8,10.182
"4439","E01004691",8,9.639
"4440","E01004692",8,9.396
"4441","E01004693",7,12.974
"4442","E01004694",6,16.062
"4443","E01004695",4,22.094
"4444","E01004696",2,38.102
"4445","E01004697",6,16.58
"4446","E01004698",4,26.054
"4447","E01004699",5,17.805
"4448","E01004700",6,17.317
"4449","E01004701",7,11.15
"4450","E01004702",1,45.693
"4451","E01004703",7,11.712
"4452","E01004705",8,8.834
"4453","E01004706",9,8.377
"4454","E01004707",9,7.335
"4455","E01004708",4,23.899
"4456","E01004709",4,24.06
"4457","E01004710",3,30.467
"4458","E01004711",3,32.002
"4459","E01004712",7,12.695
"4460","E01004713",9,7.879
"4461","E01004714",8,8.79
"4462","E01004715",5,17.606
"4463","E01004716",9,6.956
"4464","E01004717",7,11.248
"4465","E01004718",3,32.605
"4466","E01004719",2,34.102
"4467","E01004720",3,30.361
"4468","E01004721",1,47.124
"4469","E01004722",2,38.689
"4470","E01004723",2,35.995
"4471","E01004724",7,11.907
"4472","E01004725",3,26.641
"4473","E01004726",8,10.293
"4474","E01004727",8,9.692
"4475","E01004728",6,15.846
"4476","E01004729",3,32.072
"4477","E01004730",9,8.314
"4478","E01004731",9,7.304
"4479","E01004732",1,56.921
"4480","E01004733",7,13.222
"4481","E01004734",3,28.233
"4482","E01004735",4,21.893
"4483","E01004736",8,10.324
"4484","E01004737",4,25.154
"4485","E01004740",2,39.408
"4486","E01004741",3,28.035
"4487","E01004742",5,17.744
"4488","E01004743",4,21.738
"4489","E01004744",3,28.114
"4490","E01004746",2,36.732
"4491","E01004747",4,22.34
"4492","E01004748",6,14.149
"4493","E01004749",5,20.403
"4494","E01004750",4,25.389
"4495","E01004751",6,15.363
"4496","E01004752",2,34.116
"4497","E01004753",5,19.73
"4498","E01004754",2,42.969
"4499","E01004755",3,28.828
"4500","E01004756",3,32.913
"4501","E01004757",1,45.161
"4502","E01004760",4,22.361
"4503","E01004761",7,13.48
"4504","E01004762",6,15.016
"4505","E01004763",4,23.754
"4506","E01004765",5,18.322
"4507","E01004766",3,33.083
"4508","E01004767",4,21.929
"4509","E01004768",10,5.081
"4510","E01004769",9,8.287
"4511","E01004770",8,10.49
"4512","E01004771",9,6.801
"4513","E01004772",2,36.251
"4514","E01004773",6,14.394
"4515","E01004774",3,31.549
"4516","E01004775",9,7.13
"4517","E01004776",4,22.543
"4518","E01004777",3,27.67
"4519","E01004778",8,11.08
"4520","E01004779",5,20.736
"4521","E01004780",8,10.697
"4522","E01004781",7,11.373
"4523","E01004782",5,20.175
"4524","E01004783",7,12.547
"4525","E01004784",10,4.482
"4526","E01004785",4,24.456
"4527","E01004786",7,11.157
"4528","E01004787",1,69.772
"4529","E01004788",10,3.603
"4530","E01004789",9,6.143
"4531","E01004790",6,14.862
"4532","E01004791",8,10.667
"4533","E01004792",10,4.834
"4534","E01004793",1,56.592
"4535","E01004794",1,63.549
"4536","E01004795",2,43.499
"4537","E01004796",3,27.296
"4538","E01004797",1,47.036
"4539","E01004798",2,38.347
"4540","E01004799",8,11.056
"4541","E01004800",7,12.373
"4542","E01004801",1,68.471
"4543","E01004802",1,54.783
"4544","E01004803",9,5.689
"4545","E01004804",10,3.823
"4546","E01004805",10,5.068
"4547","E01004806",8,8.506
"4548","E01004807",9,6.294
"4549","E01004808",10,3.491
"4550","E01004809",4,22.434
"4551","E01004810",9,6.305
"4552","E01004811",1,62.017
"4553","E01004812",1,45.542
"4554","E01004813",2,42.872
"4555","E01004814",2,41.433
"4556","E01004815",2,37.096
"4557","E01004816",4,26.152
"4558","E01004817",2,38.462
"4559","E01004818",1,54.313
"4560","E01004819",3,30.819
"4561","E01004820",1,63.291
"4562","E01004822",1,52.107
"4563","E01004823",1,71.719
"4564","E01004824",2,39.174
"4565","E01004825",1,45.066
"4566","E01004826",1,56.593
"4567","E01004827",1,54.036
"4568","E01004828",1,48.717
"4569","E01004829",1,51.875
"4570","E01004830",1,50.492
"4571","E01004831",4,24.844
"4572","E01004832",2,33.595
"4573","E01004833",6,17.374
"4574","E01004834",2,38.769
"4575","E01004835",7,12.993
"4576","E01004836",6,16.248
"4577","E01004837",9,5.932
"4578","E01004838",1,51.869
"4579","E01004839",1,57.066
"4580","E01004840",5,20.378
"4581","E01004841",1,71.456
"4582","E01004842",10,4.595
"4583","E01004843",8,9.181
"4584","E01004844",10,4.69
"4585","E01004845",6,15.464
"4586","E01004846",1,55.565
"4587","E01004847",1,46.799
"4588","E01004848",1,53.631
"4589","E01004849",1,54.395
"4590","E01004850",1,56.64
"4591","E01004851",1,50.844
"4592","E01004852",2,42.365
"4593","E01004853",1,50.167
"4594","E01004854",2,41.17
"4595","E01004855",2,38.845
"4596","E01004856",1,59.167
"4597","E01004857",1,45.829
"4598","E01004858",1,46.847
"4599","E01004859",1,62.667
"4600","E01004860",3,32.636
"4601","E01004861",1,45.888
"4602","E01004862",1,56.027
"4603","E01004863",1,64.478
"4604","E01004864",4,25.216
"4605","E01004865",2,36.712
"4606","E01004866",1,59.152
"4607","E01004867",2,41.142
"4608","E01004868",2,41.19
"4609","E01004869",1,61.961
"4610","E01004870",1,48.9
"4611","E01004871",1,55.196
"4612","E01004872",2,35.852
"4613","E01004873",2,37.973
"4614","E01004874",2,35.982
"4615","E01004875",4,24.057
"4616","E01004876",2,41.728
"4617","E01004877",1,56.926
"4618","E01004878",3,31.129
"4619","E01004879",2,43.074
"4620","E01004880",5,20.699
"4621","E01004881",2,42.413
"4622","E01004882",5,17.797
"4623","E01004883",5,18.384
"4624","E01004884",9,5.773
"4625","E01004885",10,3.671
"4626","E01004886",2,36.632
"4627","E01004887",3,30.862
"4628","E01004888",4,22.718
"4629","E01004889",3,29.652
"4630","E01004890",4,26.285
"4631","E01004891",6,16.046
"4632","E01004892",7,11.447
"4633","E01004893",10,5.103
"4634","E01004894",6,17.053
"4635","E01004895",3,30.469
"4636","E01004896",9,6.664
"4637","E01004897",8,8.489
"4638","E01004899",4,22.079
"4639","E01004900",6,14.308
"4640","E01004901",10,2.864
"4641","E01004902",2,35.683
"4642","E01004903",9,7.471
"4643","E01004904",6,15.515
"4644","E01004905",2,37.209
"4645","E01004906",2,38.688
"4646","E01004907",2,35.769
"4647","E01004908",6,16.315
"4648","E01004909",3,27.933
"4649","E01004910",6,16.371
"4650","E01004911",2,42.591
"4651","E01004912",6,15.376
"4652","E01004913",4,22.389
"4653","E01004914",8,9.348
"4654","E01004915",8,8.922
"4655","E01004916",3,29.496
"4656","E01004917",3,29.109
"4657","E01004918",8,8.998
"4658","E01004919",6,14.868
"4659","E01004920",4,23.993
"4660","E01004921",4,26.097
"4661","E01004922",2,34.092
"4662","E01004923",3,26.752
"4663","E01004924",9,6.133
"4664","E01004925",6,16.815
"4665","E01004926",1,54.822
"4666","E01004927",1,53.043
"4667","E01004928",1,52.309
"4668","E01004929",3,26.708
"4669","E01004930",6,15.864
"4670","E01004931",2,36.051
"4671","E01004932",2,38.609
"4672","E01004933",6,14.575
"4673","E01004934",5,20.108
"4674","E01004935",8,10.05
"4675","E01004936",4,23.735
"4676","E01004937",9,7.068
"4677","E01004938",1,50.254
"4678","E01004939",3,28.099
"4679","E01004940",7,13.242
"4680","E01004941",3,27.367
"4681","E01004942",1,50.479
"4682","E01004943",4,22.782
"4683","E01004944",8,8.531
"4684","E01004945",8,10.495
"4685","E01004946",1,52.59
"4686","E01004947",2,35.836
"4687","E01004948",2,43.291
"4688","E01004949",10,3.354
"4689","E01004950",10,4.06
"4690","E01004951",9,8.241
"4691","E01004952",10,4.744
"4692","E01004953",9,5.761
"4693","E01004954",5,20.989
"4694","E01004955",3,29.82
"4695","E01004956",2,39.042
"4696","E01004957",1,52.315
"4697","E01004958",1,53.757
"4698","E01004959",1,46.421
"4699","E01004960",1,77.863
"4700","E01004961",3,27.392
"4701","E01004962",6,17.32
"4702","E01004963",6,14.74
"4703","E01004964",3,27.365
"4704","E01004965",9,5.681
"4705","E01004966",2,34.22
"4706","E01004967",9,7.371
"4707","E01004968",10,5.086
"4708","E01004969",2,38.867
"4709","E01004970",8,9.822
"4710","E01004971",9,7.199
"4711","E01004972",3,33.061
"4712","E01004973",8,10.807
"4713","E01004974",7,11.324
"4714","E01004975",5,18.821
"4715","E01004976",2,34.64
"4716","E01004977",5,20.334
"4717","E01004978",3,31.043
"4718","E01004979",1,63.879
"4719","E01004980",2,42.331
"4720","E01004981",5,20.115
"4721","E01004982",8,9.638
"4722","E01004983",6,14.86
"4723","E01004984",9,6.325
"4724","E01004985",10,5.267
"4725","E01004986",4,25.431
"4726","E01004987",1,51.528
"4727","E01004988",5,18.958
"4728","E01004989",9,7.025
"4729","E01004990",2,33.727
"4730","E01004991",4,24.515
"4731","E01004992",3,29.69
"4732","E01004993",4,21.637
"4733","E01004994",2,35.428
"4734","E01004995",7,12.255
"4735","E01004996",1,56.267
"4736","E01004997",4,22.722
"4737","E01004998",7,13.123
"4738","E01004999",6,16.346
"4739","E01005000",9,8.365
"4740","E01005001",9,6.513
"4741","E01005002",6,16.644
"4742","E01005003",2,35.87
"4743","E01005004",1,72.19
"4744","E01005005",6,14.45
"4745","E01005006",6,16.697
"4746","E01005007",6,14.753
"4747","E01005008",1,52.732
"4748","E01005009",1,48.19
"4749","E01005010",6,16.896
"4750","E01005011",9,7.954
"4751","E01005012",2,33.79
"4752","E01005013",3,31.929
"4753","E01005014",6,16.395
"4754","E01005015",3,31.853
"4755","E01005016",7,13.543
"4756","E01005017",8,10.736
"4757","E01005018",4,21.586
"4758","E01005019",8,9.315
"4759","E01005020",10,3.378
"4760","E01005021",9,6.714
"4761","E01005022",8,9.504
"4762","E01005023",6,16.479
"4763","E01005024",2,43.495
"4764","E01005025",4,21.631
"4765","E01005026",3,33.176
"4766","E01005027",1,46.064
"4767","E01005028",2,41.577
"4768","E01005029",2,34.564
"4769","E01005030",2,41.664
"4770","E01005031",3,27.237
"4771","E01005032",2,40.498
"4772","E01005033",6,15.491
"4773","E01005034",5,19.623
"4774","E01005035",7,12.221
"4775","E01005036",3,28.332
"4776","E01005037",8,9.648
"4777","E01005038",9,6.601
"4778","E01005039",3,31.937
"4779","E01005040",4,22.595
"4780","E01005041",6,15.973
"4781","E01005042",5,18.073
"4782","E01005043",6,16.433
"4783","E01005044",2,34.393
"4784","E01005045",5,20.24
"4785","E01005046",9,5.671
"4786","E01005047",8,10.084
"4787","E01005048",10,3.752
"4788","E01005049",8,10.776
"4789","E01005050",8,9.563
"4790","E01005051",6,14.386
"4791","E01005052",9,7.249
"4792","E01005053",5,20.062
"4793","E01005054",6,16.14
"4794","E01005055",9,7.183
"4795","E01005056",8,9.651
"4796","E01005057",7,12.936
"4797","E01005058",9,6.626
"4798","E01005059",4,25.072
"4799","E01005060",5,17.99
"4800","E01005061",1,54.054
"4801","E01005063",1,50.248
"4802","E01005065",1,46.232
"4803","E01005066",1,47.736
"4804","E01005067",1,47.205
"4805","E01005068",2,43.912
"4806","E01005069",7,13.857
"4807","E01005070",2,40.889
"4808","E01005071",2,33.862
"4809","E01005072",2,37.358
"4810","E01005073",5,20.173
"4811","E01005074",1,47.844
"4812","E01005075",2,44.329
"4813","E01005076",6,16.554
"4814","E01005077",1,57.704
"4815","E01005078",8,10.797
"4816","E01005079",5,20.115
"4817","E01005081",1,50.506
"4818","E01005082",2,35.829
"4819","E01005083",9,7.832
"4820","E01005084",4,22.666
"4821","E01005085",1,58.549
"4822","E01005086",1,59.735
"4823","E01005087",1,59.431
"4824","E01005088",1,63.6
"4825","E01005089",1,61.629
"4826","E01005090",1,63.797
"4827","E01005091",1,50.269
"4828","E01005092",1,64.762
"4829","E01005093",1,55.133
"4830","E01005094",1,61.964
"4831","E01005097",1,58.2
"4832","E01005098",1,53.357
"4833","E01005099",1,68.642
"4834","E01005100",2,37.329
"4835","E01005101",1,48.451
"4836","E01005102",2,34.842
"4837","E01005103",1,58.356
"4838","E01005104",2,43.148
"4839","E01005105",2,34.245
"4840","E01005106",1,64.231
"4841","E01005107",1,53.619
"4842","E01005111",2,34.742
"4843","E01005112",2,36.847
"4844","E01005113",1,56.252
"4845","E01005114",7,12.146
"4846","E01005115",3,28.006
"4847","E01005116",3,28.063
"4848","E01005117",1,53.188
"4849","E01005118",4,24.184
"4850","E01005119",2,41.76
"4851","E01005120",3,32.668
"4852","E01005121",1,50.294
"4853","E01005122",2,37.381
"4854","E01005123",1,47.526
"4855","E01005124",2,44.768
"4856","E01005125",2,41.177
"4857","E01005126",5,17.876
"4858","E01005128",6,17.26
"4859","E01005129",1,51.439
"4860","E01005130",1,57.214
"4861","E01005132",1,49.056
"4862","E01005135",1,50.708
"4863","E01005136",2,42.012
"4864","E01005138",1,49.756
"4865","E01005139",3,31.134
"4866","E01005141",1,66.352
"4867","E01005142",1,69.784
"4868","E01005143",1,52.996
"4869","E01005145",1,47.653
"4870","E01005147",1,51.97
"4871","E01005149",1,46.928
"4872","E01005150",4,25.692
"4873","E01005151",5,20.606
"4874","E01005152",8,8.587
"4875","E01005153",6,16.981
"4876","E01005154",6,15.407
"4877","E01005155",9,7.927
"4878","E01005156",7,12.12
"4879","E01005157",10,5.08
"4880","E01005158",3,26.618
"4881","E01005159",7,11.54
"4882","E01005160",2,39.47
"4883","E01005161",2,35.33
"4884","E01005162",2,35.893
"4885","E01005163",2,41.654
"4886","E01005164",1,53.055
"4887","E01005165",1,59.701
"4888","E01005166",1,57.457
"4889","E01005167",1,47.785
"4890","E01005168",8,10.11
"4891","E01005169",10,4.816
"4892","E01005170",8,10.435
"4893","E01005171",5,19.35
"4894","E01005172",8,9.65
"4895","E01005173",10,4.727
"4896","E01005174",10,3.742
"4897","E01005175",7,13.56
"4898","E01005176",7,13.125
"4899","E01005177",9,8.129
"4900","E01005178",2,40.601
"4901","E01005179",4,24.424
"4902","E01005180",1,48.634
"4903","E01005181",4,24.746
"4904","E01005182",1,47.839
"4905","E01005183",1,51.134
"4906","E01005184",4,22.54
"4907","E01005185",4,23.073
"4908","E01005186",1,49.383
"4909","E01005187",1,62.398
"4910","E01005188",2,43.085
"4911","E01005189",1,78.264
"4912","E01005190",1,60.87
"4913","E01005191",1,65.42
"4914","E01005192",1,45.925
"4915","E01005193",1,51.706
"4916","E01005195",1,52.568
"4917","E01005197",1,65.447
"4918","E01005198",1,56.149
"4919","E01005199",2,44.109
"4920","E01005200",2,38.655
"4921","E01005201",1,69.329
"4922","E01005202",1,70.049
"4923","E01005203",1,77.432
"4924","E01005205",1,73.572
"4925","E01005206",1,46.052
"4926","E01005207",1,51.45
"4927","E01005208",4,24.843
"4928","E01005210",3,29.159
"4929","E01005212",5,21.445
"4930","E01005213",1,47.629
"4931","E01005214",5,21.494
"4932","E01005215",2,33.89
"4933","E01005216",4,23.98
"4934","E01005217",5,19.095
"4935","E01005218",3,33.334
"4936","E01005219",1,45.445
"4937","E01005220",2,38.965
"4938","E01005221",2,38.199
"4939","E01005222",1,46.426
"4940","E01005223",2,44.864
"4941","E01005224",1,50.407
"4942","E01005225",1,53.929
"4943","E01005226",1,58.087
"4944","E01005227",1,65.026
"4945","E01005228",1,62.564
"4946","E01005229",4,22.181
"4947","E01005230",1,46.572
"4948","E01005231",5,21.517
"4949","E01005232",1,45.109
"4950","E01005233",1,59.837
"4951","E01005234",1,62.353
"4952","E01005235",1,62.828
"4953","E01005236",1,47.907
"4954","E01005237",1,53.508
"4955","E01005238",1,53.855
"4956","E01005239",1,64.636
"4957","E01005243",1,46.706
"4958","E01005244",3,32.501
"4959","E01005245",1,48.429
"4960","E01005246",1,59.597
"4961","E01005247",4,25.562
"4962","E01005248",5,19.689
"4963","E01005249",3,30.087
"4964","E01005250",2,37.591
"4965","E01005251",2,42.451
"4966","E01005252",1,47.413
"4967","E01005253",2,42.333
"4968","E01005254",4,23.042
"4969","E01005255",1,70.772
"4970","E01005256",1,50.668
"4971","E01005257",1,66.221
"4972","E01005258",1,53.241
"4973","E01005259",1,76.601
"4974","E01005260",2,35.842
"4975","E01005261",1,64.448
"4976","E01005262",2,34.141
"4977","E01005263",2,34.85
"4978","E01005264",2,41.578
"4979","E01005265",2,41.56
"4980","E01005266",2,39.112
"4981","E01005267",5,21.192
"4982","E01005268",5,17.968
"4983","E01005269",6,16.295
"4984","E01005270",2,42.377
"4985","E01005271",3,30.819
"4986","E01005272",1,48.707
"4987","E01005273",4,21.569
"4988","E01005274",2,33.896
"4989","E01005275",8,9.956
"4990","E01005276",5,19.694
"4991","E01005277",8,8.86
"4992","E01005278",4,22.264
"4993","E01005279",3,33.025
"4994","E01005280",1,45.333
"4995","E01005281",5,17.546
"4996","E01005284",3,30.208
"4997","E01005285",1,58.551
"4998","E01005286",4,25.461
"4999","E01005287",1,51.551
"5000","E01005288",1,54.236
"5001","E01005289",1,61.567
"5002","E01005290",1,47.826
"5003","E01005291",1,65.451
"5004","E01005292",1,50.34
"5005","E01005293",5,19.719
"5006","E01005294",4,22.659
"5007","E01005295",4,21.84
"5008","E01005296",5,18.572
"5009","E01005297",3,31.245
"5010","E01005298",3,30.751
"5011","E01005299",5,21.129
"5012","E01005300",6,17.416
"5013","E01005301",6,15.44
"5014","E01005302",3,29.996
"5015","E01005304",6,14.401
"5016","E01005305",7,13.44
"5017","E01005306",9,6.852
"5018","E01005307",7,11.684
"5019","E01005308",3,30.753
"5020","E01005309",4,25.525
"5021","E01005310",3,32.416
"5022","E01005311",3,26.622
"5023","E01005312",4,25.158
"5024","E01005313",2,43.912
"5025","E01005314",1,46.609
"5026","E01005315",1,50.633
"5027","E01005316",3,31.319
"5028","E01005317",2,38.979
"5029","E01005318",1,46.11
"5030","E01005319",2,39.532
"5031","E01005320",1,55.666
"5032","E01005321",1,55.124
"5033","E01005322",1,73.091
"5034","E01005323",1,48.914
"5035","E01005324",1,52.149
"5036","E01005325",1,66.363
"5037","E01005326",1,50.931
"5038","E01005327",4,25.061
"5039","E01005328",1,53.946
"5040","E01005329",9,7.584
"5041","E01005330",7,11.909
"5042","E01005331",2,34.649
"5043","E01005332",2,35.365
"5044","E01005333",9,7.044
"5045","E01005334",9,7.107
"5046","E01005335",8,9.227
"5047","E01005336",9,7.986
"5048","E01005337",1,48.304
"5049","E01005338",1,51.875
"5050","E01005339",9,8.309
"5051","E01005340",1,49.112
"5052","E01005341",3,29.178
"5053","E01005342",1,46.406
"5054","E01005343",3,32.008
"5055","E01005344",2,42.898
"5056","E01005345",6,15.387
"5057","E01005346",6,17.108
"5058","E01005347",5,21.097
"5059","E01005348",1,47.539
"5060","E01005349",1,62.882
"5061","E01005350",1,74.646
"5062","E01005351",1,52.874
"5063","E01005352",1,55.326
"5064","E01005353",1,67.305
"5065","E01005354",2,43.099
"5066","E01005355",2,34.168
"5067","E01005356",7,13.892
"5068","E01005357",9,7.356
"5069","E01005358",3,32.156
"5070","E01005359",7,13.387
"5071","E01005360",3,29.794
"5072","E01005361",8,9.67
"5073","E01005362",4,23.489
"5074","E01005363",3,28.345
"5075","E01005364",7,12.88
"5076","E01005365",6,14.872
"5077","E01005366",2,35.915
"5078","E01005367",8,9.156
"5079","E01005368",1,48.56
"5080","E01005369",2,37.082
"5081","E01005370",1,51.213
"5082","E01005371",2,39.909
"5083","E01005372",3,28.49
"5084","E01005373",7,12.257
"5085","E01005374",4,25.913
"5086","E01005375",8,9.496
"5087","E01005376",1,51.5
"5088","E01005377",1,51.244
"5089","E01005378",2,39.553
"5090","E01005379",1,63.693
"5091","E01005380",1,49.495
"5092","E01005381",1,47.323
"5093","E01005382",1,55.677
"5094","E01005383",1,47.403
"5095","E01005386",1,62.026
"5096","E01005387",4,23.339
"5097","E01005388",4,22.49
"5098","E01005389",1,49.421
"5099","E01005390",7,11.932
"5100","E01005391",5,20.558
"5101","E01005392",1,47.258
"5102","E01005393",5,17.747
"5103","E01005394",6,15.014
"5104","E01005395",6,14.175
"5105","E01005396",5,20.931
"5106","E01005397",4,23.431
"5107","E01005398",5,21.246
"5108","E01005399",5,18.45
"5109","E01005400",2,44.666
"5110","E01005401",8,10.466
"5111","E01005402",4,21.736
"5112","E01005403",7,13.08
"5113","E01005406",8,9.304
"5114","E01005407",8,8.746
"5115","E01005408",8,10.001
"5116","E01005409",7,12.324
"5117","E01005410",7,11.211
"5118","E01005411",6,15.119
"5119","E01005412",7,12.783
"5120","E01005413",9,6.584
"5121","E01005414",5,19.409
"5122","E01005415",5,20.422
"5123","E01005416",7,13.628
"5124","E01005417",7,11.672
"5125","E01005418",9,7.922
"5126","E01005419",6,14.633
"5127","E01005420",4,24.696
"5128","E01005421",2,43.078
"5129","E01005422",1,65.993
"5130","E01005427",1,71.634
"5131","E01005428",1,60.366
"5132","E01005429",1,62.849
"5133","E01005430",1,51.032
"5134","E01005431",1,45.214
"5135","E01005432",1,65.779
"5136","E01005433",1,70.852
"5137","E01005434",1,80.241
"5138","E01005435",1,50.533
"5139","E01005436",3,27.229
"5140","E01005437",2,42.213
"5141","E01005438",1,45.04
"5142","E01005439",3,26.706
"5143","E01005440",2,33.611
"5144","E01005441",2,42.869
"5145","E01005442",9,7.755
"5146","E01005443",8,8.888
"5147","E01005444",3,27.295
"5148","E01005445",2,35.909
"5149","E01005446",4,24.513
"5150","E01005447",1,47.15
"5151","E01005448",1,72.257
"5152","E01005449",2,42.354
"5153","E01005450",1,58.994
"5154","E01005451",3,27.903
"5155","E01005452",7,13.748
"5156","E01005453",8,10.623
"5157","E01005454",4,21.623
"5158","E01005455",4,22.988
"5159","E01005456",1,66.263
"5160","E01005459",1,66.973
"5161","E01005460",1,46.797
"5162","E01005461",1,45.448
"5163","E01005462",2,34.53
"5164","E01005463",1,53.601
"5165","E01005464",1,49.192
"5166","E01005465",3,27.723
"5167","E01005466",1,66.31
"5168","E01005467",1,47.054
"5169","E01005468",9,7.085
"5170","E01005469",3,27.903
"5171","E01005470",1,47.654
"5172","E01005471",1,48.237
"5173","E01005472",1,52.634
"5174","E01005473",2,43.838
"5175","E01005474",4,24.612
"5176","E01005475",1,46.724
"5177","E01005476",4,25.292
"5178","E01005477",1,48.832
"5179","E01005478",4,26.273
"5180","E01005479",3,27.706
"5181","E01005480",3,33.466
"5182","E01005481",3,28.51
"5183","E01005482",1,82.386
"5184","E01005483",1,58.218
"5185","E01005484",1,72.914
"5186","E01005485",1,50.086
"5187","E01005486",1,56.117
"5188","E01005487",1,47.195
"5189","E01005488",7,11.332
"5190","E01005489",5,20.681
"5191","E01005490",3,31.668
"5192","E01005491",3,27.236
"5193","E01005492",7,11.514
"5194","E01005493",7,12.226
"5195","E01005494",3,27.368
"5196","E01005495",4,26.054
"5197","E01005496",1,61.884
"5198","E01005497",1,52.472
"5199","E01005498",3,32.741
"5200","E01005499",4,23.996
"5201","E01005500",4,24.269
"5202","E01005501",1,51.301
"5203","E01005502",2,38.951
"5204","E01005503",9,6.134
"5205","E01005504",2,39.262
"5206","E01005505",4,25.848
"5207","E01005506",3,31.786
"5208","E01005507",5,20.365
"5209","E01005508",8,8.671
"5210","E01005509",1,56.456
"5211","E01005510",8,10.492
"5212","E01005511",5,21.348
"5213","E01005512",3,33.103
"5214","E01005513",1,58.013
"5215","E01005514",2,34.821
"5216","E01005515",1,63.362
"5217","E01005516",6,15.133
"5218","E01005517",7,13.751
"5219","E01005518",3,32.153
"5220","E01005519",6,16.311
"5221","E01005520",4,23.827
"5222","E01005521",5,17.735
"5223","E01005522",2,35.543
"5224","E01005523",6,16.939
"5225","E01005524",4,24.407
"5226","E01005525",1,47.915
"5227","E01005526",3,31.378
"5228","E01005527",2,38.609
"5229","E01005528",3,31.544
"5230","E01005529",1,51.314
"5231","E01005530",8,8.481
"5232","E01005531",4,24.148
"5233","E01005532",2,44.867
"5234","E01005533",4,26.282
"5235","E01005534",4,25.792
"5236","E01005535",2,35.696
"5237","E01005536",2,37.255
"5238","E01005537",7,11.322
"5239","E01005538",2,40.391
"5240","E01005539",1,56.857
"5241","E01005540",5,20.918
"5242","E01005541",3,32.213
"5243","E01005542",2,34.93
"5244","E01005543",5,18.768
"5245","E01005544",9,7.008
"5246","E01005545",9,6.683
"5247","E01005546",3,29.126
"5248","E01005547",3,29.291
"5249","E01005548",2,40.872
"5250","E01005549",10,5.214
"5251","E01005550",10,5.419
"5252","E01005551",1,54.633
"5253","E01005552",1,61.474
"5254","E01005553",2,43.079
"5255","E01005554",5,17.718
"5256","E01005555",7,12.984
"5257","E01005556",4,22.856
"5258","E01005557",8,9.286
"5259","E01005558",3,26.677
"5260","E01005559",1,58.082
"5261","E01005560",5,19.705
"5262","E01005561",4,23.477
"5263","E01005562",3,27.759
"5264","E01005563",1,48.615
"5265","E01005564",1,56.408
"5266","E01005565",1,46.337
"5267","E01005566",2,42.321
"5268","E01005567",5,20.8
"5269","E01005568",1,71.224
"5270","E01005569",1,45.267
"5271","E01005570",7,13.381
"5272","E01005571",7,11.185
"5273","E01005572",8,8.44
"5274","E01005573",9,7.99
"5275","E01005574",8,9.236
"5276","E01005575",7,12.006
"5277","E01005576",9,6.068
"5278","E01005577",8,8.456
"5279","E01005578",1,57.615
"5280","E01005579",1,60.604
"5281","E01005580",1,46.712
"5282","E01005581",1,59.046
"5283","E01005583",1,59.564
"5284","E01005585",1,47.746
"5285","E01005586",1,65.589
"5286","E01005587",9,6.621
"5287","E01005588",2,36.396
"5288","E01005589",3,31.591
"5289","E01005590",2,44.085
"5290","E01005591",4,22.161
"5291","E01005592",1,46.174
"5292","E01005593",2,34.863
"5293","E01005594",4,25.255
"5294","E01005595",1,64.188
"5295","E01005596",5,18.151
"5296","E01005597",7,13.795
"5297","E01005598",7,11.793
"5298","E01005599",1,46.467
"5299","E01005600",4,23.967
"5300","E01005601",1,49.245
"5301","E01005602",1,54.793
"5302","E01005603",2,35.521
"5303","E01005604",3,27.558
"5304","E01005605",2,36.299
"5305","E01005610",3,32.652
"5306","E01005611",2,44.661
"5307","E01005612",1,65.36
"5308","E01005613",1,63.833
"5309","E01005614",1,48.094
"5310","E01005615",1,70.001
"5311","E01005616",2,37.579
"5312","E01005617",5,21.005
"5313","E01005618",4,25.03
"5314","E01005619",2,33.714
"5315","E01005620",6,16.981
"5316","E01005621",2,34.423
"5317","E01005622",3,27.53
"5318","E01005623",6,14.145
"5319","E01005624",1,51.143
"5320","E01005625",7,11.88
"5321","E01005626",7,13.575
"5322","E01005627",8,10.76
"5323","E01005628",5,19.969
"5324","E01005629",5,19.968
"5325","E01005630",5,21.507
"5326","E01005631",1,68.354
"5327","E01005632",4,23.187
"5328","E01005633",3,30.845
"5329","E01005634",10,5.215
"5330","E01005635",4,22.923
"5331","E01005636",8,10.051
"5332","E01005637",5,21.323
"5333","E01005638",2,40.148
"5334","E01005639",1,73.189
"5335","E01005640",1,45.752
"5336","E01005641",2,38.352
"5337","E01005642",6,14.831
"5338","E01005643",5,19.286
"5339","E01005644",7,13.558
"5340","E01005645",8,8.827
"5341","E01005646",3,26.775
"5342","E01005647",4,24.454
"5343","E01005648",5,19.44
"5344","E01005649",4,22.449
"5345","E01005650",1,47.202
"5346","E01005651",2,43.502
"5347","E01005652",2,40.263
"5348","E01005653",1,67.023
"5349","E01005654",2,33.538
"5350","E01005656",2,34.817
"5351","E01005657",2,39.201
"5352","E01005659",1,51.927
"5353","E01005660",1,75.262
"5354","E01005661",1,45.135
"5355","E01005662",1,66.77
"5356","E01005663",2,35.313
"5357","E01005664",1,59.869
"5358","E01005665",1,64.442
"5359","E01005667",2,41.564
"5360","E01005670",2,40.404
"5361","E01005671",2,39.749
"5362","E01005672",3,29.661
"5363","E01005673",3,28.558
"5364","E01005674",3,31.777
"5365","E01005676",7,11.96
"5366","E01005677",4,23.536
"5367","E01005678",1,46.664
"5368","E01005679",1,55.774
"5369","E01005680",1,67.401
"5370","E01005681",1,52.406
"5371","E01005682",1,81.219
"5372","E01005683",1,58.825
"5373","E01005686",3,31.544
"5374","E01005687",4,23.531
"5375","E01005688",4,24.673
"5376","E01005689",1,51.964
"5377","E01005690",4,24.85
"5378","E01005691",6,15.809
"5379","E01005692",1,55.617
"5380","E01005693",6,16.198
"5381","E01005694",7,13.236
"5382","E01005695",10,4.691
"5383","E01005696",6,16.968
"5384","E01005697",9,6.795
"5385","E01005698",1,55.529
"5386","E01005699",8,9.998
"5387","E01005700",3,26.634
"5388","E01005701",7,11.604
"5389","E01005702",3,28.392
"5390","E01005703",1,63.497
"5391","E01005704",1,45.144
"5392","E01005706",1,50.9
"5393","E01005707",1,53.45
"5394","E01005708",2,44.395
"5395","E01005709",1,63.547
"5396","E01005710",5,19.452
"5397","E01005711",6,17.231
"5398","E01005712",3,29.175
"5399","E01005713",9,5.727
"5400","E01005714",3,31.138
"5401","E01005715",9,8.066
"5402","E01005716",10,5.082
"5403","E01005717",10,2.647
"5404","E01005718",4,22.464
"5405","E01005719",2,35.952
"5406","E01005721",2,34.117
"5407","E01005722",2,42.919
"5408","E01005723",1,48.937
"5409","E01005724",6,15.116
"5410","E01005725",1,54.528
"5411","E01005726",3,33.395
"5412","E01005727",3,27.532
"5413","E01005728",7,13.587
"5414","E01005729",1,70.238
"5415","E01005730",4,25.86
"5416","E01005731",1,49.312
"5417","E01005732",2,41.708
"5418","E01005733",1,46.107
"5419","E01005734",5,20.766
"5420","E01005735",10,5.151
"5421","E01005736",9,8.282
"5422","E01005737",9,6.525
"5423","E01005738",9,7.627
"5424","E01005739",10,4.373
"5425","E01005740",8,8.557
"5426","E01005741",9,5.476
"5427","E01005742",8,8.601
"5428","E01005743",7,12.558
"5429","E01005744",3,32.586
"5430","E01005745",6,15.848
"5431","E01005746",1,54.853
"5432","E01005747",9,7.524
"5433","E01005748",10,3.67
"5434","E01005749",7,13.967
"5435","E01005750",6,15.297
"5436","E01005751",5,18.9
"5437","E01005752",3,32.746
"5438","E01005753",1,56.817
"5439","E01005754",1,77.438
"5440","E01005755",1,54.345
"5441","E01005756",1,57.129
"5442","E01005757",3,32.695
"5443","E01005759",5,17.817
"5444","E01005760",3,31.19
"5445","E01005761",3,28.924
"5446","E01005762",1,47.795
"5447","E01005763",2,42.199
"5448","E01005764",3,32.296
"5449","E01005765",7,12.184
"5450","E01005766",2,39.409
"5451","E01005767",9,6.572
"5452","E01005768",10,5.399
"5453","E01005769",6,15.11
"5454","E01005770",9,8.146
"5455","E01005771",8,10.057
"5456","E01005772",8,9.53
"5457","E01005773",8,8.906
"5458","E01005774",2,38.392
"5459","E01005775",9,5.553
"5460","E01005776",10,5.353
"5461","E01005777",6,16.49
"5462","E01005778",7,13.322
"5463","E01005779",7,13.848
"5464","E01005780",7,12.446
"5465","E01005781",2,37.738
"5466","E01005782",8,8.393
"5467","E01005783",7,11.863
"5468","E01005784",9,5.842
"5469","E01005785",8,8.672
"5470","E01005786",10,4.11
"5471","E01005787",10,0.604
"5472","E01005788",10,3.136
"5473","E01005789",10,4.124
"5474","E01005790",6,15.823
"5475","E01005791",8,8.859
"5476","E01005792",10,1.324
"5477","E01005793",9,6.178
"5478","E01005794",10,2.009
"5479","E01005795",10,1.541
"5480","E01005796",10,1.866
"5481","E01005797",3,28.43
"5482","E01005798",4,22.856
"5483","E01005799",1,46.57
"5484","E01005800",9,8.045
"5485","E01005801",7,12.204
"5486","E01005802",9,6.024
"5487","E01005803",10,3.702
"5488","E01005804",4,24.546
"5489","E01005805",10,3.371
"5490","E01005806",10,5.068
"5491","E01005807",10,2.313
"5492","E01005808",10,2.383
"5493","E01005809",10,4.955
"5494","E01005810",8,9.021
"5495","E01005811",10,3.604
"5496","E01005812",10,2.542
"5497","E01005813",10,3.922
"5498","E01005814",10,3.099
"5499","E01005815",10,2.31
"5500","E01005816",4,26.569
"5501","E01005817",3,29.093
"5502","E01005818",2,34.418
"5503","E01005819",8,9.748
"5504","E01005820",4,23.403
"5505","E01005821",4,24.9
"5506","E01005822",1,50.028
"5507","E01005823",3,31.87
"5508","E01005824",7,12.461
"5509","E01005825",6,17.145
"5510","E01005826",1,50.144
"5511","E01005827",8,9.491
"5512","E01005828",1,70.781
"5513","E01005829",2,33.68
"5514","E01005830",7,11.885
"5515","E01005831",5,17.819
"5516","E01005832",6,15.027
"5517","E01005833",4,22.139
"5518","E01005834",4,26.032
"5519","E01005835",10,5.014
"5520","E01005836",7,14.099
"5521","E01005837",8,9.628
"5522","E01005838",4,22.576
"5523","E01005839",10,2.693
"5524","E01005840",5,19.999
"5525","E01005841",7,13.241
"5526","E01005842",9,7.195
"5527","E01005843",9,7.483
"5528","E01005844",7,14.113
"5529","E01005845",6,14.345
"5530","E01005846",8,10.918
"5531","E01005847",6,14.56
"5532","E01005848",9,5.659
"5533","E01005849",9,6.627
"5534","E01005850",4,22.061
"5535","E01005851",8,9.139
"5536","E01005852",8,11.015
"5537","E01005853",4,26.102
"5538","E01005854",9,5.832
"5539","E01005855",10,4.925
"5540","E01005856",8,9.583
"5541","E01005857",7,11.419
"5542","E01005858",9,7.926
"5543","E01005859",7,12.372
"5544","E01005860",10,2.932
"5545","E01005861",8,9.408
"5546","E01005862",9,5.972
"5547","E01005863",7,11.179
"5548","E01005864",8,8.934
"5549","E01005865",10,4.324
"5550","E01005866",5,19.308
"5551","E01005867",8,8.54
"5552","E01005868",9,6.945
"5553","E01005869",8,10.536
"5554","E01005870",4,24.506
"5555","E01005871",4,23.643
"5556","E01005872",3,29.316
"5557","E01005873",6,16.964
"5558","E01005874",1,45.462
"5559","E01005875",7,12.277
"5560","E01005876",6,15.648
"5561","E01005877",4,22.142
"5562","E01005878",3,27.329
"5563","E01005879",5,19.421
"5564","E01005880",8,8.519
"5565","E01005881",10,1.921
"5566","E01005882",10,2.764
"5567","E01005883",10,3.299
"5568","E01005884",10,4.202
"5569","E01005885",7,12.741
"5570","E01005886",3,32.9
"5571","E01005887",2,42.305
"5572","E01005888",4,24.869
"5573","E01005889",2,34.008
"5574","E01005890",3,29.516
"5575","E01005891",8,8.436
"5576","E01005892",4,24.136
"5577","E01005893",5,21.124
"5578","E01005894",5,18.339
"5579","E01005895",4,25.512
"5580","E01005896",3,27.587
"5581","E01005897",4,25.005
"5582","E01005898",5,19.533
"5583","E01005899",6,14.879
"5584","E01005900",5,21.182
"5585","E01005901",8,10.848
"5586","E01005902",2,35.143
"5587","E01005903",10,2.255
"5588","E01005904",10,4.833
"5589","E01005905",1,50.486
"5590","E01005906",9,6.153
"5591","E01005907",9,6.477
"5592","E01005908",9,7.329
"5593","E01005909",10,5.235
"5594","E01005910",4,22.428
"5595","E01005911",9,6.416
"5596","E01005912",8,8.972
"5597","E01005913",8,8.743
"5598","E01005914",5,21.018
"5599","E01005915",2,35.824
"5600","E01005916",3,26.713
"5601","E01005917",2,41.065
"5602","E01005918",1,82.633
"5603","E01005919",2,43.053
"5604","E01005920",9,7.374
"5605","E01005921",2,34.422
"5606","E01005922",6,14.689
"5607","E01005923",10,1.156
"5608","E01005924",10,3.313
"5609","E01005925",9,7.912
"5610","E01005926",10,3.01
"5611","E01005927",10,2.748
"5612","E01005928",5,21.426
"5613","E01005929",10,2.392
"5614","E01005930",10,1.323
"5615","E01005931",10,2.309
"5616","E01005932",10,1.964
"5617","E01005933",1,51.376
"5618","E01005934",3,28.418
"5619","E01005935",1,66.181
"5620","E01005936",7,11.86
"5621","E01005937",3,30.258
"5622","E01005938",2,36.262
"5623","E01005939",5,17.569
"5624","E01005940",5,19.075
"5625","E01005941",1,51.905
"5626","E01005942",5,17.695
"5627","E01005943",3,27.713
"5628","E01005944",6,15.473
"5629","E01005945",1,47.423
"5630","E01005946",2,34.987
"5631","E01005947",1,54.296
"5632","E01005948",1,68.798
"5633","E01005949",2,36.097
"5634","E01005950",1,54.962
"5635","E01005951",2,43.482
"5636","E01005953",1,56.481
"5637","E01005954",2,39.4
"5638","E01005955",9,7.621
"5639","E01005956",5,18.389
"5640","E01005957",3,28.204
"5641","E01005958",2,41.896
"5642","E01005959",2,38.432
"5643","E01005960",2,44.823
"5644","E01005961",9,8.352
"5645","E01005962",6,16.746
"5646","E01005963",6,15.67
"5647","E01005964",5,20.1
"5648","E01005965",2,34.557
"5649","E01005966",3,31.191
"5650","E01005967",1,45.644
"5651","E01005968",6,14.602
"5652","E01005969",7,12.652
"5653","E01005970",8,10.001
"5654","E01005971",4,22.906
"5655","E01005972",2,33.871
"5656","E01005973",7,12.862
"5657","E01005974",2,38.677
"5658","E01005975",3,30.98
"5659","E01005976",2,37.421
"5660","E01005977",6,17.14
"5661","E01005978",2,37.508
"5662","E01005979",3,27.011
"5663","E01005980",2,39.546
"5664","E01005981",2,39.105
"5665","E01005982",3,33.143
"5666","E01005983",7,13.164
"5667","E01005984",2,43.846
"5668","E01005985",8,10.851
"5669","E01005986",4,22.839
"5670","E01005987",8,9.749
"5671","E01005988",9,7.245
"5672","E01005989",8,8.492
"5673","E01005990",7,13.978
"5674","E01005991",5,19.489
"5675","E01005992",2,35.062
"5676","E01005993",5,19.767
"5677","E01005994",4,26.046
"5678","E01005995",9,7.959
"5679","E01005996",4,25.002
"5680","E01005997",4,23.287
"5681","E01005998",3,27.722
"5682","E01005999",3,33.218
"5683","E01006000",2,37.516
"5684","E01006001",3,27.272
"5685","E01006002",4,23.354
"5686","E01006003",4,24.737
"5687","E01006004",6,16.62
"5688","E01006005",1,50.207
"5689","E01006006",5,18.147
"5690","E01006007",4,26.231
"5691","E01006008",4,23.664
"5692","E01006009",3,29.085
"5693","E01006010",1,51.927
"5694","E01006011",1,44.982
"5695","E01006012",4,23.888
"5696","E01006013",5,21.226
"5697","E01006014",3,30.44
"5698","E01006015",9,7.391
"5699","E01006016",1,54.664
"5700","E01006017",10,4.615
"5701","E01006018",9,6.808
"5702","E01006019",1,50.824
"5703","E01006020",3,28.484
"5704","E01006021",5,21.085
"5705","E01006022",5,19.5
"5706","E01006023",2,43.96
"5707","E01006024",9,5.811
"5708","E01006025",1,47.26
"5709","E01006026",3,30.895
"5710","E01006027",2,42.405
"5711","E01006028",1,53.342
"5712","E01006029",2,40.807
"5713","E01006030",2,35.424
"5714","E01006031",3,31.246
"5715","E01006032",2,38.658
"5716","E01006033",2,34.465
"5717","E01006034",2,35.149
"5718","E01006035",4,24.29
"5719","E01006036",2,34.565
"5720","E01006037",9,6.942
"5721","E01006038",6,14.559
"5722","E01006039",2,42.37
"5723","E01006040",1,50.054
"5724","E01006041",3,28.988
"5725","E01006042",7,13.901
"5726","E01006043",5,20.446
"5727","E01006044",6,15.74
"5728","E01006045",9,7.785
"5729","E01006046",8,9.359
"5730","E01006047",4,24.082
"5731","E01006048",6,17.314
"5732","E01006049",4,25.616
"5733","E01006050",1,63.681
"5734","E01006051",5,21.525
"5735","E01006052",1,59.28
"5736","E01006053",7,12.893
"5737","E01006054",3,31.873
"5738","E01006055",6,16.203
"5739","E01006056",1,51.735
"5740","E01006057",6,14.604
"5741","E01006058",4,24.583
"5742","E01006059",5,17.91
"5743","E01006060",1,46.998
"5744","E01006061",3,31.924
"5745","E01006062",9,5.633
"5746","E01006063",8,10.73
"5747","E01006064",1,45.408
"5748","E01006065",1,50.188
"5749","E01006066",2,34.992
"5750","E01006067",9,6.724
"5751","E01006068",3,32.854
"5752","E01006069",2,37.952
"5753","E01006070",6,17.333
"5754","E01006071",10,5.257
"5755","E01006072",9,5.525
"5756","E01006073",3,31.668
"5757","E01006074",5,19.729
"5758","E01006075",9,6.85
"5759","E01006076",10,5.061
"5760","E01006077",7,12.799
"5761","E01006078",8,8.52
"5762","E01006079",10,1.451
"5763","E01006080",9,6.243
"5764","E01006081",10,1.604
"5765","E01006082",10,4.127
"5766","E01006083",10,2.554
"5767","E01006084",10,3.759
"5768","E01006085",10,4.009
"5769","E01006086",7,11.277
"5770","E01006087",8,9.181
"5771","E01006088",9,7.755
"5772","E01006089",8,9.079
"5773","E01006090",9,7.845
"5774","E01006091",9,6.182
"5775","E01006092",3,29.714
"5776","E01006093",10,4.077
"5777","E01006094",10,2.076
"5778","E01006095",10,4.187
"5779","E01006096",10,3.321
"5780","E01006097",10,4.916
"5781","E01006098",10,2.913
"5782","E01006099",9,8.214
"5783","E01006100",9,5.559
"5784","E01006101",10,0.704
"5785","E01006102",8,9.269
"5786","E01006103",10,1.325
"5787","E01006104",3,27.534
"5788","E01006105",1,61.05
"5789","E01006106",3,32.488
"5790","E01006107",3,30.874
"5791","E01006108",1,68.143
"5792","E01006109",1,59.691
"5793","E01006110",3,31.884
"5794","E01006111",2,43.732
"5795","E01006112",2,42.58
"5796","E01006113",6,17.161
"5797","E01006114",4,23.686
"5798","E01006115",3,28.365
"5799","E01006116",9,8.059
"5800","E01006117",9,6.292
"5801","E01006118",5,19.632
"5802","E01006119",9,5.714
"5803","E01006120",9,5.572
"5804","E01006121",5,17.663
"5805","E01006122",9,5.711
"5806","E01006123",8,10.584
"5807","E01006124",10,3.159
"5808","E01006125",7,13.668
"5809","E01006126",3,31.451
"5810","E01006127",7,12.852
"5811","E01006128",9,6.371
"5812","E01006129",6,16.382
"5813","E01006130",9,7.16
"5814","E01006131",8,8.881
"5815","E01006132",7,13.439
"5816","E01006133",9,5.843
"5817","E01006134",10,2.461
"5818","E01006135",10,3.773
"5819","E01006136",10,3.604
"5820","E01006137",10,5.062
"5821","E01006138",7,12.484
"5822","E01006139",10,2.83
"5823","E01006140",10,4.606
"5824","E01006141",4,21.572
"5825","E01006142",5,19.125
"5826","E01006143",8,9.741
"5827","E01006144",1,45.731
"5828","E01006145",3,30.881
"5829","E01006146",7,13.011
"5830","E01006147",10,2.958
"5831","E01006148",9,6.859
"5832","E01006149",7,11.806
"5833","E01006150",6,15.469
"5834","E01006151",10,1.952
"5835","E01006152",10,3.05
"5836","E01006153",10,3.192
"5837","E01006154",8,8.6
"5838","E01006155",8,9.476
"5839","E01006156",5,19.446
"5840","E01006157",7,13.271
"5841","E01006158",3,26.749
"5842","E01006159",3,32.498
"5843","E01006160",5,20.055
"5844","E01006161",9,5.764
"5845","E01006162",10,4.659
"5846","E01006163",8,9.454
"5847","E01006164",9,6.676
"5848","E01006165",4,24.096
"5849","E01006166",6,14.712
"5850","E01006167",1,47.82
"5851","E01006168",1,55.437
"5852","E01006169",8,9.38
"5853","E01006170",8,10.361
"5854","E01006171",3,27.813
"5855","E01006172",9,8.226
"5856","E01006173",10,3.929
"5857","E01006174",9,7.937
"5858","E01006175",2,35.968
"5859","E01006176",7,12.892
"5860","E01006177",3,31.448
"5861","E01006178",9,7.165
"5862","E01006179",3,27.588
"5863","E01006180",4,24.261
"5864","E01006181",4,21.554
"5865","E01006182",7,11.372
"5866","E01006183",7,11.835
"5867","E01006184",4,24.718
"5868","E01006186",4,22.585
"5869","E01006187",3,28.754
"5870","E01006188",4,22.446
"5871","E01006189",5,21.061
"5872","E01006190",10,1.636
"5873","E01006191",10,2.419
"5874","E01006192",9,5.698
"5875","E01006193",10,4.77
"5876","E01006194",8,10.302
"5877","E01006195",10,1.42
"5878","E01006196",10,2.483
"5879","E01006197",8,8.621
"5880","E01006198",5,17.508
"5881","E01006199",5,21.311
"5882","E01006200",6,15.153
"5883","E01006201",5,17.928
"5884","E01006202",7,12.696
"5885","E01006203",10,4.064
"5886","E01006204",9,7.856
"5887","E01006205",10,2.577
"5888","E01006206",5,19.611
"5889","E01006207",2,41.714
"5890","E01006208",6,16.151
"5891","E01006209",10,2.83
"5892","E01006210",9,6.858
"5893","E01006211",5,21.136
"5894","E01006212",6,15.277
"5895","E01006213",1,58.302
"5896","E01006214",2,40.259
"5897","E01006215",1,60.31
"5898","E01006216",5,18.876
"5899","E01006217",3,30.799
"5900","E01006218",3,31.627
"5901","E01006219",4,22.834
"5902","E01006220",3,29.445
"5903","E01006221",6,16.612
"5904","E01006222",9,7.198
"5905","E01006223",4,23.939
"5906","E01006224",10,5.315
"5907","E01006225",7,12.231
"5908","E01006226",7,12.436
"5909","E01006227",6,14.773
"5910","E01006228",4,26.173
"5911","E01006229",8,10.098
"5912","E01006230",10,5.317
"5913","E01006231",7,11.482
"5914","E01006232",9,7.151
"5915","E01006233",10,4.664
"5916","E01006234",5,18.801
"5917","E01006235",2,33.536
"5918","E01006236",8,10.426
"5919","E01006237",10,3.165
"5920","E01006238",3,31.973
"5921","E01006239",1,55.26
"5922","E01006240",1,63.96
"5923","E01006241",3,31.379
"5924","E01006242",4,23.114
"5925","E01006243",8,10.067
"5926","E01006244",2,38.099
"5927","E01006245",7,13.761
"5928","E01006246",2,34.07
"5929","E01006247",6,15.046
"5930","E01006248",1,53.758
"5931","E01006249",2,40.008
"5932","E01006250",10,4.442
"5933","E01006251",7,11.477
"5934","E01006252",7,12.098
"5935","E01006253",2,33.755
"5936","E01006254",2,41.87
"5937","E01006255",7,13.325
"5938","E01006256",5,19.885
"5939","E01006257",5,17.881
"5940","E01006258",5,19.618
"5941","E01006259",7,13.95
"5942","E01006260",2,34.144
"5943","E01006261",3,27.362
"5944","E01006262",3,29.498
"5945","E01006263",10,5.113
"5946","E01006264",9,6.961
"5947","E01006265",4,25.06
"5948","E01006266",8,10.413
"5949","E01006267",2,44.512
"5950","E01006268",5,18.358
"5951","E01006269",3,26.879
"5952","E01006270",1,47.764
"5953","E01006271",6,17.268
"5954","E01006272",3,31.959
"5955","E01006273",2,37.644
"5956","E01006274",2,40.82
"5957","E01006275",1,52.809
"5958","E01006276",7,14.138
"5959","E01006277",7,11.486
"5960","E01006278",4,25.45
"5961","E01006279",8,9.538
"5962","E01006280",3,29.238
"5963","E01006281",7,11.338
"5964","E01006282",3,28.555
"5965","E01006283",1,47.559
"5966","E01006284",1,45.319
"5967","E01006285",9,8.351
"5968","E01006286",5,19.979
"5969","E01006287",8,8.454
"5970","E01006288",1,48.824
"5971","E01006289",1,59.215
"5972","E01006290",7,12.748
"5973","E01006291",3,29.434
"5974","E01006292",6,16.929
"5975","E01006293",3,28.754
"5976","E01006294",4,24.555
"5977","E01006295",2,36.2
"5978","E01006296",1,55.074
"5979","E01006297",1,48.739
"5980","E01006298",2,44.702
"5981","E01006299",8,10.459
"5982","E01006300",10,5.365
"5983","E01006301",10,3.676
"5984","E01006302",7,11.313
"5985","E01006303",7,11.259
"5986","E01006304",4,22.514
"5987","E01006305",1,51.334
"5988","E01006306",1,58.667
"5989","E01006307",2,35.754
"5990","E01006308",1,44.924
"5991","E01006309",2,43.836
"5992","E01006310",1,45.378
"5993","E01006311",2,38.446
"5994","E01006312",9,6.059
"5995","E01006313",4,24.911
"5996","E01006314",9,7.656
"5997","E01006315",10,4.92
"5998","E01006316",9,7.092
"5999","E01006317",6,14.91
"6000","E01006318",9,6.494
"6001","E01006319",9,6.655
"6002","E01006320",9,8.185
"6003","E01006321",10,5.289
"6004","E01006322",3,29.638
"6005","E01006323",2,40.372
"6006","E01006324",2,39.21
"6007","E01006325",3,26.681
"6008","E01006326",1,46.858
"6009","E01006327",2,36.251
"6010","E01006328",1,47.749
"6011","E01006329",3,32.291
"6012","E01006330",8,9.397
"6013","E01006331",10,5.033
"6014","E01006332",5,20.399
"6015","E01006333",2,44.654
"6016","E01006334",1,49.919
"6017","E01006335",3,30.202
"6018","E01006336",1,70.759
"6019","E01006337",5,20.504
"6020","E01006338",3,32.741
"6021","E01006339",8,9.368
"6022","E01006340",4,24.139
"6023","E01006341",3,30.047
"6024","E01006342",2,35.373
"6025","E01006343",10,3.745
"6026","E01006344",2,37.359
"6027","E01006345",8,8.529
"6028","E01006346",5,20.099
"6029","E01006347",10,3.909
"6030","E01006348",9,6.783
"6031","E01006349",5,19.544
"6032","E01006350",1,57.873
"6033","E01006351",1,65.698
"6034","E01006352",3,32.793
"6035","E01006353",4,22.336
"6036","E01006354",2,40.701
"6037","E01006355",4,22.356
"6038","E01006356",2,43.619
"6039","E01006357",1,66.04
"6040","E01006358",3,29.444
"6041","E01006359",2,42.908
"6042","E01006360",1,62.632
"6043","E01006361",1,56.259
"6044","E01006362",9,8.024
"6045","E01006363",8,8.382
"6046","E01006364",5,20.84
"6047","E01006365",9,7.153
"6048","E01006366",6,17.205
"6049","E01006367",9,5.759
"6050","E01006368",7,12.088
"6051","E01006369",1,51.929
"6052","E01006370",3,29.832
"6053","E01006371",4,23.516
"6054","E01006372",10,3.623
"6055","E01006373",9,6.826
"6056","E01006374",9,6.631
"6057","E01006375",5,20.867
"6058","E01006376",3,32.629
"6059","E01006377",10,5.079
"6060","E01006378",9,6.563
"6061","E01006379",7,11.971
"6062","E01006380",5,17.846
"6063","E01006381",10,4.752
"6064","E01006382",10,4.29
"6065","E01006383",8,10.564
"6066","E01006384",9,7.514
"6067","E01006385",9,6.669
"6068","E01006386",1,80.934
"6069","E01006387",3,30.353
"6070","E01006388",4,24.557
"6071","E01006389",7,14.117
"6072","E01006390",3,27.72
"6073","E01006391",5,18.78
"6074","E01006392",1,58.777
"6075","E01006393",8,9.12
"6076","E01006394",9,5.932
"6077","E01006395",10,3.062
"6078","E01006396",8,10.243
"6079","E01006397",1,47.755
"6080","E01006398",2,38.04
"6081","E01006399",3,26.864
"6082","E01006400",10,4.204
"6083","E01006401",8,8.389
"6084","E01006402",10,4.936
"6085","E01006403",8,8.736
"6086","E01006404",2,34.819
"6087","E01006405",3,31.576
"6088","E01006406",6,15.938
"6089","E01006407",8,9.433
"6090","E01006408",3,31.682
"6091","E01006409",9,8.324
"6092","E01006410",8,8.675
"6093","E01006411",1,66.026
"6094","E01006412",1,66.076
"6095","E01006413",1,77.857
"6096","E01006414",1,62.372
"6097","E01006415",3,32.792
"6098","E01006416",1,56.121
"6099","E01006417",1,52.668
"6100","E01006418",1,51.806
"6101","E01006419",7,12.82
"6102","E01006420",8,9.099
"6103","E01006421",9,7.765
"6104","E01006422",7,13.907
"6105","E01006423",7,11.413
"6106","E01006424",7,11.735
"6107","E01006425",5,20.56
"6108","E01006426",1,58.763
"6109","E01006427",6,16.668
"6110","E01006428",2,38.289
"6111","E01006429",1,53.642
"6112","E01006430",1,46.845
"6113","E01006431",4,24.37
"6114","E01006432",1,50.394
"6115","E01006433",4,24.191
"6116","E01006434",1,56.775
"6117","E01006435",1,46.628
"6118","E01006436",1,68.123
"6119","E01006437",1,61.652
"6120","E01006438",6,16.123
"6121","E01006439",3,30.291
"6122","E01006440",1,57.4
"6123","E01006442",1,68.368
"6124","E01006443",1,62.603
"6125","E01006444",1,60.243
"6126","E01006445",1,58.371
"6127","E01006446",1,57.879
"6128","E01006447",1,62.705
"6129","E01006448",1,65.743
"6130","E01006449",4,25.474
"6131","E01006450",2,36.511
"6132","E01006451",2,36.712
"6133","E01006452",3,30.085
"6134","E01006453",1,61.695
"6135","E01006454",6,17.313
"6136","E01006455",1,61.449
"6137","E01006456",4,22.954
"6138","E01006457",6,17.24
"6139","E01006458",2,35.311
"6140","E01006459",4,24.541
"6141","E01006460",1,73.001
"6142","E01006461",1,59.17
"6143","E01006462",7,13.592
"6144","E01006464",5,19.222
"6145","E01006465",6,15.102
"6146","E01006466",3,29.329
"6147","E01006467",1,68.093
"6148","E01006470",1,56.084
"6149","E01006471",8,9.315
"6150","E01006472",7,11.437
"6151","E01006473",8,8.812
"6152","E01006474",8,10.137
"6153","E01006475",5,17.735
"6154","E01006476",9,5.682
"6155","E01006477",2,42.318
"6156","E01006478",2,42.119
"6157","E01006479",2,34.805
"6158","E01006480",1,50.716
"6159","E01006481",1,50.876
"6160","E01006482",2,34.154
"6161","E01006483",2,39.204
"6162","E01006484",1,45.007
"6163","E01006485",7,13.492
"6164","E01006486",7,13.057
"6165","E01006487",6,15.576
"6166","E01006488",8,10.95
"6167","E01006489",6,15.788
"6168","E01006490",6,17.415
"6169","E01006491",6,17.216
"6170","E01006492",2,34.644
"6171","E01006493",1,46.502
"6172","E01006494",1,68.201
"6173","E01006495",2,40.882
"6174","E01006496",3,30.708
"6175","E01006497",3,29.696
"6176","E01006498",8,8.658
"6177","E01006499",7,13.977
"6178","E01006500",1,47.541
"6179","E01006501",4,22.52
"6180","E01006502",5,18.737
"6181","E01006503",6,15.386
"6182","E01006504",1,50.875
"6183","E01006505",1,53.354
"6184","E01006506",2,40.994
"6185","E01006507",1,48.062
"6186","E01006508",3,32.784
"6187","E01006509",1,58.857
"6188","E01006510",3,32.718
"6189","E01006512",6,16.394
"6190","E01006514",3,28.613
"6191","E01006518",1,58.861
"6192","E01006519",9,6.737
"6193","E01006520",2,37.124
"6194","E01006521",4,24.722
"6195","E01006522",2,41.967
"6196","E01006523",3,31.118
"6197","E01006524",10,5.382
"6198","E01006525",9,6.441
"6199","E01006526",6,14.164
"6200","E01006527",5,18.612
"6201","E01006528",5,21.292
"6202","E01006529",6,14.821
"6203","E01006530",8,8.439
"6204","E01006531",9,7.291
"6205","E01006532",10,3.987
"6206","E01006533",5,19.621
"6207","E01006534",6,17.125
"6208","E01006535",4,25.917
"6209","E01006536",2,33.815
"6210","E01006537",6,16.193
"6211","E01006538",6,14.699
"6212","E01006539",10,5.052
"6213","E01006540",1,72.125
"6214","E01006541",1,46.413
"6215","E01006542",1,53.213
"6216","E01006543",5,20.374
"6217","E01006544",1,71.162
"6218","E01006545",1,53.026
"6219","E01006546",1,61.799
"6220","E01006547",1,74.446
"6221","E01006548",1,58.101
"6222","E01006549",1,45.877
"6223","E01006550",6,16.035
"6224","E01006551",2,43.096
"6225","E01006552",1,61.174
"6226","E01006553",5,21.322
"6227","E01006554",4,22.706
"6228","E01006556",1,76.054
"6229","E01006557",5,21.269
"6230","E01006558",1,78.253
"6231","E01006560",1,71.548
"6232","E01006562",1,69.625
"6233","E01006563",1,75.635
"6234","E01006564",2,41.151
"6235","E01006565",2,36.263
"6236","E01006566",4,21.891
"6237","E01006567",2,42.094
"6238","E01006568",5,20.602
"6239","E01006569",2,40.453
"6240","E01006570",5,20.891
"6241","E01006571",1,48.057
"6242","E01006572",1,62.753
"6243","E01006573",1,45.552
"6244","E01006574",2,38.555
"6245","E01006575",4,24.486
"6246","E01006576",8,10.638
"6247","E01006577",9,7.658
"6248","E01006578",7,11.975
"6249","E01006579",9,7.046
"6250","E01006580",9,7.008
"6251","E01006581",9,6.334
"6252","E01006582",10,4.582
"6253","E01006583",10,2.133
"6254","E01006584",5,17.874
"6255","E01006585",1,50.913
"6256","E01006586",3,33.025
"6257","E01006587",4,22.187
"6258","E01006588",4,25.107
"6259","E01006589",8,8.502
"6260","E01006590",5,18.858
"6261","E01006591",7,13.097
"6262","E01006592",9,6.276
"6263","E01006593",5,20.033
"6264","E01006594",10,3.459
"6265","E01006595",7,13.75
"6266","E01006596",7,11.287
"6267","E01006597",9,8.312
"6268","E01006598",1,58.832
"6269","E01006599",2,44.519
"6270","E01006600",2,42.596
"6271","E01006603",1,46.724
"6272","E01006604",2,37.988
"6273","E01006605",2,43.086
"6274","E01006606",2,42.328
"6275","E01006607",1,45.923
"6276","E01006608",2,43.721
"6277","E01006609",1,51.657
"6278","E01006610",1,71.965
"6279","E01006611",1,79.409
"6280","E01006612",1,63.686
"6281","E01006613",2,41.82
"6282","E01006614",1,68.358
"6283","E01006615",1,61.582
"6284","E01006616",2,43.704
"6285","E01006617",5,19.033
"6286","E01006618",2,34.948
"6287","E01006619",5,19.323
"6288","E01006620",5,20.118
"6289","E01006621",7,11.762
"6290","E01006622",9,6.991
"6291","E01006623",8,10.103
"6292","E01006624",2,35.634
"6293","E01006625",5,19.222
"6294","E01006626",5,20.476
"6295","E01006627",4,23.098
"6296","E01006628",6,17.046
"6297","E01006629",4,21.787
"6298","E01006630",2,42.979
"6299","E01006632",1,54.135
"6300","E01006633",1,66.768
"6301","E01006637",1,55.595
"6302","E01006638",1,71.967
"6303","E01006639",3,27.863
"6304","E01006640",5,17.479
"6305","E01006641",5,20.142
"6306","E01006642",1,59.793
"6307","E01006643",1,53.207
"6308","E01006644",2,42.378
"6309","E01006645",1,60.232
"6310","E01006646",1,53.765
"6311","E01006647",1,60.853
"6312","E01006648",2,39.055
"6313","E01006651",7,14.077
"6314","E01006652",3,29.126
"6315","E01006653",2,42.054
"6316","E01006654",3,30.025
"6317","E01006655",3,32.346
"6318","E01006656",3,33.019
"6319","E01006657",2,43.254
"6320","E01006658",1,57.205
"6321","E01006659",1,51.751
"6322","E01006660",1,48.382
"6323","E01006661",1,56.986
"6324","E01006662",1,64.886
"6325","E01006663",2,37.157
"6326","E01006664",1,55.263
"6327","E01006665",5,18.174
"6328","E01006666",7,11.358
"6329","E01006667",3,33.486
"6330","E01006668",8,9.733
"6331","E01006669",6,17.226
"6332","E01006670",6,15.463
"6333","E01006671",4,25.412
"6334","E01006672",1,55.197
"6335","E01006673",1,52.704
"6336","E01006674",1,62.4
"6337","E01006675",1,51.872
"6338","E01006676",1,62.172
"6339","E01006677",1,47.005
"6340","E01006678",1,58.286
"6341","E01006679",1,55.703
"6342","E01006680",9,6.763
"6343","E01006681",4,23.506
"6344","E01006682",10,4.9
"6345","E01006683",10,5.151
"6346","E01006684",9,5.488
"6347","E01006685",8,11.132
"6348","E01006686",8,9.931
"6349","E01006687",6,14.16
"6350","E01006688",5,20.189
"6351","E01006689",8,10.014
"6352","E01006690",1,56.678
"6353","E01006691",1,47.86
"6354","E01006692",1,48.836
"6355","E01006693",1,62.285
"6356","E01006694",1,58.054
"6357","E01006695",1,73.213
"6358","E01006696",2,42.559
"6359","E01006697",1,55.63
"6360","E01006698",1,58.402
"6361","E01006699",1,67.898
"6362","E01006700",1,66.384
"6363","E01006701",1,50.094
"6364","E01006702",1,63.986
"6365","E01006703",1,68.952
"6366","E01006705",1,68.261
"6367","E01006706",1,61.956
"6368","E01006707",1,55.851
"6369","E01006708",2,42.775
"6370","E01006709",2,42.156
"6371","E01006710",2,40.105
"6372","E01006711",1,54.034
"6373","E01006712",2,38.844
"6374","E01006713",3,33.018
"6375","E01006716",1,52.841
"6376","E01006717",4,25.879
"6377","E01006718",2,36.352
"6378","E01006719",3,33.184
"6379","E01006721",1,69.624
"6380","E01006722",3,30.089
"6381","E01006723",3,31.665
"6382","E01006724",5,19.519
"6383","E01006725",2,40.406
"6384","E01006726",2,39.825
"6385","E01006727",3,30.727
"6386","E01006728",1,65.747
"6387","E01006729",1,51.631
"6388","E01006730",1,47.539
"6389","E01006731",1,53.965
"6390","E01006732",1,58.658
"6391","E01006734",1,63.255
"6392","E01006735",1,64.788
"6393","E01006736",1,46.573
"6394","E01006737",1,53.384
"6395","E01006738",1,55.632
"6396","E01006739",2,39.358
"6397","E01006740",1,51.062
"6398","E01006741",2,40.193
"6399","E01006742",4,23.755
"6400","E01006743",3,30.58
"6401","E01006744",3,32.804
"6402","E01006745",2,43.178
"6403","E01006746",2,41.644
"6404","E01006747",5,20.56
"6405","E01006748",3,31.97
"6406","E01006751",3,32.643
"6407","E01006753",1,48.006
"6408","E01006754",1,62.703
"6409","E01006755",1,64.94
"6410","E01006756",1,56.948
"6411","E01006757",1,61.459
"6412","E01006758",1,51.709
"6413","E01006759",1,46.971
"6414","E01006760",1,78.283
"6415","E01006761",1,58.641
"6416","E01006762",1,45.032
"6417","E01006763",2,42.254
"6418","E01006764",1,55.822
"6419","E01006765",3,32.908
"6420","E01006766",1,68.512
"6421","E01006767",1,51.554
"6422","E01006768",2,39.498
"6423","E01006769",1,48.676
"6424","E01006770",2,37.032
"6425","E01006771",1,65.812
"6426","E01006772",3,27.078
"6427","E01006773",7,12.566
"6428","E01006774",8,8.769
"6429","E01006775",1,50.08
"6430","E01006776",2,37.339
"6431","E01006778",1,69.02
"6432","E01006779",1,66.802
"6433","E01006780",3,31.508
"6434","E01006781",5,18.47
"6435","E01006782",2,36.769
"6436","E01006783",2,42.068
"6437","E01006784",3,30.917
"6438","E01006785",2,34.439
"6439","E01006786",3,29.342
"6440","E01006787",1,51.053
"6441","E01006788",3,30.148
"6442","E01006790",1,70.294
"6443","E01006791",1,69.768
"6444","E01006792",9,7.679
"6445","E01006793",3,27.013
"6446","E01006794",7,13.132
"6447","E01006795",8,10.593
"6448","E01006796",10,2.702
"6449","E01006797",2,38.712
"6450","E01006798",8,10.612
"6451","E01006799",3,31.881
"6452","E01006800",8,9.321
"6453","E01006801",9,5.824
"6454","E01006802",5,18.519
"6455","E01006803",8,10.351
"6456","E01006804",5,18.678
"6457","E01006805",3,28.663
"6458","E01006806",9,6.945
"6459","E01006807",9,6.116
"6460","E01006808",8,8.68
"6461","E01006809",8,10.767
"6462","E01006810",7,12.765
"6463","E01006811",4,25.994
"6464","E01006812",1,51.546
"6465","E01006813",2,39.747
"6466","E01006814",8,9.06
"6467","E01006815",2,33.607
"6468","E01006816",1,65.512
"6469","E01006817",1,75.522
"6470","E01006818",7,13.91
"6471","E01006819",3,30.71
"6472","E01006820",1,55.243
"6473","E01006821",1,66.456
"6474","E01006822",8,9.133
"6475","E01006823",10,4.403
"6476","E01006824",9,6.851
"6477","E01006825",10,5.303
"6478","E01006826",2,39.245
"6479","E01006827",9,6.702
"6480","E01006828",10,4.618
"6481","E01006829",9,7.021
"6482","E01006830",1,48.094
"6483","E01006831",2,34.054
"6484","E01006832",2,36.965
"6485","E01006833",5,18.062
"6486","E01006834",1,50.612
"6487","E01006835",4,25.786
"6488","E01006836",3,30.575
"6489","E01006837",4,23.265
"6490","E01006838",2,33.834
"6491","E01006839",3,27.907
"6492","E01006840",4,26.361
"6493","E01006841",9,7.417
"6494","E01006842",2,41.178
"6495","E01006843",4,26.503
"6496","E01006844",1,57.662
"6497","E01006845",3,31.718
"6498","E01006846",6,14.787
"6499","E01006847",1,51.045
"6500","E01006848",5,17.943
"6501","E01006849",1,51.537
"6502","E01006850",1,50.398
"6503","E01006851",4,21.887
"6504","E01006852",8,10.028
"6505","E01006853",7,13.565
"6506","E01006854",3,27.851
"6507","E01006855",3,31.858
"6508","E01006856",8,11.007
"6509","E01006857",9,7.093
"6510","E01006858",2,36.579
"6511","E01006859",9,6.108
"6512","E01006860",3,29.786
"6513","E01006861",1,45.449
"6514","E01006862",5,21.079
"6515","E01006863",1,55.518
"6516","E01006864",6,14.799
"6517","E01006866",2,37.648
"6518","E01006867",8,9.507
"6519","E01006868",3,31.973
"6520","E01006869",3,32.823
"6521","E01006870",2,44.853
"6522","E01006871",1,59.933
"6523","E01006872",1,67.81
"6524","E01006873",1,74.129
"6525","E01006874",1,74.673
"6526","E01006875",1,45.711
"6527","E01006876",2,36.472
"6528","E01006877",1,60.397
"6529","E01006878",3,30.63
"6530","E01006879",3,31.998
"6531","E01006880",1,72.257
"6532","E01006881",1,60.696
"6533","E01006882",9,6.442
"6534","E01006883",8,11.01
"6535","E01006884",7,12.562
"6536","E01006885",9,8.035
"6537","E01006886",8,8.54
"6538","E01006887",4,21.736
"6539","E01006888",9,7.594
"6540","E01006889",9,8.111
"6541","E01006890",5,19.812
"6542","E01006891",7,11.667
"6543","E01006892",5,17.823
"6544","E01006893",4,22.096
"6545","E01006894",6,15.043
"6546","E01006895",9,6.048
"6547","E01006896",6,14.973
"6548","E01006897",6,16.952
"6549","E01006898",2,35.993
"6550","E01006899",2,35.477
"6551","E01006901",7,11.59
"6552","E01006903",1,55.623
"6553","E01006904",3,29.514
"6554","E01006905",1,54.66
"6555","E01006906",3,26.793
"6556","E01006907",2,36.788
"6557","E01006908",1,58.858
"6558","E01006909",1,76.733
"6559","E01006910",2,35.219
"6560","E01006911",6,16.526
"6561","E01006912",2,42.306
"6562","E01006913",1,47.804
"6563","E01006914",10,4.632
"6564","E01006915",3,32.161
"6565","E01006916",4,25.389
"6566","E01006917",10,4.453
"6567","E01006918",6,14.499
"6568","E01006919",1,46.213
"6569","E01006920",5,19.218
"6570","E01006921",9,7.141
"6571","E01006922",8,8.469
"6572","E01006923",8,9.661
"6573","E01006924",2,39.29
"6574","E01006925",4,25.674
"6575","E01006926",10,3.856
"6576","E01006927",6,16.65
"6577","E01006928",9,6.537
"6578","E01006929",5,19.928
"6579","E01006930",5,19.149
"6580","E01006931",8,8.395
"6581","E01006932",10,4.709
"6582","E01006933",4,23.076
"6583","E01006934",5,20.284
"6584","E01006935",6,15.684
"6585","E01006936",9,7.076
"6586","E01006937",10,3.465
"6587","E01006938",9,6.251
"6588","E01006939",6,14.351
"6589","E01006940",8,8.897
"6590","E01006941",7,11.674
"6591","E01006942",6,16.427
"6592","E01006943",10,3.574
"6593","E01006944",3,31.199
"6594","E01006945",3,30.352
"6595","E01006946",5,17.738
"6596","E01006947",8,10.497
"6597","E01006948",2,38.727
"6598","E01006949",6,14.182
"6599","E01006950",1,49.953
"6600","E01006951",5,19.873
"6601","E01006952",1,61.993
"6602","E01006953",2,40.058
"6603","E01006954",4,23.147
"6604","E01006955",7,13.31
"6605","E01006956",3,31.931
"6606","E01006957",2,42.185
"6607","E01006958",2,38.016
"6608","E01006959",5,19.481
"6609","E01006960",4,22.781
"6610","E01006961",1,52.407
"6611","E01006962",2,38.723
"6612","E01006963",1,64.014
"6613","E01006964",1,58.236
"6614","E01006965",2,43.815
"6615","E01006966",2,40.192
"6616","E01006967",1,59.627
"6617","E01006969",3,32.245
"6618","E01006970",3,30.66
"6619","E01006971",5,18.406
"6620","E01006972",6,15.279
"6621","E01006973",7,11.28
"6622","E01006974",10,5.142
"6623","E01006976",4,25.443
"6624","E01006977",2,36.004
"6625","E01006978",6,15.373
"6626","E01006979",1,62.084
"6627","E01006980",1,61.432
"6628","E01006981",1,53.395
"6629","E01006982",5,17.806
"6630","E01006983",5,19.288
"6631","E01006984",1,53.384
"6632","E01006985",10,4.696
"6633","E01006986",9,8.134
"6634","E01006987",8,9.154
"6635","E01006988",6,14.618
"6636","E01006989",9,7.809
"6637","E01006990",10,2.275
"6638","E01006991",10,3.028
"6639","E01006992",7,13.837
"6640","E01006993",10,4.648
"6641","E01006994",3,32.483
"6642","E01006995",7,12.114
"6643","E01006996",3,29.235
"6644","E01006997",4,25.797
"6645","E01006998",3,30.248
"6646","E01006999",5,21.244
"6647","E01007000",3,29.093
"6648","E01007001",3,28.692
"6649","E01007002",6,14.204
"6650","E01007003",1,72.926
"6651","E01007004",1,60.759
"6652","E01007005",1,67.82
"6653","E01007006",1,71.611
"6654","E01007007",1,71.581
"6655","E01007008",1,72.271
"6656","E01007009",1,62.119
"6657","E01007010",1,57.141
"6658","E01007011",1,68.741
"6659","E01007012",2,43.095
"6660","E01007013",1,67.646
"6661","E01007014",6,15.913
"6662","E01007016",1,46.34
"6663","E01007017",1,51.945
"6664","E01007019",1,63.478
"6665","E01007020",3,32.393
"6666","E01007021",9,6.673
"6667","E01007022",3,29.893
"6668","E01007023",9,6.091
"6669","E01007024",1,46.782
"6670","E01007025",10,3.913
"6671","E01007026",2,34.799
"6672","E01007027",9,6.791
"6673","E01007028",6,16.54
"6674","E01007029",7,12.642
"6675","E01007030",4,21.604
"6676","E01007031",8,10.89
"6677","E01007032",8,9.357
"6678","E01007033",6,14.519
"6679","E01007034",9,6.565
"6680","E01007035",7,11.377
"6681","E01007036",8,10.704
"6682","E01007037",8,10.196
"6683","E01007038",4,25.102
"6684","E01007039",6,16.448
"6685","E01007040",4,23.143
"6686","E01007041",5,19.379
"6687","E01007042",5,18.272
"6688","E01007043",8,10.318
"6689","E01007044",8,10.091
"6690","E01007045",8,10.356
"6691","E01007046",6,15.742
"6692","E01007047",3,29.955
"6693","E01007048",1,47.743
"6694","E01007049",4,23.122
"6695","E01007050",5,20.947
"6696","E01007051",1,51.719
"6697","E01007052",2,44.849
"6698","E01007053",5,20.987
"6699","E01007054",2,37.099
"6700","E01007055",1,53.396
"6701","E01007056",4,23.158
"6702","E01007057",4,23.755
"6703","E01007058",4,26.5
"6704","E01007059",6,16.876
"6705","E01007060",3,33.469
"6706","E01007061",5,18.312
"6707","E01007062",6,14.747
"6708","E01007063",6,17.296
"6709","E01007064",7,14.045
"6710","E01007065",7,14.058
"6711","E01007066",7,12.5
"6712","E01007067",7,11.903
"6713","E01007068",9,6.41
"6714","E01007069",5,17.571
"6715","E01007070",9,6.15
"6716","E01007071",9,6.333
"6717","E01007072",8,10.112
"6718","E01007073",9,5.717
"6719","E01007074",5,20.464
"6720","E01007075",7,11.298
"6721","E01007076",6,15.501
"6722","E01007077",8,9.811
"6723","E01007078",9,6.133
"6724","E01007079",10,4.881
"6725","E01007080",7,13.243
"6726","E01007081",9,6.663
"6727","E01007082",8,9.694
"6728","E01007083",4,21.629
"6729","E01007084",8,9.055
"6730","E01007085",1,51.67
"6731","E01007086",1,61.973
"6732","E01007087",1,52.987
"6733","E01007088",2,35.531
"6734","E01007089",1,52.569
"6735","E01007090",1,51.326
"6736","E01007091",2,39.254
"6737","E01007092",1,55.99
"6738","E01007095",8,9.427
"6739","E01007096",9,7.369
"6740","E01007097",8,9.014
"6741","E01007098",8,9.438
"6742","E01007099",7,11.641
"6743","E01007100",8,10.186
"6744","E01007101",9,7.76
"6745","E01007102",4,22.676
"6746","E01007103",8,11.041
"6747","E01007104",7,13.065
"6748","E01007105",6,15.937
"6749","E01007106",7,13.099
"6750","E01007107",9,6.425
"6751","E01007108",7,11.295
"6752","E01007109",6,17.127
"6753","E01007110",9,8.35
"6754","E01007111",10,5.04
"6755","E01007112",5,18.111
"6756","E01007113",8,10.071
"6757","E01007114",3,26.629
"6758","E01007115",5,20.634
"6759","E01007116",7,11.24
"6760","E01007117",9,7.628
"6761","E01007118",3,28.026
"6762","E01007119",1,47.722
"6763","E01007120",1,45.687
"6764","E01007121",1,71.942
"6765","E01007122",1,77.987
"6766","E01007123",1,61.263
"6767","E01007124",1,71.825
"6768","E01007125",1,49.629
"6769","E01007127",1,77.426
"6770","E01007128",1,76.451
"6771","E01007129",1,72.109
"6772","E01007130",1,56.704
"6773","E01007131",1,66.691
"6774","E01007133",1,78.064
"6775","E01007135",8,9.931
"6776","E01007136",2,35.776
"6777","E01007137",4,24.926
"6778","E01007138",1,55.763
"6779","E01007139",2,35.197
"6780","E01007141",3,32.223
"6781","E01007142",8,10.958
"6782","E01007143",5,20.427
"6783","E01007144",6,14.646
"6784","E01007145",10,3.278
"6785","E01007146",10,2.676
"6786","E01007147",10,3.54
"6787","E01007148",10,4.423
"6788","E01007149",10,3.735
"6789","E01007150",10,4.626
"6790","E01007151",10,5.223
"6791","E01007152",5,19.296
"6792","E01007153",3,27.41
"6793","E01007154",9,8.017
"6794","E01007155",1,51.81
"6795","E01007156",4,23.053
"6796","E01007157",5,20.414
"6797","E01007158",6,14.379
"6798","E01007159",8,9.68
"6799","E01007160",5,20.244
"6800","E01007161",6,16.391
"6801","E01007162",1,56.129
"6802","E01007163",6,15.131
"6803","E01007164",8,10.53
"6804","E01007165",9,6.819
"6805","E01007166",9,7.469
"6806","E01007167",4,23.594
"6807","E01007168",2,36.344
"6808","E01007169",4,23.73
"6809","E01007170",8,10.605
"6810","E01007171",10,5.409
"6811","E01007172",9,5.946
"6812","E01007173",4,24.482
"6813","E01007174",4,23.04
"6814","E01007175",1,50.562
"6815","E01007176",2,43.585
"6816","E01007177",3,27.755
"6817","E01007178",2,34.093
"6818","E01007179",1,54.841
"6819","E01007180",2,35.494
"6820","E01007181",2,34.358
"6821","E01007182",9,6.85
"6822","E01007183",9,7.277
"6823","E01007184",9,7.902
"6824","E01007185",8,10.77
"6825","E01007186",10,3.085
"6826","E01007187",10,3.05
"6827","E01007188",10,2.287
"6828","E01007189",10,3.177
"6829","E01007190",10,2.679
"6830","E01007191",10,3.636
"6831","E01007192",6,14.923
"6832","E01007193",8,10.517
"6833","E01007194",6,16.887
"6834","E01007195",9,6.002
"6835","E01007196",8,10.437
"6836","E01007197",10,4.289
"6837","E01007198",6,14.409
"6838","E01007199",10,4.991
"6839","E01007200",10,4.508
"6840","E01007201",7,12.604
"6841","E01007202",4,25.898
"6842","E01007203",7,13.573
"6843","E01007204",1,71.302
"6844","E01007205",2,36.083
"6845","E01007206",4,24.472
"6846","E01007207",1,63.668
"6847","E01007208",3,30.519
"6848","E01007209",1,53.042
"6849","E01007210",2,43.895
"6850","E01007211",6,16.073
"6851","E01007212",5,21.086
"6852","E01007213",6,16.169
"6853","E01007214",2,37.446
"6854","E01007215",1,63.943
"6855","E01007216",2,36.669
"6856","E01007217",2,44.583
"6857","E01007218",2,40.338
"6858","E01007219",2,40.203
"6859","E01007220",1,64.801
"6860","E01007221",5,18.382
"6861","E01007222",7,11.318
"6862","E01007223",4,22.659
"6863","E01007224",8,9.989
"6864","E01007225",8,10.376
"6865","E01007226",7,12.649
"6866","E01007227",2,44.532
"6867","E01007228",1,48.006
"6868","E01007229",3,27.05
"6869","E01007230",3,27.704
"6870","E01007231",4,23.121
"6871","E01007232",3,30.093
"6872","E01007233",3,29.502
"6873","E01007234",4,24.245
"6874","E01007235",4,24.754
"6875","E01007236",4,26.53
"6876","E01007237",3,29.853
"6877","E01007238",1,50.122
"6878","E01007239",2,42.824
"6879","E01007240",4,24.142
"6880","E01007241",8,8.962
"6881","E01007242",8,9.663
"6882","E01007243",6,15.314
"6883","E01007244",2,39.363
"6884","E01007245",8,9.651
"6885","E01007246",8,10.797
"6886","E01007247",8,10.172
"6887","E01007248",7,12.461
"6888","E01007249",2,41.012
"6889","E01007250",9,8.014
"6890","E01007251",6,14.214
"6891","E01007252",7,12.129
"6892","E01007253",3,28.04
"6893","E01007254",10,5.347
"6894","E01007255",8,11.014
"6895","E01007256",9,8.316
"6896","E01007257",1,54.017
"6897","E01007258",9,6.011
"6898","E01007259",10,4.512
"6899","E01007260",10,4.577
"6900","E01007261",10,4.009
"6901","E01007262",10,2.682
"6902","E01007263",3,30.438
"6903","E01007264",10,5.001
"6904","E01007265",8,9.756
"6905","E01007266",10,5.053
"6906","E01007267",8,10.038
"6907","E01007268",8,10.215
"6908","E01007269",1,58.874
"6909","E01007270",1,59.273
"6910","E01007271",1,47.837
"6911","E01007272",1,70.199
"6912","E01007273",1,78.75
"6913","E01007274",1,75.462
"6914","E01007275",1,54.079
"6915","E01007276",3,30.352
"6916","E01007277",1,55.925
"6917","E01007278",1,66.883
"6918","E01007279",9,8.051
"6919","E01007280",9,5.705
"6920","E01007281",10,3.883
"6921","E01007282",7,11.826
"6922","E01007283",10,5.245
"6923","E01007284",10,4.998
"6924","E01007285",9,7.825
"6925","E01007286",7,12.824
"6926","E01007287",7,13.465
"6927","E01007288",5,17.747
"6928","E01007289",1,76.079
"6929","E01007290",1,67.012
"6930","E01007291",1,70.688
"6931","E01007292",1,63.078
"6932","E01007293",1,72.569
"6933","E01007294",1,52.771
"6934","E01007295",1,45.711
"6935","E01007296",1,53.161
"6936","E01007297",4,26.439
"6937","E01007298",9,6.007
"6938","E01007299",7,13.099
"6939","E01007300",2,40.616
"6940","E01007301",7,12.453
"6941","E01007302",5,18.235
"6942","E01007303",1,56.666
"6943","E01007304",1,54.331
"6944","E01007305",8,10.09
"6945","E01007306",8,9.715
"6946","E01007307",7,13.077
"6947","E01007308",7,12.058
"6948","E01007309",9,8.34
"6949","E01007310",7,11.427
"6950","E01007311",9,8.37
"6951","E01007312",5,17.739
"6952","E01007313",4,26.091
"6953","E01007314",4,23.101
"6954","E01007315",7,13.362
"6955","E01007316",7,12.995
"6956","E01007317",1,53.446
"6957","E01007318",2,41.52
"6958","E01007319",7,14.035
"6959","E01007320",1,46.044
"6960","E01007321",8,9.081
"6961","E01007322",3,32.007
"6962","E01007323",1,45.7
"6963","E01007324",2,41.924
"6964","E01007325",1,56.555
"6965","E01007326",2,40.288
"6966","E01007327",1,45.859
"6967","E01007328",2,43.453
"6968","E01007329",3,27.364
"6969","E01007330",4,23.363
"6970","E01007331",4,25.82
"6971","E01007332",1,48.359
"6972","E01007333",1,46.206
"6973","E01007334",7,12.958
"6974","E01007335",6,16.733
"6975","E01007336",2,35.334
"6976","E01007337",2,33.565
"6977","E01007338",1,62.714
"6978","E01007339",1,56.101
"6979","E01007340",2,40.38
"6980","E01007341",1,66.686
"6981","E01007342",4,25.465
"6982","E01007343",2,39.923
"6983","E01007344",4,25.289
"6984","E01007345",3,32.206
"6985","E01007346",3,28.713
"6986","E01007347",6,15.127
"6987","E01007348",2,40.928
"6988","E01007349",2,43.667
"6989","E01007350",5,20.612
"6990","E01007351",3,30.337
"6991","E01007352",1,54.288
"6992","E01007353",3,30.111
"6993","E01007354",3,31.605
"6994","E01007355",8,9.412
"6995","E01007356",7,12.085
"6996","E01007357",3,27.039
"6997","E01007358",6,15.263
"6998","E01007359",4,26.357
"6999","E01007360",5,20.72
"7000","E01007361",6,15.461
"7001","E01007362",9,7.612
"7002","E01007363",2,33.844
"7003","E01007364",2,42.146
"7004","E01007365",1,46.412
"7005","E01007366",6,15.91
"7006","E01007367",1,46.642
"7007","E01007368",2,33.55
"7008","E01007369",1,48.895
"7009","E01007370",2,41.768
"7010","E01007371",2,35.516
"7011","E01007372",1,51.373
"7012","E01007373",1,55.454
"7013","E01007374",3,31.414
"7014","E01007375",3,29.659
"7015","E01007376",1,53.078
"7016","E01007377",1,52.091
"7017","E01007378",1,65.28
"7018","E01007379",7,12.835
"7019","E01007380",9,6.715
"7020","E01007381",8,10.103
"7021","E01007382",4,23.736
"7022","E01007383",9,8.178
"7023","E01007384",8,8.749
"7024","E01007385",2,39.045
"7025","E01007386",8,8.424
"7026","E01007387",5,18.102
"7027","E01007388",5,19.824
"7028","E01007389",8,10.988
"7029","E01007390",5,20.644
"7030","E01007391",2,41.881
"7031","E01007392",2,43.189
"7032","E01007393",4,25.125
"7033","E01007394",2,34.198
"7034","E01007395",2,38.93
"7035","E01007396",3,27.063
"7036","E01007397",3,30.06
"7037","E01007398",5,18.794
"7038","E01007399",6,17.246
"7039","E01007400",7,13.369
"7040","E01007402",1,54.564
"7041","E01007403",1,66.892
"7042","E01007404",6,16.852
"7043","E01007405",3,27.433
"7044","E01007406",1,57.413
"7045","E01007408",6,17.22
"7046","E01007409",5,17.743
"7047","E01007410",1,46.52
"7048","E01007411",1,60.465
"7049","E01007413",1,49.41
"7050","E01007414",2,34.135
"7051","E01007415",4,25.06
"7052","E01007416",1,52.374
"7053","E01007417",2,36.591
"7054","E01007418",7,12.11
"7055","E01007419",9,7.713
"7056","E01007420",8,9.47
"7057","E01007421",6,14.874
"7058","E01007422",8,10.325
"7059","E01007423",6,15.158
"7060","E01007424",6,14.225
"7061","E01007425",9,5.484
"7062","E01007426",6,16.379
"7063","E01007427",6,15.053
"7064","E01007428",8,10.508
"7065","E01007429",3,27.408
"7066","E01007430",10,4.568
"7067","E01007431",8,10.874
"7068","E01007432",8,8.768
"7069","E01007433",3,30.28
"7070","E01007434",5,21.014
"7071","E01007435",1,47.14
"7072","E01007436",4,22.696
"7073","E01007437",3,32.021
"7074","E01007438",6,15.708
"7075","E01007439",7,11.138
"7076","E01007440",1,48.558
"7077","E01007441",3,26.675
"7078","E01007442",9,7.605
"7079","E01007443",2,35.799
"7080","E01007444",6,16.925
"7081","E01007445",3,31.294
"7082","E01007446",5,19.494
"7083","E01007447",2,35.243
"7084","E01007448",3,31.035
"7085","E01007449",3,32.142
"7086","E01007450",1,46.447
"7087","E01007451",2,35.819
"7088","E01007452",5,19.396
"7089","E01007453",1,58.591
"7090","E01007455",6,15.771
"7091","E01007456",6,14.492
"7092","E01007457",3,30.252
"7093","E01007458",2,34.424
"7094","E01007459",5,21.148
"7095","E01007460",4,22.511
"7096","E01007461",2,41.584
"7097","E01007462",1,48.716
"7098","E01007463",1,66.548
"7099","E01007464",2,37.997
"7100","E01007465",3,27.861
"7101","E01007466",1,50.276
"7102","E01007467",2,40.136
"7103","E01007468",7,13.957
"7104","E01007469",4,24.949
"7105","E01007470",2,34.582
"7106","E01007471",7,11.917
"7107","E01007472",1,59.084
"7108","E01007473",2,41.963
"7109","E01007474",1,61.322
"7110","E01007475",9,7.576
"7111","E01007476",5,18.242
"7112","E01007477",7,12.351
"7113","E01007478",4,24.965
"7114","E01007479",3,27.381
"7115","E01007480",2,33.935
"7116","E01007482",2,41.378
"7117","E01007483",7,13.441
"7118","E01007484",4,22.586
"7119","E01007485",9,7.798
"7120","E01007486",5,20.648
"7121","E01007487",3,31.927
"7122","E01007488",3,27.853
"7123","E01007489",4,25.602
"7124","E01007490",3,27.924
"7125","E01007491",1,53.37
"7126","E01007492",1,62.254
"7127","E01007493",7,13.362
"7128","E01007494",3,28.995
"7129","E01007495",2,43.088
"7130","E01007496",1,57.415
"7131","E01007497",2,37.4
"7132","E01007498",2,42.599
"7133","E01007499",1,58.893
"7134","E01007500",1,49.078
"7135","E01007501",7,13.861
"7136","E01007503",8,10.907
"7137","E01007504",3,32.735
"7138","E01007505",4,22.356
"7139","E01007506",2,38.066
"7140","E01007507",1,60.812
"7141","E01007508",1,62.044
"7142","E01007509",1,55.117
"7143","E01007510",3,32.093
"7144","E01007511",1,64.15
"7145","E01007512",6,15.62
"7146","E01007513",4,22.918
"7147","E01007514",2,37.327
"7148","E01007515",3,28.815
"7149","E01007516",7,13.768
"7150","E01007517",2,44.146
"7151","E01007518",6,15.937
"7152","E01007519",4,24.194
"7153","E01007520",9,7.23
"7154","E01007521",8,10.876
"7155","E01007522",2,43.965
"7156","E01007523",8,10.204
"7157","E01007524",9,8.109
"7158","E01007525",2,33.556
"7159","E01007526",8,8.898
"7160","E01007528",3,30.415
"7161","E01007529",1,72.128
"7162","E01007530",1,48.258
"7163","E01007531",1,73.745
"7164","E01007532",1,83.683
"7165","E01007533",2,41.701
"7166","E01007534",1,52.393
"7167","E01007535",1,50.807
"7168","E01007536",3,27.85
"7169","E01007537",3,26.822
"7170","E01007538",3,31.588
"7171","E01007539",1,45.612
"7172","E01007540",4,25.066
"7173","E01007541",2,35.831
"7174","E01007542",1,51.259
"7175","E01007543",1,60.828
"7176","E01007544",1,78.341
"7177","E01007545",3,28.671
"7178","E01007546",2,36.141
"7179","E01007547",1,54.922
"7180","E01007548",3,28.713
"7181","E01007549",2,44.182
"7182","E01007550",3,32.214
"7183","E01007551",7,12.993
"7184","E01007552",7,12.866
"7185","E01007553",6,14.704
"7186","E01007554",6,15.992
"7187","E01007555",1,48.314
"7188","E01007556",1,46.15
"7189","E01007557",5,20.729
"7190","E01007558",6,16.639
"7191","E01007559",4,26.349
"7192","E01007560",6,16.269
"7193","E01007561",8,9.391
"7194","E01007562",4,23.185
"7195","E01007563",1,48.108
"7196","E01007564",2,39.41
"7197","E01007565",7,11.436
"7198","E01007566",1,55.742
"7199","E01007567",4,22.544
"7200","E01007568",1,49.2
"7201","E01007569",3,31.78
"7202","E01007570",7,13.193
"7203","E01007571",3,30.823
"7204","E01007572",3,28.479
"7205","E01007573",1,59.866
"7206","E01007574",1,54.804
"7207","E01007575",1,67.183
"7208","E01007576",3,30.973
"7209","E01007577",1,68.287
"7210","E01007578",2,42.752
"7211","E01007579",4,25.608
"7212","E01007580",4,25.08
"7213","E01007581",9,6.633
"7214","E01007582",7,11.7
"7215","E01007583",5,17.51
"7216","E01007584",5,19.813
"7217","E01007585",7,12.951
"7218","E01007586",6,15.41
"7219","E01007587",3,30.613
"7220","E01007588",5,18.087
"7221","E01007589",8,10.364
"7222","E01007590",2,36.032
"7223","E01007591",3,27.176
"7224","E01007592",1,47.26
"7225","E01007593",4,24.575
"7226","E01007594",8,9.387
"7227","E01007595",2,35.283
"7228","E01007596",8,8.688
"7229","E01007597",1,52.277
"7230","E01007598",6,15.072
"7231","E01007599",7,12.424
"7232","E01007600",9,8.125
"7233","E01007601",8,9.002
"7234","E01007602",8,8.58
"7235","E01007603",8,9.413
"7236","E01007604",8,10.102
"7237","E01007605",9,8.058
"7238","E01007606",9,6.476
"7239","E01007607",3,28.242
"7240","E01007609",4,22.124
"7241","E01007610",9,7.718
"7242","E01007611",5,18.77
"7243","E01007612",8,9.393
"7244","E01007613",6,16.361
"7245","E01007614",7,11.338
"7246","E01007615",7,13.272
"7247","E01007616",8,10.309
"7248","E01007617",10,5.145
"7249","E01007618",7,13.046
"7250","E01007619",10,3.655
"7251","E01007620",7,12.031
"7252","E01007621",7,14
"7253","E01007622",8,9.571
"7254","E01007623",3,28.339
"7255","E01007624",9,7.123
"7256","E01007625",5,20.747
"7257","E01007626",1,51.828
"7258","E01007627",1,53.951
"7259","E01007628",1,63.381
"7260","E01007629",1,71.979
"7261","E01007630",5,18.213
"7262","E01007631",9,6.341
"7263","E01007632",3,33.416
"7264","E01007633",1,46.311
"7265","E01007634",1,47.928
"7266","E01007635",2,36.752
"7267","E01007636",2,41.363
"7268","E01007637",3,27.881
"7269","E01007638",2,37.263
"7270","E01007639",3,33.201
"7271","E01007640",6,16.534
"7272","E01007641",4,22.522
"7273","E01007642",2,40.007
"7274","E01007643",1,57.438
"7275","E01007644",5,19.384
"7276","E01007646",4,24.733
"7277","E01007647",4,24.231
"7278","E01007649",5,19.769
"7279","E01007650",4,22.734
"7280","E01007651",2,37.436
"7281","E01007652",2,43.03
"7282","E01007653",4,21.653
"7283","E01007654",2,36.235
"7284","E01007655",1,57.185
"7285","E01007656",2,39.064
"7286","E01007657",8,10.129
"7287","E01007658",7,12.328
"7288","E01007659",7,11.683
"7289","E01007660",7,11.442
"7290","E01007661",8,8.447
"7291","E01007662",1,52.536
"7292","E01007663",9,7.661
"7293","E01007664",7,12.452
"7294","E01007666",6,14.847
"7295","E01007667",3,27.122
"7296","E01007668",1,71.219
"7297","E01007669",6,15.598
"7298","E01007670",8,8.394
"7299","E01007671",7,11.232
"7300","E01007672",9,6.732
"7301","E01007673",3,33.088
"7302","E01007674",9,6.01
"7303","E01007675",3,28.785
"7304","E01007676",3,31.043
"7305","E01007677",1,67.198
"7306","E01007678",9,7.06
"7307","E01007679",3,33.184
"7308","E01007680",2,43.728
"7309","E01007681",6,14.252
"7310","E01007682",6,17.118
"7311","E01007683",7,13.486
"7312","E01007684",6,15.481
"7313","E01007685",8,10.804
"7314","E01007686",8,9.469
"7315","E01007687",6,14.345
"7316","E01007688",7,11.269
"7317","E01007689",7,12.475
"7318","E01007690",10,4.032
"7319","E01007691",8,10.549
"7320","E01007692",7,12.259
"7321","E01007694",2,35.549
"7322","E01007695",6,14.571
"7323","E01007696",5,20.908
"7324","E01007697",2,42.807
"7325","E01007698",6,17.108
"7326","E01007699",5,21.205
"7327","E01007700",7,12.573
"7328","E01007701",2,42.471
"7329","E01007702",3,30.653
"7330","E01007703",7,12.259
"7331","E01007704",5,18.66
"7332","E01007705",8,9.614
"7333","E01007706",5,19.558
"7334","E01007707",6,15.8
"7335","E01007708",1,45.914
"7336","E01007709",10,5.071
"7337","E01007710",10,5.167
"7338","E01007711",8,10.106
"7339","E01007712",7,12.846
"7340","E01007713",9,6.75
"7341","E01007714",1,73.891
"7342","E01007715",1,83.902
"7343","E01007716",1,70.341
"7344","E01007717",2,40.809
"7345","E01007718",1,50.97
"7346","E01007719",1,67.587
"7347","E01007720",3,30.843
"7348","E01007721",1,54.508
"7349","E01007723",1,49.021
"7350","E01007724",8,10.393
"7351","E01007725",6,14.299
"7352","E01007726",1,49.961
"7353","E01007727",1,58.387
"7354","E01007728",5,19.635
"7355","E01007729",1,60.613
"7356","E01007730",1,50.147
"7357","E01007731",3,26.908
"7358","E01007732",1,53.853
"7359","E01007733",2,41.508
"7360","E01007734",1,57.545
"7361","E01007735",1,65.563
"7362","E01007736",1,68.634
"7363","E01007737",1,71.703
"7364","E01007738",1,63.519
"7365","E01007739",1,67.698
"7366","E01007740",3,33.431
"7367","E01007741",8,10.416
"7368","E01007742",4,23.099
"7369","E01007743",8,9.11
"7370","E01007744",3,28.603
"7371","E01007745",2,34.976
"7372","E01007746",4,22.566
"7373","E01007747",3,32.271
"7374","E01007748",6,17.129
"7375","E01007749",8,9.867
"7376","E01007750",6,14.575
"7377","E01007751",5,18.591
"7378","E01007752",9,7.432
"7379","E01007753",5,19.721
"7380","E01007754",8,10.365
"7381","E01007755",7,13.739
"7382","E01007756",8,8.998
"7383","E01007757",4,21.894
"7384","E01007758",3,31.238
"7385","E01007759",2,40.519
"7386","E01007760",1,64.247
"7387","E01007761",3,30.121
"7388","E01007762",4,23.165
"7389","E01007763",1,53.854
"7390","E01007764",1,66.799
"7391","E01007765",3,33.402
"7392","E01007766",1,48.968
"7393","E01007767",2,44.367
"7394","E01007768",1,68.039
"7395","E01007769",1,86.056
"7396","E01007770",2,43.194
"7397","E01007771",5,19.476
"7398","E01007772",2,40.4
"7399","E01007773",2,36.868
"7400","E01007774",3,31.095
"7401","E01007775",1,67.757
"7402","E01007776",2,36.449
"7403","E01007777",4,22.757
"7404","E01007778",6,14.852
"7405","E01007779",3,26.981
"7406","E01007780",5,20.99
"7407","E01007781",3,30.755
"7408","E01007782",2,38.166
"7409","E01007783",2,44.835
"7410","E01007784",2,42.799
"7411","E01007785",5,20.396
"7412","E01007786",7,13.916
"7413","E01007788",4,23.131
"7414","E01007789",2,36.779
"7415","E01007790",1,69.272
"7416","E01007791",1,51.375
"7417","E01007792",9,7.048
"7418","E01007793",3,29.353
"7419","E01007794",1,46.629
"7420","E01007795",7,12.543
"7421","E01007796",1,52.215
"7422","E01007797",4,25.668
"7423","E01007798",8,9.379
"7424","E01007799",3,30.317
"7425","E01007800",2,34.457
"7426","E01007801",8,10.818
"7427","E01007802",8,10.668
"7428","E01007803",5,18.468
"7429","E01007804",1,47.756
"7430","E01007805",2,41.817
"7431","E01007806",2,38.859
"7432","E01007807",3,27.076
"7433","E01007808",9,5.607
"7434","E01007809",1,57.703
"7435","E01007810",4,21.6
"7436","E01007811",8,9.551
"7437","E01007812",2,38.332
"7438","E01007815",2,43.259
"7439","E01007816",4,26.587
"7440","E01007817",3,29.937
"7441","E01007818",7,12.089
"7442","E01007819",5,19.657
"7443","E01007820",3,29.769
"7444","E01007821",3,27.063
"7445","E01007822",1,52.888
"7446","E01007823",4,23.03
"7447","E01007824",10,3.062
"7448","E01007825",10,4.799
"7449","E01007826",10,2.856
"7450","E01007827",8,9.941
"7451","E01007828",6,15.67
"7452","E01007829",7,11.438
"7453","E01007830",6,15.034
"7454","E01007831",7,13.894
"7455","E01007832",8,10.21
"7456","E01007833",7,12.155
"7457","E01007834",7,11.704
"7458","E01007835",6,14.412
"7459","E01007836",7,11.8
"7460","E01007838",6,16.678
"7461","E01007839",8,9.119
"7462","E01007841",9,7.31
"7463","E01007842",4,23.47
"7464","E01007843",2,34.788
"7465","E01007846",8,9.104
"7466","E01007847",2,38.674
"7467","E01007848",1,52.74
"7468","E01007849",2,37.641
"7469","E01007850",5,21.022
"7470","E01007851",1,49.96
"7471","E01007852",3,28.538
"7472","E01007853",6,14.532
"7473","E01007854",2,36.377
"7474","E01007855",1,48.351
"7475","E01007856",1,45.102
"7476","E01007857",2,40.911
"7477","E01007858",9,6.807
"7478","E01007861",10,3.084
"7479","E01007862",10,3.391
"7480","E01007863",9,7.074
"7481","E01007864",6,14.319
"7482","E01007865",8,8.821
"7483","E01007866",9,7.81
"7484","E01007867",7,12.262
"7485","E01007868",9,5.706
"7486","E01007869",1,49.34
"7487","E01007870",1,52.538
"7488","E01007871",2,42.338
"7489","E01007872",2,38.902
"7490","E01007873",1,52.143
"7491","E01007874",1,56.129
"7492","E01007875",1,67.502
"7493","E01007878",1,49.43
"7494","E01007879",3,33.264
"7495","E01007881",2,39.505
"7496","E01007882",4,23.044
"7497","E01007883",1,58.7
"7498","E01007885",1,58.839
"7499","E01007886",1,60.27
"7500","E01007887",6,14.367
"7501","E01007888",9,8.237
"7502","E01007889",9,6.76
"7503","E01007890",10,5.378
"7504","E01007891",9,6.225
"7505","E01007892",1,59.482
"7506","E01007893",9,6.035
"7507","E01007894",5,18.632
"7508","E01007895",3,31.43
"7509","E01007896",10,3.573
"7510","E01007897",9,6.616
"7511","E01007898",8,8.641
"7512","E01007899",8,8.861
"7513","E01007900",3,31.4
"7514","E01007901",1,50.826
"7515","E01007902",1,64.955
"7516","E01007903",2,37.539
"7517","E01007904",1,67.48
"7518","E01007905",1,55.088
"7519","E01007906",1,48.612
"7520","E01007907",2,34.594
"7521","E01007908",6,17.09
"7522","E01007909",5,17.748
"7523","E01007910",2,33.774
"7524","E01007911",9,7.941
"7525","E01007912",6,17.434
"7526","E01007913",1,65.514
"7527","E01007914",1,57.596
"7528","E01007915",10,3.335
"7529","E01007916",1,56.916
"7530","E01007917",5,19.262
"7531","E01007918",7,11.453
"7532","E01007919",1,61.588
"7533","E01007920",10,2.664
"7534","E01007921",9,6.594
"7535","E01007922",10,3.312
"7536","E01007923",9,8.177
"7537","E01007924",5,18.764
"7538","E01007925",8,9.493
"7539","E01007926",10,4.425
"7540","E01007927",10,2.311
"7541","E01007928",10,2.389
"7542","E01007929",10,3.782
"7543","E01007930",10,1.43
"7544","E01007931",10,1.828
"7545","E01007932",10,3.405
"7546","E01007933",10,2.794
"7547","E01007934",10,3.827
"7548","E01007935",8,11.052
"7549","E01007936",8,8.617
"7550","E01007937",10,3.503
"7551","E01007938",10,1.855
"7552","E01007939",10,3.259
"7553","E01007940",1,76.584
"7554","E01007941",2,39.985
"7555","E01007942",1,60.406
"7556","E01007943",1,60.481
"7557","E01007945",1,55.973
"7558","E01007946",1,53.837
"7559","E01007947",1,72.867
"7560","E01007948",1,60.493
"7561","E01007949",1,78.016
"7562","E01007950",2,43.444
"7563","E01007951",9,8.164
"7564","E01007952",10,1.92
"7565","E01007953",5,18.386
"7566","E01007954",10,2.043
"7567","E01007955",10,2.891
"7568","E01007956",9,5.641
"7569","E01007957",10,2.549
"7570","E01007958",10,2.645
"7571","E01007959",10,1.96
"7572","E01007960",9,7.273
"7573","E01007961",10,2.426
"7574","E01007962",6,17.123
"7575","E01007963",3,32.347
"7576","E01007964",3,33.175
"7577","E01007965",2,42.434
"7578","E01007966",4,23.727
"7579","E01007967",2,34.83
"7580","E01007968",2,43.814
"7581","E01007969",4,26.127
"7582","E01007970",1,78.107
"7583","E01007971",3,29.151
"7584","E01007972",8,10.893
"7585","E01007973",7,12.291
"7586","E01007974",7,12.506
"7587","E01007975",2,36.417
"7588","E01007976",3,30.436
"7589","E01007977",1,59.985
"7590","E01007978",5,21.143
"7591","E01007979",1,71.198
"7592","E01007980",5,17.684
"7593","E01007981",5,17.489
"7594","E01007982",2,41.724
"7595","E01007983",7,13.91
"7596","E01007984",10,3.436
"7597","E01007985",8,11.01
"7598","E01007986",6,14.939
"7599","E01007987",7,11.542
"7600","E01007988",9,6.955
"7601","E01007989",7,13.57
"7602","E01007990",6,16.655
"7603","E01007991",3,31.329
"7604","E01007992",7,12.995
"7605","E01007993",4,24.488
"7606","E01007994",8,10.337
"7607","E01007995",5,19.295
"7608","E01007996",6,15.209
"7609","E01007997",9,7.627
"7610","E01007998",1,44.924
"7611","E01007999",8,10.674
"7612","E01008000",5,20.042
"7613","E01008001",3,29.332
"7614","E01008002",7,11.263
"7615","E01008003",6,14.758
"7616","E01008004",3,27.718
"7617","E01008005",6,17.439
"7618","E01008006",6,14.681
"7619","E01008007",1,58.522
"7620","E01008008",2,41.49
"7621","E01008009",1,60.659
"7622","E01008010",2,38.246
"7623","E01008011",1,57.13
"7624","E01008012",1,45.59
"7625","E01008013",2,34.187
"7626","E01008014",2,40.416
"7627","E01008015",1,53.445
"7628","E01008016",2,36.649
"7629","E01008017",1,63.373
"7630","E01008018",1,50.763
"7631","E01008019",4,25.995
"7632","E01008020",6,15.018
"7633","E01008021",10,4.531
"7634","E01008022",1,67.198
"7635","E01008023",10,5.443
"7636","E01008024",6,16.988
"7637","E01008025",7,12.298
"7638","E01008027",3,30.922
"7639","E01008028",4,26.563
"7640","E01008029",2,35.106
"7641","E01008030",6,16.71
"7642","E01008031",5,20.417
"7643","E01008032",3,31.552
"7644","E01008033",6,16.335
"7645","E01008034",4,23.727
"7646","E01008035",10,4.609
"7647","E01008036",9,5.753
"7648","E01008037",2,43.371
"7649","E01008038",10,5.443
"7650","E01008039",8,9.395
"7651","E01008040",6,16.092
"7652","E01008041",9,6.164
"7653","E01008042",5,21.477
"7654","E01008043",10,5.365
"7655","E01008044",10,5.46
"7656","E01008045",5,19.521
"7657","E01008046",4,22.807
"7658","E01008047",7,11.928
"7659","E01008048",8,9.271
"7660","E01008049",8,11.061
"7661","E01008050",7,14.063
"7662","E01008051",4,23.364
"7663","E01008052",6,15.144
"7664","E01008053",2,43.205
"7665","E01008054",2,44.173
"7666","E01008055",1,49.78
"7667","E01008056",3,32.523
"7668","E01008057",2,41.91
"7669","E01008058",6,15.467
"7670","E01008059",2,44.129
"7671","E01008060",1,48.121
"7672","E01008061",2,43.133
"7673","E01008062",1,61.081
"7674","E01008063",3,33.478
"7675","E01008064",8,10.708
"7676","E01008065",1,55.486
"7677","E01008066",7,13.476
"7678","E01008067",5,20.292
"7679","E01008068",2,34.287
"7680","E01008069",8,10.852
"7681","E01008072",2,37.151
"7682","E01008073",4,23.802
"7683","E01008074",8,10.327
"7684","E01008075",1,60.647
"7685","E01008076",1,61.692
"7686","E01008077",2,40.88
"7687","E01008078",7,12.066
"7688","E01008079",8,9.719
"7689","E01008080",5,19.057
"7690","E01008081",1,55.3
"7691","E01008082",1,56.876
"7692","E01008083",1,62.516
"7693","E01008084",1,69.756
"7694","E01008085",1,51.152
"7695","E01008086",1,45.354
"7696","E01008087",6,15.411
"7697","E01008088",4,24.385
"7698","E01008089",2,36.727
"7699","E01008090",1,57.174
"7700","E01008091",4,22.504
"7701","E01008092",1,63.374
"7702","E01008093",3,27.838
"7703","E01008094",1,51.512
"7704","E01008095",3,27.894
"7705","E01008096",2,43.377
"7706","E01008097",1,51.455
"7707","E01008098",1,52.731
"7708","E01008099",5,18.713
"7709","E01008100",1,53.872
"7710","E01008101",2,35.971
"7711","E01008102",1,68.538
"7712","E01008103",1,70.822
"7713","E01008104",6,16.638
"7714","E01008105",5,17.937
"7715","E01008107",2,43.059
"7716","E01008108",3,26.95
"7717","E01008109",4,23.616
"7718","E01008111",6,16.602
"7719","E01008112",2,41.695
"7720","E01008113",4,26.324
"7721","E01008114",2,33.955
"7722","E01008115",4,22.699
"7723","E01008116",1,58.697
"7724","E01008117",2,38.784
"7725","E01008118",1,53.331
"7726","E01008119",1,47.191
"7727","E01008122",1,52.722
"7728","E01008123",1,51.965
"7729","E01008124",1,70.485
"7730","E01008125",2,34.869
"7731","E01008126",9,6.097
"7732","E01008128",7,12.76
"7733","E01008129",8,10.752
"7734","E01008130",8,9.386
"7735","E01008131",9,7.918
"7736","E01008132",10,4.099
"7737","E01008133",7,12.036
"7738","E01008134",6,15.463
"7739","E01008135",7,13.147
"7740","E01008136",4,26.288
"7741","E01008137",10,4.207
"7742","E01008138",2,36.989
"7743","E01008139",5,19.043
"7744","E01008140",6,16.464
"7745","E01008141",8,9.82
"7746","E01008142",4,24.254
"7747","E01008143",5,20.519
"7748","E01008144",6,14.577
"7749","E01008145",2,37.018
"7750","E01008146",10,3.879
"7751","E01008147",8,10.153
"7752","E01008148",3,27.829
"7753","E01008149",8,9.432
"7754","E01008150",5,20.294
"7755","E01008151",6,14.928
"7756","E01008152",6,16.341
"7757","E01008153",6,14.431
"7758","E01008154",7,13.188
"7759","E01008155",5,19.196
"7760","E01008156",10,3.889
"7761","E01008157",1,47.123
"7762","E01008158",3,32.278
"7763","E01008159",9,6.261
"7764","E01008160",6,15.027
"7765","E01008161",5,21.191
"7766","E01008162",4,24.104
"7767","E01008163",2,44.279
"7768","E01008164",1,50.773
"7769","E01008165",1,48.301
"7770","E01008166",3,31.261
"7771","E01008167",2,43.285
"7772","E01008170",1,53.055
"7773","E01008172",5,20.525
"7774","E01008173",2,42.824
"7775","E01008174",4,23.442
"7776","E01008175",2,35.594
"7777","E01008176",7,12.603
"7778","E01008177",6,16.329
"7779","E01008178",5,18.616
"7780","E01008179",5,17.867
"7781","E01008180",1,50.688
"7782","E01008181",7,13.016
"7783","E01008182",3,32.203
"7784","E01008183",3,30.754
"7785","E01008184",8,9.339
"7786","E01008185",2,44.325
"7787","E01008186",1,51.8
"7788","E01008188",7,14.129
"7789","E01008189",1,56.649
"7790","E01008190",7,13.105
"7791","E01008191",1,46.671
"7792","E01008192",2,33.996
"7793","E01008193",9,7.305
"7794","E01008194",9,7.799
"7795","E01008195",5,20.697
"7796","E01008196",5,19.768
"7797","E01008197",7,11.683
"7798","E01008198",4,23.743
"7799","E01008199",6,14.809
"7800","E01008200",8,8.726
"7801","E01008201",1,59.589
"7802","E01008202",3,33.262
"7803","E01008203",1,54.181
"7804","E01008204",1,57.812
"7805","E01008205",9,8.023
"7806","E01008206",5,19.726
"7807","E01008207",9,7.566
"7808","E01008208",3,28.23
"7809","E01008209",4,26.423
"7810","E01008210",2,36.868
"7811","E01008211",4,23.104
"7812","E01008212",1,61.057
"7813","E01008213",4,23.951
"7814","E01008214",1,64.033
"7815","E01008215",1,52.248
"7816","E01008216",1,47.708
"7817","E01008217",3,32.418
"7818","E01008218",1,55.846
"7819","E01008219",4,23.29
"7820","E01008220",1,70.879
"7821","E01008221",2,40.025
"7822","E01008222",3,26.959
"7823","E01008223",1,54.624
"7824","E01008224",8,10.192
"7825","E01008225",4,24.11
"7826","E01008226",4,24.111
"7827","E01008227",1,68.548
"7828","E01008228",2,41.15
"7829","E01008229",4,23.066
"7830","E01008230",4,23.827
"7831","E01008231",2,41.938
"7832","E01008232",2,40.603
"7833","E01008233",7,11.302
"7834","E01008234",8,9.897
"7835","E01008235",9,6.965
"7836","E01008236",5,19.521
"7837","E01008237",10,4.73
"7838","E01008238",8,10.39
"7839","E01008239",8,9
"7840","E01008240",4,22.411
"7841","E01008241",4,26.005
"7842","E01008242",3,31.44
"7843","E01008243",7,13.247
"7844","E01008244",3,28.108
"7845","E01008245",7,11.186
"7846","E01008246",4,21.721
"7847","E01008247",4,26.37
"7848","E01008248",10,4.445
"7849","E01008249",7,11.746
"7850","E01008250",5,19.526
"7851","E01008251",2,34.921
"7852","E01008252",1,48.795
"7853","E01008253",1,45.978
"7854","E01008254",2,38.669
"7855","E01008255",5,17.941
"7856","E01008256",5,17.971
"7857","E01008257",1,51.503
"7858","E01008258",3,28.66
"7859","E01008259",2,42.394
"7860","E01008260",10,4.823
"7861","E01008261",2,41.832
"7862","E01008262",2,33.518
"7863","E01008263",2,40.742
"7864","E01008264",10,2.38
"7865","E01008265",5,21.219
"7866","E01008266",9,6.124
"7867","E01008267",6,16.957
"7868","E01008268",7,12.484
"7869","E01008269",10,2.937
"7870","E01008270",10,3.62
"7871","E01008271",10,3.327
"7872","E01008272",9,5.937
"7873","E01008273",6,15.443
"7874","E01008274",3,31.063
"7875","E01008275",10,2.305
"7876","E01008276",4,23.422
"7877","E01008277",4,24.62
"7878","E01008278",9,6.777
"7879","E01008279",7,12.221
"7880","E01008280",2,44.258
"7881","E01008281",2,35.848
"7882","E01008282",2,43.212
"7883","E01008283",9,7.972
"7884","E01008284",5,21.357
"7885","E01008285",1,56.073
"7886","E01008286",3,27.071
"7887","E01008287",8,8.399
"7888","E01008288",3,30.614
"7889","E01008289",1,56.414
"7890","E01008290",2,36.805
"7891","E01008291",1,78.611
"7892","E01008292",8,9.508
"7893","E01008293",5,17.478
"7894","E01008294",8,9.894
"7895","E01008295",1,53.021
"7896","E01008296",2,36.451
"7897","E01008297",1,50.251
"7898","E01008298",4,23.161
"7899","E01008299",1,48.407
"7900","E01008300",2,35.393
"7901","E01008301",2,42.819
"7902","E01008302",1,62.734
"7903","E01008303",1,63.494
"7904","E01008305",1,66.735
"7905","E01008306",6,16.844
"7906","E01008307",4,26.165
"7907","E01008309",10,1.019
"7908","E01008311",10,5.421
"7909","E01008312",8,10.096
"7910","E01008313",7,14.088
"7911","E01008314",7,11.704
"7912","E01008315",7,13.293
"7913","E01008316",9,5.497
"7914","E01008317",10,2.918
"7915","E01008318",2,34.287
"7916","E01008319",10,1.479
"7917","E01008320",8,9.555
"7918","E01008321",10,2.405
"7919","E01008322",10,5.204
"7920","E01008323",9,6.096
"7921","E01008324",1,47.539
"7922","E01008325",1,49.613
"7923","E01008326",8,10.933
"7924","E01008327",1,57.133
"7925","E01008328",9,5.834
"7926","E01008329",4,24.726
"7927","E01008330",2,44.799
"7928","E01008331",1,61.357
"7929","E01008333",1,54.421
"7930","E01008334",1,48.139
"7931","E01008335",1,47.382
"7932","E01008336",2,39.041
"7933","E01008337",1,46.813
"7934","E01008338",3,33.43
"7935","E01008339",2,36.426
"7936","E01008340",1,57.075
"7937","E01008341",2,33.88
"7938","E01008342",6,14.881
"7939","E01008343",6,16.811
"7940","E01008344",3,30.247
"7941","E01008345",1,52.515
"7942","E01008346",3,29.968
"7943","E01008347",5,19.028
"7944","E01008348",1,45.93
"7945","E01008349",2,35.219
"7946","E01008350",4,26.404
"7947","E01008351",9,7.9
"7948","E01008352",5,18.39
"7949","E01008353",4,21.548
"7950","E01008354",5,19.557
"7951","E01008355",9,5.906
"7952","E01008356",5,20.894
"7953","E01008357",10,2.573
"7954","E01008358",9,7.488
"7955","E01008359",5,21.475
"7956","E01008360",7,11.208
"7957","E01008361",4,23.381
"7958","E01008362",3,27.747
"7959","E01008363",8,9.074
"7960","E01008364",6,14.678
"7961","E01008365",9,8.083
"7962","E01008366",10,4.542
"7963","E01008367",8,9.676
"7964","E01008368",9,8.201
"7965","E01008369",8,9.838
"7966","E01008370",9,8.189
"7967","E01008371",10,2.233
"7968","E01008372",7,11.844
"7969","E01008373",8,9.471
"7970","E01008374",7,13.576
"7971","E01008375",2,37.138
"7972","E01008376",10,3.574
"7973","E01008377",2,39.826
"7974","E01008378",10,3.116
"7975","E01008379",3,27.736
"7976","E01008380",1,68.223
"7977","E01008381",8,10.525
"7978","E01008382",1,58.232
"7979","E01008383",2,40.539
"7980","E01008384",4,21.817
"7981","E01008385",1,46.156
"7982","E01008386",6,17.322
"7983","E01008387",7,13.887
"7984","E01008388",1,64.169
"7985","E01008389",1,58.435
"7986","E01008390",1,64.758
"7987","E01008391",1,60.328
"7988","E01008392",2,44.314
"7989","E01008396",1,46.189
"7990","E01008397",4,26.279
"7991","E01008398",1,59.08
"7992","E01008399",1,50.938
"7993","E01008400",2,44.629
"7994","E01008401",2,36.558
"7995","E01008402",4,26.394
"7996","E01008403",7,11.938
"7997","E01008404",3,30.679
"7998","E01008405",3,28.985
"7999","E01008406",5,20.716
"8000","E01008407",6,15.699
"8001","E01008409",8,9.577
"8002","E01008410",5,18.214
"8003","E01008411",8,10.584
"8004","E01008412",7,12.53
"8005","E01008413",4,24.229
"8006","E01008415",2,42.038
"8007","E01008416",5,17.701
"8008","E01008418",10,3.617
"8009","E01008419",9,7.831
"8010","E01008420",9,5.518
"8011","E01008421",10,3.99
"8012","E01008422",10,4.978
"8013","E01008423",10,2.388
"8014","E01008424",8,10.645
"8015","E01008425",1,67.358
"8016","E01008426",1,65.882
"8017","E01008427",1,68.5
"8018","E01008428",1,50.511
"8019","E01008429",1,63.103
"8020","E01008430",2,34.087
"8021","E01008431",5,20.293
"8022","E01008432",3,29.47
"8023","E01008433",7,13.756
"8024","E01008434",7,13.071
"8025","E01008435",2,44.06
"8026","E01008436",1,53.682
"8027","E01008437",1,65.538
"8028","E01008438",1,62.274
"8029","E01008439",1,68.746
"8030","E01008441",4,26.06
"8031","E01008442",9,6.08
"8032","E01008443",9,7.986
"8033","E01008444",8,8.574
"8034","E01008445",5,20.171
"8035","E01008446",9,5.632
"8036","E01008447",7,13.189
"8037","E01008448",9,6.382
"8038","E01008449",2,43.111
"8039","E01008450",2,38.99
"8040","E01008451",3,32.268
"8041","E01008452",7,12.443
"8042","E01008453",6,16.732
"8043","E01008455",2,35.226
"8044","E01008456",1,48.999
"8045","E01008457",1,59.872
"8046","E01008458",9,5.623
"8047","E01008459",1,72.184
"8048","E01008460",1,47.479
"8049","E01008461",3,32.845
"8050","E01008462",3,30.362
"8051","E01008463",3,29.719
"8052","E01008464",5,19.248
"8053","E01008465",7,12.634
"8054","E01008466",10,3.085
"8055","E01008467",7,12.245
"8056","E01008468",3,30.392
"8057","E01008469",8,10.985
"8058","E01008470",3,27.024
"8059","E01008471",5,21.426
"8060","E01008472",9,6.835
"8061","E01008473",7,13.576
"8062","E01008474",3,30.575
"8063","E01008475",10,4.781
"8064","E01008476",3,28.672
"8065","E01008477",2,33.597
"8066","E01008478",2,37.027
"8067","E01008479",10,4.234
"8068","E01008480",2,36.918
"8069","E01008481",2,38.408
"8070","E01008482",1,45.807
"8071","E01008483",4,25.714
"8072","E01008484",1,46.72
"8073","E01008485",1,74.561
"8074","E01008486",3,30.303
"8075","E01008487",3,26.634
"8076","E01008488",3,28.684
"8077","E01008489",2,39.586
"8078","E01008490",5,20.436
"8079","E01008491",3,30.186
"8080","E01008492",2,36.758
"8081","E01008493",10,5.177
"8082","E01008494",5,19.322
"8083","E01008495",10,2.512
"8084","E01008496",4,22.205
"8085","E01008497",10,2.096
"8086","E01008498",10,4.03
"8087","E01008499",5,19.375
"8088","E01008500",7,12.414
"8089","E01008502",3,26.644
"8090","E01008503",4,25.203
"8091","E01008504",9,5.528
"8092","E01008505",7,13.043
"8093","E01008506",3,27.341
"8094","E01008507",9,6.181
"8095","E01008508",3,29.98
"8096","E01008509",2,35.17
"8097","E01008510",3,27.676
"8098","E01008511",3,31.65
"8099","E01008512",1,47.872
"8100","E01008513",5,21.056
"8101","E01008514",5,19.712
"8102","E01008516",10,3.107
"8103","E01008517",10,2.312
"8104","E01008518",8,9.668
"8105","E01008519",9,8.013
"8106","E01008520",9,6.047
"8107","E01008521",9,7.454
"8108","E01008522",10,2.913
"8109","E01008523",10,2.817
"8110","E01008524",1,47.906
"8111","E01008525",8,9.573
"8112","E01008526",10,4.954
"8113","E01008527",8,10.285
"8114","E01008528",8,10.552
"8115","E01008529",7,11.851
"8116","E01008530",6,16.365
"8117","E01008531",8,9.006
"8118","E01008532",4,24.205
"8119","E01008533",3,31.225
"8120","E01008534",7,12.019
"8121","E01008535",5,18.262
"8122","E01008536",2,37.456
"8123","E01008537",2,39.191
"8124","E01008538",8,10.058
"8125","E01008539",6,14.553
"8126","E01008540",1,64.251
"8127","E01008541",2,42.077
"8128","E01008542",1,49.524
"8129","E01008543",2,33.901
"8130","E01008544",1,63.36
"8131","E01008545",1,62.697
"8132","E01008546",10,2.145
"8133","E01008547",10,1.6
"8134","E01008548",10,1.017
"8135","E01008549",10,2.816
"8136","E01008550",9,5.732
"8137","E01008551",10,4.246
"8138","E01008552",8,9.844
"8139","E01008553",9,8.211
"8140","E01008554",5,19.888
"8141","E01008555",4,24.314
"8142","E01008556",10,4.472
"8143","E01008557",10,2.288
"8144","E01008558",7,12.262
"8145","E01008559",7,13.921
"8146","E01008560",7,12.431
"8147","E01008561",3,27.736
"8148","E01008562",8,8.918
"8149","E01008563",10,2.301
"8150","E01008564",9,5.752
"8151","E01008567",3,28.052
"8152","E01008568",4,23.898
"8153","E01008569",3,33.351
"8154","E01008570",6,14.355
"8155","E01008571",2,41.509
"8156","E01008572",2,42.053
"8157","E01008573",1,55.985
"8158","E01008574",8,10.913
"8159","E01008575",1,56.37
"8160","E01008576",3,29.05
"8161","E01008577",7,13.715
"8162","E01008578",4,22.922
"8163","E01008579",10,4.9
"8164","E01008580",9,6.888
"8165","E01008581",10,4.807
"8166","E01008582",3,29.001
"8167","E01008583",4,26.463
"8168","E01008584",2,35.538
"8169","E01008585",7,13.943
"8170","E01008586",7,12.132
"8171","E01008587",5,17.831
"8172","E01008588",4,22.136
"8173","E01008589",10,3.259
"8174","E01008590",2,43.543
"8175","E01008591",1,52.356
"8176","E01008592",2,36.368
"8177","E01008593",1,54.738
"8178","E01008594",2,33.867
"8179","E01008595",2,34.175
"8180","E01008596",1,58.9
"8181","E01008597",4,24.241
"8182","E01008598",2,36.982
"8183","E01008599",2,38.632
"8184","E01008600",1,57.708
"8185","E01008601",2,40.031
"8186","E01008602",2,39.327
"8187","E01008603",2,42.527
"8188","E01008604",1,54.69
"8189","E01008605",3,27.466
"8190","E01008606",2,44.538
"8191","E01008607",1,59.947
"8192","E01008608",1,48.875
"8193","E01008609",1,49.204
"8194","E01008610",1,49.047
"8195","E01008611",9,6.13
"8196","E01008612",8,10.694
"8197","E01008613",1,48.118
"8198","E01008614",5,18.458
"8199","E01008615",5,18.317
"8200","E01008616",9,5.545
"8201","E01008617",10,5.064
"8202","E01008618",10,3.799
"8203","E01008619",10,4.375
"8204","E01008620",9,6.31
"8205","E01008621",10,2.73
"8206","E01008622",6,15.907
"8207","E01008624",4,22.885
"8208","E01008625",1,46.25
"8209","E01008627",8,9.968
"8210","E01008628",2,39.738
"8211","E01008629",4,21.58
"8212","E01008630",2,41.94
"8213","E01008631",4,26.441
"8214","E01008632",2,37.242
"8215","E01008633",2,39.888
"8216","E01008634",2,44.461
"8217","E01008635",5,20.563
"8218","E01008636",3,27.247
"8219","E01008637",3,28.281
"8220","E01008638",7,12.825
"8221","E01008639",3,29.965
"8222","E01008640",5,19.755
"8223","E01008641",2,35.327
"8224","E01008642",9,7.342
"8225","E01008643",7,13.991
"8226","E01008644",2,34.54
"8227","E01008645",5,20.681
"8228","E01008646",5,20.404
"8229","E01008647",9,6.72
"8230","E01008648",4,22.002
"8231","E01008649",2,35.215
"8232","E01008650",8,10.487
"8233","E01008651",1,62.391
"8234","E01008652",2,37.971
"8235","E01008653",2,42.043
"8236","E01008654",2,34.611
"8237","E01008655",3,32.739
"8238","E01008656",4,23.933
"8239","E01008657",7,13.67
"8240","E01008658",1,48.135
"8241","E01008659",3,27.125
"8242","E01008660",3,28.808
"8243","E01008661",2,37.304
"8244","E01008662",3,30.615
"8245","E01008663",2,36.463
"8246","E01008664",1,65.985
"8247","E01008665",1,56.358
"8248","E01008666",1,57.225
"8249","E01008667",1,49.122
"8250","E01008668",1,52.831
"8251","E01008669",1,57.668
"8252","E01008670",2,41.187
"8253","E01008671",1,47.892
"8254","E01008672",4,24.022
"8255","E01008673",7,11.353
"8256","E01008674",10,4.127
"8257","E01008675",4,24.702
"8258","E01008676",3,28.506
"8259","E01008677",8,10.076
"8260","E01008678",2,34.378
"8261","E01008679",4,21.953
"8262","E01008680",8,10.052
"8263","E01008681",8,8.816
"8264","E01008682",1,57.216
"8265","E01008683",2,34.637
"8266","E01008684",3,31.841
"8267","E01008685",5,19.633
"8268","E01008686",5,20.39
"8269","E01008687",4,22.124
"8270","E01008688",2,39.341
"8271","E01008689",1,52.978
"8272","E01008690",2,39.078
"8273","E01008691",9,8.265
"8274","E01008692",3,32.12
"8275","E01008693",2,39.321
"8276","E01008694",2,41.154
"8277","E01008695",2,39.53
"8278","E01008696",6,15.238
"8279","E01008697",2,38.558
"8280","E01008698",2,44.202
"8281","E01008699",1,46.252
"8282","E01008700",3,28.272
"8283","E01008701",2,41.346
"8284","E01008702",1,73.62
"8285","E01008703",1,47.808
"8286","E01008704",3,33.091
"8287","E01008705",1,49.502
"8288","E01008706",1,47.712
"8289","E01008707",2,41.014
"8290","E01008708",3,27.775
"8291","E01008709",1,70.122
"8292","E01008711",3,29.105
"8293","E01008712",1,54.039
"8294","E01008713",9,7.355
"8295","E01008714",1,52.105
"8296","E01008715",3,28.765
"8297","E01008716",9,7.556
"8298","E01008717",3,31.224
"8299","E01008718",4,24.066
"8300","E01008719",1,52.148
"8301","E01008720",2,36.225
"8302","E01008721",7,11.634
"8303","E01008722",8,8.72
"8304","E01008723",9,5.845
"8305","E01008724",10,4.944
"8306","E01008725",8,8.67
"8307","E01008726",8,10.637
"8308","E01008727",5,20.994
"8309","E01008728",8,10.283
"8310","E01008730",1,61.894
"8311","E01008732",3,31.752
"8312","E01008733",1,59.91
"8313","E01008734",7,12.258
"8314","E01008735",2,41.874
"8315","E01008736",1,83.195
"8316","E01008737",1,63.223
"8317","E01008738",1,66.936
"8318","E01008739",2,41.29
"8319","E01008740",6,15.324
"8320","E01008741",5,21.019
"8321","E01008742",2,41.641
"8322","E01008743",1,63.554
"8323","E01008744",2,33.983
"8324","E01008745",6,15.687
"8325","E01008746",2,44.457
"8326","E01008747",5,18.9
"8327","E01008748",3,32.904
"8328","E01008749",8,10.809
"8329","E01008750",5,18.917
"8330","E01008751",5,21.458
"8331","E01008752",3,30.592
"8332","E01008753",2,34.694
"8333","E01008754",2,42.33
"8334","E01008755",1,46.758
"8335","E01008756",2,43.733
"8336","E01008757",2,43.442
"8337","E01008758",5,20.753
"8338","E01008759",3,28.301
"8339","E01008760",6,16.616
"8340","E01008761",7,12.013
"8341","E01008762",1,59.723
"8342","E01008763",2,36.932
"8343","E01008764",4,26.22
"8344","E01008765",7,12.002
"8345","E01008766",6,15.969
"8346","E01008767",4,25.497
"8347","E01008768",4,26.241
"8348","E01008769",2,40.46
"8349","E01008770",6,16.762
"8350","E01008771",5,20.084
"8351","E01008772",9,6.529
"8352","E01008773",1,56.408
"8353","E01008774",6,16.028
"8354","E01008775",9,6.166
"8355","E01008776",1,45.989
"8356","E01008777",1,59.431
"8357","E01008778",3,30.584
"8358","E01008779",3,30.287
"8359","E01008780",2,34.751
"8360","E01008781",7,12.306
"8361","E01008782",10,4.462
"8362","E01008783",9,5.905
"8363","E01008784",10,4.844
"8364","E01008785",9,6.739
"8365","E01008786",7,13.753
"8366","E01008787",3,30.711
"8367","E01008788",3,28.28
"8368","E01008789",6,14.141
"8369","E01008790",4,22.784
"8370","E01008791",1,48.66
"8371","E01008792",6,17.333
"8372","E01008793",1,59.969
"8373","E01008795",5,20.132
"8374","E01008796",5,18.824
"8375","E01008799",8,9.425
"8376","E01008800",1,52.627
"8377","E01008801",9,7.649
"8378","E01008802",5,19.315
"8379","E01008803",1,45.513
"8380","E01008804",2,33.666
"8381","E01008805",2,44.086
"8382","E01008808",9,6.84
"8383","E01008809",3,30.199
"8384","E01008810",1,48.55
"8385","E01008811",4,22.285
"8386","E01008812",1,49.415
"8387","E01008813",1,47.412
"8388","E01008814",3,27.17
"8389","E01008817",1,70.451
"8390","E01008819",2,40.75
"8391","E01008821",1,61.106
"8392","E01008822",1,47.395
"8393","E01008823",1,55.395
"8394","E01008824",1,62.444
"8395","E01008825",2,43.446
"8396","E01008826",3,32.509
"8397","E01008827",1,55.017
"8398","E01008828",1,54.819
"8399","E01008829",1,63.07
"8400","E01008830",2,38.133
"8401","E01008831",2,39.86
"8402","E01008832",2,35.951
"8403","E01008833",3,30.517
"8404","E01008834",2,37.821
"8405","E01008835",4,25.168
"8406","E01008836",1,76.226
"8407","E01008837",1,54.439
"8408","E01008838",1,46.855
"8409","E01008839",1,71.485
"8410","E01008840",2,43.175
"8411","E01008841",1,55.757
"8412","E01008842",3,27.823
"8413","E01008843",7,11.439
"8414","E01008844",4,22.051
"8415","E01008845",7,13.575
"8416","E01008846",1,56.744
"8417","E01008847",1,49.606
"8418","E01008848",4,22.076
"8419","E01008849",1,50.121
"8420","E01008851",3,30.881
"8421","E01008852",7,13.95
"8422","E01008853",1,56.447
"8423","E01008854",1,57.776
"8424","E01008855",5,21.528
"8425","E01008856",6,14.489
"8426","E01008857",2,36.112
"8427","E01008858",1,59.229
"8428","E01008859",1,55.573
"8429","E01008860",1,46.31
"8430","E01008861",4,26.311
"8431","E01008862",8,9.58
"8432","E01008863",9,5.705
"8433","E01008864",8,9.315
"8434","E01008865",2,33.848
"8435","E01008866",3,32.943
"8436","E01008867",1,58.599
"8437","E01008868",8,8.797
"8438","E01008869",5,19.001
"8439","E01008870",9,6.987
"8440","E01008871",2,33.579
"8441","E01008872",8,10.575
"8442","E01008873",6,14.233
"8443","E01008874",2,42.88
"8444","E01008875",4,22.447
"8445","E01008876",8,9.311
"8446","E01008877",7,11.658
"8447","E01008878",4,25.76
"8448","E01008879",4,24.102
"8449","E01008880",4,25.514
"8450","E01008881",2,43.521
"8451","E01008882",1,54.881
"8452","E01008883",1,54.548
"8453","E01008884",1,56.441
"8454","E01008885",5,21.036
"8455","E01008886",1,52.887
"8456","E01008887",1,49.847
"8457","E01008888",5,18.506
"8458","E01008889",1,49.277
"8459","E01008890",2,35.314
"8460","E01008891",4,23.309
"8461","E01008892",1,52.968
"8462","E01008893",2,33.621
"8463","E01008894",2,40.788
"8464","E01008895",4,25.551
"8465","E01008896",1,52.873
"8466","E01008897",2,40.084
"8467","E01008898",1,54.925
"8468","E01008899",1,65.002
"8469","E01008901",1,61.574
"8470","E01008905",1,60.843
"8471","E01008906",1,58.767
"8472","E01008907",1,68.923
"8473","E01008909",1,52.289
"8474","E01008910",1,67.879
"8475","E01008911",1,57.742
"8476","E01008913",1,61.451
"8477","E01008915",1,58.151
"8478","E01008916",1,74.722
"8479","E01008917",5,19.348
"8480","E01008918",1,51.741
"8481","E01008919",3,32.75
"8482","E01008920",5,18.087
"8483","E01008921",2,35.886
"8484","E01008923",1,50.758
"8485","E01008924",3,26.78
"8486","E01008925",7,14.046
"8487","E01008927",1,65.18
"8488","E01008928",1,59.686
"8489","E01008929",1,61.238
"8490","E01008930",3,26.67
"8491","E01008931",2,44.912
"8492","E01008932",2,44.798
"8493","E01008933",3,26.67
"8494","E01008934",6,16.043
"8495","E01008935",1,56.701
"8496","E01008936",3,28.946
"8497","E01008937",3,33.149
"8498","E01008938",2,44.501
"8499","E01008939",3,32.497
"8500","E01008940",1,55.997
"8501","E01008941",2,41.563
"8502","E01008942",2,39.026
"8503","E01008943",1,45.149
"8504","E01008944",2,37.745
"8505","E01008945",2,35.441
"8506","E01008946",2,39.146
"8507","E01008947",4,24.412
"8508","E01008948",4,21.821
"8509","E01008949",8,8.711
"8510","E01008950",5,21.207
"8511","E01008951",7,13.011
"8512","E01008952",4,24.914
"8513","E01008953",4,26.183
"8514","E01008954",7,12.794
"8515","E01008955",5,19.418
"8516","E01008956",7,12.238
"8517","E01008957",2,33.628
"8518","E01008958",2,34.924
"8519","E01008959",7,14.13
"8520","E01008960",7,12.099
"8521","E01008961",5,20.686
"8522","E01008962",1,58.317
"8523","E01008963",3,30.673
"8524","E01008964",2,35.325
"8525","E01008965",6,14.639
"8526","E01008966",1,46.038
"8527","E01008967",8,9.948
"8528","E01008968",8,10.614
"8529","E01008969",6,15.945
"8530","E01008970",4,24.945
"8531","E01008971",5,17.901
"8532","E01008972",2,44.248
"8533","E01008973",4,24.755
"8534","E01008974",6,15.322
"8535","E01008975",6,14.76
"8536","E01008976",1,53.713
"8537","E01008977",3,28.223
"8538","E01008978",1,77.901
"8539","E01008979",1,58.214
"8540","E01008980",1,63.701
"8541","E01008981",6,15.522
"8542","E01008982",6,15.024
"8543","E01008984",1,46.851
"8544","E01008986",3,29.832
"8545","E01008987",2,44.706
"8546","E01008988",3,29.979
"8547","E01008989",1,46.221
"8548","E01008990",9,5.489
"8549","E01008991",6,14.681
"8550","E01008992",10,5.28
"8551","E01008994",5,17.571
"8552","E01008995",1,48.414
"8553","E01008996",2,41.195
"8554","E01008997",5,17.462
"8555","E01008998",1,56.335
"8556","E01008999",2,38.988
"8557","E01009000",1,51.303
"8558","E01009001",4,21.58
"8559","E01009002",1,62.598
"8560","E01009003",3,31.657
"8561","E01009005",3,29.919
"8562","E01009006",2,34.426
"8563","E01009007",1,52.072
"8564","E01009008",5,20.069
"8565","E01009009",5,21.434
"8566","E01009011",3,27.159
"8567","E01009012",5,19.806
"8568","E01009013",1,50.534
"8569","E01009014",2,37.792
"8570","E01009015",2,35.63
"8571","E01009016",1,53.687
"8572","E01009017",2,35.178
"8573","E01009018",2,44.591
"8574","E01009019",1,51.84
"8575","E01009020",2,41.627
"8576","E01009021",1,48.83
"8577","E01009022",3,32.933
"8578","E01009023",5,20.73
"8579","E01009024",1,46.942
"8580","E01009025",1,50.148
"8581","E01009026",1,47.772
"8582","E01009028",1,46.203
"8583","E01009029",1,48.807
"8584","E01009030",4,22.54
"8585","E01009031",6,16.599
"8586","E01009032",6,17.084
"8587","E01009033",2,41.118
"8588","E01009034",6,15.708
"8589","E01009035",4,25.12
"8590","E01009036",6,15.318
"8591","E01009037",6,15.986
"8592","E01009039",7,11.363
"8593","E01009040",8,10.604
"8594","E01009041",7,13.208
"8595","E01009042",6,16.939
"8596","E01009043",1,48.162
"8597","E01009044",1,50.949
"8598","E01009045",3,32.304
"8599","E01009046",6,17.316
"8600","E01009047",1,66.245
"8601","E01009048",1,65.047
"8602","E01009049",2,39.886
"8603","E01009050",1,47.2
"8604","E01009051",1,65.101
"8605","E01009053",1,71.745
"8606","E01009054",2,36.35
"8607","E01009056",1,54.021
"8608","E01009057",1,59.748
"8609","E01009058",1,53.288
"8610","E01009059",1,61.576
"8611","E01009060",1,53.833
"8612","E01009061",1,55.523
"8613","E01009062",1,58.825
"8614","E01009064",3,32.65
"8615","E01009065",6,14.839
"8616","E01009066",8,9.854
"8617","E01009067",9,6.727
"8618","E01009068",8,10.789
"8619","E01009069",6,14.39
"8620","E01009070",8,10.024
"8621","E01009071",5,18.228
"8622","E01009072",6,15.857
"8623","E01009073",1,67.059
"8624","E01009074",1,52.363
"8625","E01009075",1,53.038
"8626","E01009077",5,19.989
"8627","E01009078",4,26.045
"8628","E01009079",1,52.312
"8629","E01009080",1,59.586
"8630","E01009081",1,60.384
"8631","E01009082",2,43.228
"8632","E01009083",1,53.595
"8633","E01009084",3,31.013
"8634","E01009085",3,26.7
"8635","E01009086",2,38.951
"8636","E01009087",2,34.082
"8637","E01009088",2,38.583
"8638","E01009089",4,25.944
"8639","E01009090",2,36.685
"8640","E01009091",2,43.191
"8641","E01009092",1,61.261
"8642","E01009093",1,59.281
"8643","E01009094",1,51.893
"8644","E01009095",2,39.019
"8645","E01009096",1,52.484
"8646","E01009097",1,63.549
"8647","E01009098",2,37.498
"8648","E01009099",1,68.967
"8649","E01009100",2,35.249
"8650","E01009101",1,45.184
"8651","E01009102",1,51.583
"8652","E01009103",1,62.039
"8653","E01009104",1,47.799
"8654","E01009105",4,22.665
"8655","E01009106",3,31.977
"8656","E01009107",1,50.858
"8657","E01009108",8,10.113
"8658","E01009109",1,49.814
"8659","E01009110",2,44.533
"8660","E01009111",4,22.38
"8661","E01009112",3,30.004
"8662","E01009113",1,69.294
"8663","E01009114",1,50.525
"8664","E01009115",1,51.242
"8665","E01009116",9,7.108
"8666","E01009117",1,60.705
"8667","E01009118",3,27.331
"8668","E01009119",4,21.802
"8669","E01009120",5,20.511
"8670","E01009122",1,51.517
"8671","E01009123",2,39.118
"8672","E01009124",1,60.171
"8673","E01009125",2,40.61
"8674","E01009126",5,18.384
"8675","E01009127",1,58.445
"8676","E01009128",1,62.195
"8677","E01009129",1,57.526
"8678","E01009130",1,53.81
"8679","E01009131",1,54.874
"8680","E01009132",1,54.311
"8681","E01009133",1,56.848
"8682","E01009134",1,50.489
"8683","E01009135",7,13.776
"8684","E01009136",1,47.97
"8685","E01009137",1,45.654
"8686","E01009138",3,27.562
"8687","E01009139",3,30.152
"8688","E01009140",3,28.806
"8689","E01009141",1,59.389
"8690","E01009143",1,57.053
"8691","E01009145",3,27.605
"8692","E01009146",2,35.016
"8693","E01009147",2,41.216
"8694","E01009151",1,51.261
"8695","E01009152",1,60.533
"8696","E01009153",1,52.679
"8697","E01009155",1,67.44
"8698","E01009157",1,60.668
"8699","E01009158",2,37.13
"8700","E01009159",5,17.757
"8701","E01009160",1,76.011
"8702","E01009161",1,49.952
"8703","E01009162",3,29.705
"8704","E01009164",3,27.684
"8705","E01009165",1,46.204
"8706","E01009166",4,25.71
"8707","E01009167",3,26.841
"8708","E01009168",6,16.447
"8709","E01009169",5,18.591
"8710","E01009170",7,12.191
"8711","E01009171",3,30.39
"8712","E01009172",1,52.97
"8713","E01009173",1,56.018
"8714","E01009174",1,50.078
"8715","E01009175",4,22.059
"8716","E01009176",4,25.569
"8717","E01009177",4,21.6
"8718","E01009178",3,30.811
"8719","E01009179",6,17.416
"8720","E01009182",1,57.348
"8721","E01009183",8,8.897
"8722","E01009184",3,28.729
"8723","E01009185",6,16.897
"8724","E01009186",5,17.56
"8725","E01009187",6,16.958
"8726","E01009188",4,23.331
"8727","E01009189",6,15.341
"8728","E01009192",1,52.748
"8729","E01009195",1,55.349
"8730","E01009197",1,45.92
"8731","E01009199",2,36.546
"8732","E01009200",1,56.324
"8733","E01009201",1,57.165
"8734","E01009202",1,60.072
"8735","E01009204",1,56.963
"8736","E01009205",6,16.822
"8737","E01009206",5,18.112
"8738","E01009207",8,10.144
"8739","E01009208",6,15.205
"8740","E01009209",3,29.623
"8741","E01009210",2,41.705
"8742","E01009211",7,12.649
"8743","E01009212",1,48.058
"8744","E01009213",3,33.377
"8745","E01009214",1,56.357
"8746","E01009215",1,63.379
"8747","E01009216",3,30.005
"8748","E01009217",6,16.912
"8749","E01009218",5,19.354
"8750","E01009219",3,30.404
"8751","E01009220",4,26.256
"8752","E01009221",4,26.118
"8753","E01009222",2,43.521
"8754","E01009223",4,22.7
"8755","E01009224",5,18.79
"8756","E01009225",2,37.754
"8757","E01009226",4,23.744
"8758","E01009227",4,22.255
"8759","E01009228",5,20.315
"8760","E01009229",5,20.333
"8761","E01009230",4,26.217
"8762","E01009231",5,20.023
"8763","E01009232",4,26.143
"8764","E01009233",2,43.474
"8765","E01009234",5,17.848
"8766","E01009235",5,18.312
"8767","E01009236",5,18.863
"8768","E01009237",2,34.04
"8769","E01009238",4,22.024
"8770","E01009239",1,66.029
"8771","E01009240",4,21.992
"8772","E01009241",4,26.318
"8773","E01009242",3,28.109
"8774","E01009243",4,22.432
"8775","E01009244",5,20.686
"8776","E01009245",5,20.526
"8777","E01009246",5,17.793
"8778","E01009247",5,17.57
"8779","E01009248",5,17.668
"8780","E01009249",5,18.29
"8781","E01009250",5,17.545
"8782","E01009251",8,10.514
"8783","E01009252",9,7.169
"8784","E01009253",6,15.974
"8785","E01009254",3,30.915
"8786","E01009255",3,28.785
"8787","E01009256",4,25.357
"8788","E01009257",2,33.969
"8789","E01009258",1,49.46
"8790","E01009259",1,51.137
"8791","E01009260",8,10.924
"8792","E01009261",7,13.918
"8793","E01009262",4,21.549
"8794","E01009263",2,41.494
"8795","E01009264",4,22.314
"8796","E01009265",2,40.916
"8797","E01009266",1,61.896
"8798","E01009267",5,18.706
"8799","E01009268",3,27.398
"8800","E01009269",1,63.574
"8801","E01009270",1,64.068
"8802","E01009271",1,55.219
"8803","E01009272",1,46.088
"8804","E01009273",1,55.989
"8805","E01009274",1,49.514
"8806","E01009275",1,64.274
"8807","E01009276",4,22.105
"8808","E01009278",5,19.859
"8809","E01009279",5,18.968
"8810","E01009280",7,14.033
"8811","E01009281",6,15.81
"8812","E01009282",3,31.808
"8813","E01009283",5,19.822
"8814","E01009284",6,16.927
"8815","E01009286",7,11.232
"8816","E01009288",6,14.695
"8817","E01009289",5,18.244
"8818","E01009290",7,13.114
"8819","E01009291",3,33.063
"8820","E01009292",8,10.181
"8821","E01009293",3,29.209
"8822","E01009294",3,28.311
"8823","E01009295",5,21.087
"8824","E01009296",2,37.066
"8825","E01009297",1,46.395
"8826","E01009298",1,54.603
"8827","E01009299",1,48.705
"8828","E01009300",1,57.977
"8829","E01009301",1,62.566
"8830","E01009302",4,26.339
"8831","E01009303",1,50.819
"8832","E01009304",2,41.475
"8833","E01009305",1,69.173
"8834","E01009306",2,44.406
"8835","E01009307",1,54.606
"8836","E01009308",1,46.025
"8837","E01009309",1,53.067
"8838","E01009310",1,47.133
"8839","E01009311",1,59.195
"8840","E01009312",5,18.649
"8841","E01009313",4,25.693
"8842","E01009314",2,36.32
"8843","E01009315",3,32.919
"8844","E01009316",3,28.591
"8845","E01009317",3,32.895
"8846","E01009318",6,15.787
"8847","E01009319",6,15.088
"8848","E01009320",3,28.129
"8849","E01009321",1,65.963
"8850","E01009322",1,57.355
"8851","E01009323",1,45.1
"8852","E01009324",5,19.542
"8853","E01009325",1,52.397
"8854","E01009326",1,46.843
"8855","E01009327",1,54.902
"8856","E01009328",1,56.479
"8857","E01009329",1,58.739
"8858","E01009331",1,50.484
"8859","E01009332",1,65.311
"8860","E01009333",1,66.237
"8861","E01009334",1,49.797
"8862","E01009335",1,48.872
"8863","E01009337",1,58.673
"8864","E01009338",1,56.825
"8865","E01009339",1,56.314
"8866","E01009341",1,55.923
"8867","E01009342",1,45.013
"8868","E01009343",1,66.837
"8869","E01009344",1,58.13
"8870","E01009345",1,72.168
"8871","E01009346",1,55.488
"8872","E01009347",1,56.408
"8873","E01009348",2,42.877
"8874","E01009349",1,69.033
"8875","E01009350",1,61.482
"8876","E01009351",1,58.872
"8877","E01009352",1,61.831
"8878","E01009353",1,60.179
"8879","E01009354",1,66.441
"8880","E01009355",1,74.73
"8881","E01009358",1,61.332
"8882","E01009359",1,68.104
"8883","E01009360",1,54.501
"8884","E01009361",1,75.756
"8885","E01009362",1,63.375
"8886","E01009363",1,60.821
"8887","E01009364",1,69.272
"8888","E01009365",1,73.683
"8889","E01009366",1,50.596
"8890","E01009367",1,68.799
"8891","E01009368",1,68.99
"8892","E01009371",1,65.861
"8893","E01009372",1,63.033
"8894","E01009373",1,65.068
"8895","E01009374",1,55.369
"8896","E01009375",1,58.394
"8897","E01009376",1,62.411
"8898","E01009377",1,72.26
"8899","E01009379",1,68.675
"8900","E01009380",1,58.279
"8901","E01009382",1,54.764
"8902","E01009383",1,48.643
"8903","E01009384",1,48.097
"8904","E01009385",2,36.408
"8905","E01009389",2,38.064
"8906","E01009390",2,39.039
"8907","E01009391",1,63.925
"8908","E01009392",1,49.717
"8909","E01009393",1,57.916
"8910","E01009394",4,22.612
"8911","E01009395",1,45.508
"8912","E01009396",1,60.538
"8913","E01009397",1,56.127
"8914","E01009399",1,68.461
"8915","E01009400",1,57.657
"8916","E01009401",1,59.864
"8917","E01009403",2,40.094
"8918","E01009404",1,49.423
"8919","E01009405",2,37.708
"8920","E01009406",2,41.544
"8921","E01009407",2,38.428
"8922","E01009408",1,48.539
"8923","E01009409",1,54.227
"8924","E01009410",1,52.274
"8925","E01009411",4,24.494
"8926","E01009412",1,72.886
"8927","E01009413",1,59.39
"8928","E01009414",1,46.365
"8929","E01009415",10,2.547
"8930","E01009416",10,5.092
"8931","E01009417",9,8.342
"8932","E01009418",5,17.735
"8933","E01009419",7,12.187
"8934","E01009420",10,4.676
"8935","E01009421",10,2.307
"8936","E01009422",10,5.11
"8937","E01009423",4,22.637
"8938","E01009424",6,14.445
"8939","E01009425",8,10.766
"8940","E01009426",10,2.55
"8941","E01009427",8,10.504
"8942","E01009428",10,1.696
"8943","E01009429",10,1.853
"8944","E01009430",10,2.558
"8945","E01009431",10,2.61
"8946","E01009432",5,18.735
"8947","E01009433",10,3.101
"8948","E01009434",10,4.291
"8949","E01009435",10,5.399
"8950","E01009436",10,2.923
"8951","E01009437",9,7.444
"8952","E01009438",9,5.954
"8953","E01009439",7,12.812
"8954","E01009440",9,8.19
"8955","E01009441",4,25.199
"8956","E01009442",9,7.095
"8957","E01009443",8,8.715
"8958","E01009444",10,2.551
"8959","E01009445",1,46.023
"8960","E01009446",7,11.664
"8961","E01009447",6,17.182
"8962","E01009448",3,29.259
"8963","E01009449",6,16.028
"8964","E01009450",8,11.13
"8965","E01009451",6,16.319
"8966","E01009452",6,14.693
"8967","E01009453",9,7.933
"8968","E01009454",10,5.193
"8969","E01009455",2,39.937
"8970","E01009456",9,6.378
"8971","E01009457",10,3.928
"8972","E01009458",4,25.39
"8973","E01009459",9,5.822
"8974","E01009460",4,24.431
"8975","E01009461",10,3.961
"8976","E01009462",4,21.706
"8977","E01009463",9,5.928
"8978","E01009464",9,8.187
"8979","E01009465",9,6.366
"8980","E01009466",9,6.054
"8981","E01009467",6,16.62
"8982","E01009468",9,5.962
"8983","E01009469",9,7.114
"8984","E01009470",10,2.077
"8985","E01009471",8,10.599
"8986","E01009472",9,8.206
"8987","E01009473",5,19.023
"8988","E01009474",7,12.834
"8989","E01009475",1,54.247
"8990","E01009476",1,56.427
"8991","E01009477",1,62.364
"8992","E01009478",1,62.373
"8993","E01009479",1,62.984
"8994","E01009480",1,54.739
"8995","E01009481",1,46.111
"8996","E01009482",1,68.835
"8997","E01009483",1,67.226
"8998","E01009484",1,66.219
"8999","E01009485",1,54.973
"9000","E01009486",1,64.913
"9001","E01009487",1,50.292
"9002","E01009488",1,62.991
"9003","E01009489",1,63.709
"9004","E01009490",1,57.797
"9005","E01009491",1,57.46
"9006","E01009492",1,62.286
"9007","E01009493",2,43.975
"9008","E01009494",1,57.509
"9009","E01009495",1,50.75
"9010","E01009496",7,11.617
"9011","E01009497",4,23.979
"9012","E01009498",1,55.764
"9013","E01009499",2,40.87
"9014","E01009500",1,49.152
"9015","E01009501",1,50.957
"9016","E01009502",1,47.236
"9017","E01009503",1,45.725
"9018","E01009504",6,14.721
"9019","E01009505",2,43.79
"9020","E01009506",9,8.022
"9021","E01009507",1,69.164
"9022","E01009508",3,32.666
"9023","E01009509",1,47.923
"9024","E01009510",1,62.79
"9025","E01009511",1,57.082
"9026","E01009512",2,40.611
"9027","E01009513",1,52.218
"9028","E01009514",1,47.342
"9029","E01009515",2,36.2
"9030","E01009516",2,33.699
"9031","E01009517",2,44.31
"9032","E01009518",4,25.849
"9033","E01009519",5,18.916
"9034","E01009520",5,17.917
"9035","E01009521",4,24.252
"9036","E01009522",5,19.398
"9037","E01009523",8,10.331
"9038","E01009524",3,30.44
"9039","E01009525",7,13.977
"9040","E01009526",8,10.763
"9041","E01009527",4,21.952
"9042","E01009528",9,6.618
"9043","E01009529",7,13.447
"9044","E01009530",7,11.731
"9045","E01009531",5,18.459
"9046","E01009532",7,12.23
"9047","E01009535",8,10.032
"9048","E01009536",8,8.905
"9049","E01009537",3,33.399
"9050","E01009538",3,31.146
"9051","E01009539",1,58.876
"9052","E01009540",1,55.156
"9053","E01009541",1,52.096
"9054","E01009542",1,53.79
"9055","E01009543",9,5.935
"9056","E01009544",3,27.197
"9057","E01009548",5,17.612
"9058","E01009549",9,6.174
"9059","E01009550",6,17.01
"9060","E01009552",4,23.654
"9061","E01009553",2,33.965
"9062","E01009554",6,15.266
"9063","E01009555",9,7.196
"9064","E01009556",6,16.142
"9065","E01009557",10,3.063
"9066","E01009558",7,12.347
"9067","E01009559",8,10.188
"9068","E01009560",10,2.793
"9069","E01009561",4,22.827
"9070","E01009562",7,12.548
"9071","E01009563",10,2.514
"9072","E01009564",1,48.353
"9073","E01009565",2,41.896
"9074","E01009566",1,49.183
"9075","E01009567",1,66.503
"9076","E01009568",2,38.684
"9077","E01009569",1,57.262
"9078","E01009570",1,46.432
"9079","E01009571",1,67.838
"9080","E01009573",1,55.648
"9081","E01009574",1,69.384
"9082","E01009575",1,48.651
"9083","E01009576",4,24.696
"9084","E01009577",1,54.288
"9085","E01009578",7,11.853
"9086","E01009579",1,56.417
"9087","E01009580",4,25.432
"9088","E01009581",1,46.756
"9089","E01009582",4,23.799
"9090","E01009583",5,21.529
"9091","E01009584",3,28.231
"9092","E01009585",1,47.593
"9093","E01009586",5,21.09
"9094","E01009587",3,32.623
"9095","E01009588",1,45.727
"9096","E01009589",3,28.512
"9097","E01009590",4,22.545
"9098","E01009591",4,22.407
"9099","E01009592",2,37.386
"9100","E01009593",4,24.376
"9101","E01009594",6,15.784
"9102","E01009596",2,36.166
"9103","E01009597",3,29.031
"9104","E01009598",6,15.052
"9105","E01009599",2,40.628
"9106","E01009604",3,27.696
"9107","E01009605",1,60.837
"9108","E01009606",4,22.599
"9109","E01009607",1,76.669
"9110","E01009608",2,37.121
"9111","E01009609",2,35.232
"9112","E01009610",2,41.951
"9113","E01009612",1,55.821
"9114","E01009613",6,14.283
"9115","E01009614",6,16.441
"9116","E01009615",4,24.452
"9117","E01009616",4,22.201
"9118","E01009617",5,20.408
"9119","E01009618",8,10.681
"9120","E01009620",5,17.615
"9121","E01009621",3,30.648
"9122","E01009622",2,41.96
"9123","E01009623",2,37.915
"9124","E01009624",3,28.781
"9125","E01009625",4,24.034
"9126","E01009626",3,27.826
"9127","E01009627",2,36.597
"9128","E01009628",4,23.087
"9129","E01009630",2,36.623
"9130","E01009631",1,46.265
"9131","E01009632",1,50.6
"9132","E01009633",2,34.029
"9133","E01009634",4,21.94
"9134","E01009636",2,39.509
"9135","E01009637",1,46.112
"9136","E01009638",1,70.705
"9137","E01009639",2,42.026
"9138","E01009640",1,59.537
"9139","E01009641",3,30.605
"9140","E01009643",8,10.957
"9141","E01009644",7,11.546
"9142","E01009645",6,15.395
"9143","E01009646",7,13.147
"9144","E01009647",5,19.302
"9145","E01009648",8,10.152
"9146","E01009649",6,14.541
"9147","E01009650",2,39.408
"9148","E01009651",1,57.356
"9149","E01009652",8,9.133
"9150","E01009653",8,10.049
"9151","E01009654",5,19.628
"9152","E01009655",3,33.119
"9153","E01009656",2,40.724
"9154","E01009657",6,15.739
"9155","E01009658",4,22.135
"9156","E01009659",1,56.271
"9157","E01009660",3,28.508
"9158","E01009661",1,46.872
"9159","E01009662",2,35.621
"9160","E01009663",5,19.168
"9161","E01009664",3,29.371
"9162","E01009665",10,5.343
"9163","E01009666",9,6.211
"9164","E01009667",10,4.747
"9165","E01009668",8,9.834
"9166","E01009669",9,6.64
"9167","E01009670",9,5.537
"9168","E01009671",10,2.867
"9169","E01009672",10,3.34
"9170","E01009674",3,30.014
"9171","E01009676",6,16.838
"9172","E01009679",4,25.266
"9173","E01009681",7,13.499
"9174","E01009682",7,11.709
"9175","E01009683",5,20.449
"9176","E01009684",2,43.351
"9177","E01009685",7,13.145
"9178","E01009686",8,9.294
"9179","E01009687",8,11.051
"9180","E01009688",3,28.66
"9181","E01009689",3,27.194
"9182","E01009690",4,23.018
"9183","E01009691",4,25.481
"9184","E01009692",9,6.965
"9185","E01009693",7,11.533
"9186","E01009694",9,7.308
"9187","E01009695",9,8.207
"9188","E01009696",9,6.624
"9189","E01009697",9,5.77
"9190","E01009698",9,6.087
"9191","E01009699",6,15.57
"9192","E01009700",1,57.108
"9193","E01009701",2,33.8
"9194","E01009702",1,54.121
"9195","E01009704",10,5.457
"9196","E01009705",10,4.446
"9197","E01009706",7,11.389
"9198","E01009707",9,8.269
"9199","E01009708",7,13.881
"9200","E01009709",1,72.119
"9201","E01009710",6,17.291
"9202","E01009711",5,19.294
"9203","E01009712",6,14.805
"9204","E01009713",5,21.079
"9205","E01009714",5,19.018
"9206","E01009715",5,21.346
"9207","E01009716",5,18.132
"9208","E01009717",7,13.288
"9209","E01009718",1,47.788
"9210","E01009719",5,17.639
"9211","E01009720",10,3.522
"9212","E01009721",6,16.343
"9213","E01009722",8,10.406
"9214","E01009723",10,3.993
"9215","E01009724",10,3.941
"9216","E01009725",2,39.859
"9217","E01009726",7,11.213
"9218","E01009727",9,5.935
"9219","E01009728",9,7.357
"9220","E01009729",5,19.543
"9221","E01009730",9,5.586
"9222","E01009731",7,13.01
"9223","E01009732",4,25.323
"9224","E01009733",1,55.908
"9225","E01009734",4,24.913
"9226","E01009735",9,5.632
"9227","E01009736",9,7.248
"9228","E01009737",7,11.761
"9229","E01009738",4,21.94
"9230","E01009739",5,19.684
"9231","E01009740",3,28.94
"9232","E01009741",1,53.068
"9233","E01009742",3,32.315
"9234","E01009743",2,41.82
"9235","E01009744",2,38.594
"9236","E01009745",7,14.11
"9237","E01009746",2,43.282
"9238","E01009747",2,34.202
"9239","E01009748",1,46.083
"9240","E01009749",7,12.104
"9241","E01009750",4,24.999
"9242","E01009751",2,34.039
"9243","E01009752",2,44.887
"9244","E01009753",1,48.421
"9245","E01009754",2,37.84
"9246","E01009756",1,47.603
"9247","E01009757",3,28.589
"9248","E01009758",2,37.219
"9249","E01009759",7,14.108
"9250","E01009760",4,24.062
"9251","E01009762",1,56.887
"9252","E01009763",2,37.125
"9253","E01009764",6,15.448
"9254","E01009765",5,18.375
"9255","E01009766",4,25.446
"9256","E01009767",4,22.293
"9257","E01009768",2,33.753
"9258","E01009769",1,49.129
"9259","E01009770",3,29.626
"9260","E01009771",8,9.605
"9261","E01009772",2,34.666
"9262","E01009773",3,28.943
"9263","E01009774",6,15.643
"9264","E01009775",3,30.505
"9265","E01009776",6,14.949
"9266","E01009777",3,27.551
"9267","E01009778",6,15.011
"9268","E01009779",4,23.097
"9269","E01009780",9,5.77
"9270","E01009781",4,26.139
"9271","E01009782",3,31.727
"9272","E01009783",3,28.99
"9273","E01009784",9,5.679
"9274","E01009785",8,9.386
"9275","E01009786",1,51.215
"9276","E01009787",9,6.53
"9277","E01009788",2,35.186
"9278","E01009789",8,10.583
"9279","E01009790",2,36.325
"9280","E01009791",5,18.001
"9281","E01009792",3,28.661
"9282","E01009793",8,9.089
"9283","E01009794",9,7.96
"9284","E01009795",2,34.702
"9285","E01009796",6,15.301
"9286","E01009797",5,18.912
"9287","E01009798",5,17.832
"9288","E01009799",9,6.665
"9289","E01009800",9,8.211
"9290","E01009801",8,9.439
"9291","E01009802",6,14.839
"9292","E01009803",10,2.223
"9293","E01009804",9,6.097
"9294","E01009805",8,10.258
"9295","E01009806",8,10.812
"9296","E01009807",10,3.431
"9297","E01009808",10,3.447
"9298","E01009809",2,35.144
"9299","E01009810",7,11.899
"9300","E01009811",8,10.912
"9301","E01009812",10,4.769
"9302","E01009813",3,27.221
"9303","E01009814",10,4.048
"9304","E01009815",10,2.321
"9305","E01009816",9,8.028
"9306","E01009817",10,4.106
"9307","E01009818",6,17.284
"9308","E01009819",8,11.123
"9309","E01009820",7,12.368
"9310","E01009821",10,3.934
"9311","E01009822",7,12.443
"9312","E01009823",9,6.039
"9313","E01009824",4,21.807
"9314","E01009825",5,20.256
"9315","E01009826",10,4.649
"9316","E01009827",10,2.929
"9317","E01009828",5,17.643
"9318","E01009829",9,5.731
"9319","E01009830",10,5.231
"9320","E01009831",2,35.394
"9321","E01009832",2,38.669
"9322","E01009833",1,45.789
"9323","E01009834",3,31.854
"9324","E01009835",3,30.754
"9325","E01009836",1,59.91
"9326","E01009837",2,34.789
"9327","E01009838",3,30.116
"9328","E01009839",2,35.23
"9329","E01009840",1,50.507
"9330","E01009841",1,56.578
"9331","E01009842",1,48.284
"9332","E01009843",5,21.309
"9333","E01009844",1,47.929
"9334","E01009845",10,1.76
"9335","E01009846",8,10.049
"9336","E01009847",7,12.615
"9337","E01009848",6,15.565
"9338","E01009849",4,24.835
"9339","E01009850",8,8.431
"9340","E01009851",10,4.721
"9341","E01009852",10,3.005
"9342","E01009853",10,3.654
"9343","E01009854",10,4.081
"9344","E01009855",10,3.715
"9345","E01009856",4,26.231
"9346","E01009857",3,31.403
"9347","E01009858",8,10.203
"9348","E01009859",10,2.535
"9349","E01009860",9,7.453
"9350","E01009861",4,23.68
"9351","E01009862",4,24.808
"9352","E01009863",5,21.109
"9353","E01009864",4,25.878
"9354","E01009865",2,37.185
"9355","E01009866",4,23.575
"9356","E01009867",5,18.033
"9357","E01009868",4,25.367
"9358","E01009869",6,16.084
"9359","E01009870",6,14.193
"9360","E01009871",3,27.251
"9361","E01009872",2,35
"9362","E01009873",4,21.977
"9363","E01009874",2,38.407
"9364","E01009875",3,30.27
"9365","E01009876",3,29.962
"9366","E01009877",1,45.186
"9367","E01009878",6,14.281
"9368","E01009879",4,24.442
"9369","E01009880",7,13.63
"9370","E01009882",5,18.521
"9371","E01009883",2,35.77
"9372","E01009884",3,33.394
"9373","E01009885",2,39.537
"9374","E01009886",1,53.241
"9375","E01009887",2,37.238
"9376","E01009888",4,22.3
"9377","E01009889",2,44.405
"9378","E01009890",2,38.701
"9379","E01009891",2,39.82
"9380","E01009892",1,58.626
"9381","E01009893",1,54.419
"9382","E01009894",3,28.789
"9383","E01009895",5,20.621
"9384","E01009896",8,9.125
"9385","E01009897",10,3.213
"9386","E01009898",8,10.593
"9387","E01009899",9,6.178
"9388","E01009900",10,4.095
"9389","E01009901",9,7.353
"9390","E01009902",9,6.504
"9391","E01009903",10,4.122
"9392","E01009904",9,6.861
"9393","E01009905",7,13.581
"9394","E01009906",2,34.699
"9395","E01009907",6,15.684
"9396","E01009908",9,7.889
"9397","E01009909",7,13.948
"9398","E01009910",3,31.64
"9399","E01009911",8,8.779
"9400","E01009912",9,6.052
"9401","E01009913",4,21.742
"9402","E01009914",9,5.966
"9403","E01009915",7,11.807
"9404","E01009916",5,20.576
"9405","E01009917",9,7.466
"9406","E01009918",2,33.835
"9407","E01009919",9,7.55
"9408","E01009920",9,7.76
"9409","E01009921",3,30.751
"9410","E01009922",4,25.83
"9411","E01009923",6,14.932
"9412","E01009924",7,14.097
"9413","E01009925",8,10.688
"9414","E01009926",4,22.15
"9415","E01009927",3,29.521
"9416","E01009928",2,36.922
"9417","E01009929",2,37.47
"9418","E01009930",3,33.207
"9419","E01009931",7,13.844
"9420","E01009932",1,47.048
"9421","E01009933",2,35.495
"9422","E01009934",2,42.675
"9423","E01009935",2,41.692
"9424","E01009936",6,15.218
"9425","E01009937",2,35.061
"9426","E01009938",3,28.55
"9427","E01009939",5,20.845
"9428","E01009940",2,34.491
"9429","E01009941",4,26.373
"9430","E01009942",2,33.531
"9431","E01009943",2,40.989
"9432","E01009944",2,35.343
"9433","E01009946",5,20.311
"9434","E01009947",3,27.008
"9435","E01009948",7,13.665
"9436","E01009949",7,11.572
"9437","E01009950",4,25.421
"9438","E01009951",1,50.455
"9439","E01009952",1,47.577
"9440","E01009953",2,39.822
"9441","E01009954",3,30.458
"9442","E01009955",2,39.775
"9443","E01009956",3,31.358
"9444","E01009957",1,48.555
"9445","E01009958",8,8.864
"9446","E01009959",9,5.685
"9447","E01009960",2,41.504
"9448","E01009961",7,13.748
"9449","E01009962",1,47.589
"9450","E01009963",1,52.534
"9451","E01009964",1,57.697
"9452","E01009965",1,56.6
"9453","E01009966",2,43.195
"9454","E01009967",4,25.713
"9455","E01009968",6,14.158
"9456","E01009969",2,34.057
"9457","E01009970",4,26.311
"9458","E01009971",2,38.854
"9459","E01009972",7,12.784
"9460","E01009973",5,20.739
"9461","E01009974",6,15.911
"9462","E01009975",7,11.667
"9463","E01009976",6,15.118
"9464","E01009977",3,28.96
"9465","E01009978",2,36.568
"9466","E01009979",1,56.516
"9467","E01009980",2,36.734
"9468","E01009981",2,40.461
"9469","E01009982",2,40.607
"9470","E01009983",2,41.624
"9471","E01009985",2,44.837
"9472","E01009986",2,37.847
"9473","E01009987",1,64.654
"9474","E01009988",3,32.851
"9475","E01009989",2,34.983
"9476","E01009991",2,33.586
"9477","E01009992",3,33.419
"9478","E01009993",1,46.791
"9479","E01009994",2,36.627
"9480","E01009995",3,31.196
"9481","E01009996",2,44.145
"9482","E01009997",2,39.257
"9483","E01009998",2,36.197
"9484","E01009999",3,30.202
"9485","E01010000",4,22.005
"9486","E01010001",2,37.224
"9487","E01010002",5,20.853
"9488","E01010003",1,45.34
"9489","E01010004",2,34.623
"9490","E01010005",3,28.609
"9491","E01010006",5,20.179
"9492","E01010007",4,24.245
"9493","E01010008",5,19.129
"9494","E01010009",4,26.361
"9495","E01010010",2,42.724
"9496","E01010011",6,16.032
"9497","E01010012",7,13.444
"9498","E01010013",7,13.848
"9499","E01010014",5,18.771
"9500","E01010015",5,19.597
"9501","E01010016",2,36.012
"9502","E01010017",1,48.766
"9503","E01010018",3,26.783
"9504","E01010019",1,46.293
"9505","E01010020",3,30.473
"9506","E01010021",2,37.913
"9507","E01010022",7,13.722
"9508","E01010023",6,16.383
"9509","E01010024",8,10.196
"9510","E01010025",2,33.962
"9511","E01010026",5,20.045
"9512","E01010027",6,15.238
"9513","E01010028",2,34.124
"9514","E01010029",1,65.049
"9515","E01010030",1,59.062
"9516","E01010031",1,60.618
"9517","E01010032",1,73.014
"9518","E01010033",1,56.788
"9519","E01010034",8,10.762
"9520","E01010035",7,13.987
"9521","E01010036",2,35.875
"9522","E01010037",1,46.227
"9523","E01010038",2,33.877
"9524","E01010039",3,33.166
"9525","E01010040",4,25.282
"9526","E01010041",2,44.261
"9527","E01010042",3,29.9
"9528","E01010043",6,14.349
"9529","E01010044",3,26.77
"9530","E01010045",2,36.825
"9531","E01010046",2,37.545
"9532","E01010047",2,39.968
"9533","E01010048",2,35.385
"9534","E01010049",2,41.46
"9535","E01010050",3,27.384
"9536","E01010051",2,36.165
"9537","E01010052",1,49.126
"9538","E01010053",1,47.71
"9539","E01010054",1,54.547
"9540","E01010055",2,35.683
"9541","E01010056",2,35.483
"9542","E01010057",2,40.062
"9543","E01010058",2,39.97
"9544","E01010059",2,40.856
"9545","E01010060",1,50.275
"9546","E01010061",1,48.858
"9547","E01010062",2,38.815
"9548","E01010064",2,34.914
"9549","E01010066",1,46.248
"9550","E01010067",1,51.829
"9551","E01010068",3,32.653
"9552","E01010069",6,17.204
"9553","E01010070",3,29.368
"9554","E01010071",2,40.03
"9555","E01010072",2,33.663
"9556","E01010073",3,28.407
"9557","E01010075",4,21.936
"9558","E01010076",2,38.942
"9559","E01010077",2,41.217
"9560","E01010078",8,9.971
"9561","E01010079",7,13.371
"9562","E01010080",2,44.475
"9563","E01010081",6,14.96
"9564","E01010082",6,16.508
"9565","E01010083",3,29.406
"9566","E01010084",2,42.753
"9567","E01010085",3,32.599
"9568","E01010086",2,41.71
"9569","E01010087",3,31.463
"9570","E01010088",2,35.69
"9571","E01010089",2,35.585
"9572","E01010090",2,42.035
"9573","E01010091",2,33.603
"9574","E01010092",2,38.36
"9575","E01010093",2,34.187
"9576","E01010094",2,35.832
"9577","E01010095",2,34.662
"9578","E01010096",2,35.377
"9579","E01010097",3,27.015
"9580","E01010098",2,40.176
"9581","E01010099",3,28.003
"9582","E01010100",4,22.268
"9583","E01010101",2,44.171
"9584","E01010102",2,44.006
"9585","E01010103",2,43.853
"9586","E01010104",3,32.294
"9587","E01010105",4,23.211
"9588","E01010106",1,46.067
"9589","E01010107",1,48.879
"9590","E01010108",9,7.105
"9591","E01010109",5,18.434
"9592","E01010110",6,15.229
"9593","E01010111",1,52.214
"9594","E01010112",4,25.931
"9595","E01010113",3,29.552
"9596","E01010114",6,15.771
"9597","E01010115",6,17.37
"9598","E01010116",10,3.381
"9599","E01010117",8,9.52
"9600","E01010118",5,19.82
"9601","E01010119",8,9.798
"9602","E01010120",3,32.295
"9603","E01010121",7,12.727
"9604","E01010122",8,10.171
"9605","E01010123",6,14.209
"9606","E01010124",8,10.684
"9607","E01010125",1,56.457
"9608","E01010126",1,58.587
"9609","E01010127",2,34.666
"9610","E01010128",1,46.721
"9611","E01010129",1,53.192
"9612","E01010130",1,57.181
"9613","E01010131",1,48.435
"9614","E01010132",6,15.118
"9615","E01010133",6,14.257
"9616","E01010134",8,9.058
"9617","E01010135",6,14.81
"9618","E01010136",9,8.191
"9619","E01010137",3,31.56
"9620","E01010138",8,10.943
"9621","E01010139",3,31.57
"9622","E01010140",1,54.174
"9623","E01010141",1,55.675
"9624","E01010142",1,58.483
"9625","E01010143",1,49.721
"9626","E01010144",3,27.558
"9627","E01010145",4,23.356
"9628","E01010146",2,39.456
"9629","E01010147",1,52.329
"9630","E01010148",1,53.108
"9631","E01010149",4,21.556
"9632","E01010150",10,1.301
"9633","E01010151",8,9.593
"9634","E01010152",10,1.062
"9635","E01010153",10,4.947
"9636","E01010154",10,4.332
"9637","E01010155",10,3.064
"9638","E01010156",10,1.173
"9639","E01010157",7,11.203
"9640","E01010158",2,35.911
"9641","E01010159",5,19.423
"9642","E01010160",5,19.91
"9643","E01010161",8,8.847
"9644","E01010162",7,11.617
"9645","E01010163",7,12.023
"9646","E01010164",7,13.331
"9647","E01010165",5,20.268
"9648","E01010166",9,6.522
"9649","E01010167",6,16.437
"9650","E01010168",9,8.238
"9651","E01010169",10,4.012
"9652","E01010170",10,2.511
"9653","E01010171",9,7.752
"9654","E01010172",10,3.592
"9655","E01010173",10,1.819
"9656","E01010174",7,12.972
"9657","E01010175",10,5.138
"9658","E01010176",10,2.602
"9659","E01010177",6,15.312
"9660","E01010178",3,32.569
"9661","E01010179",8,10.471
"9662","E01010180",8,8.904
"9663","E01010181",9,7.533
"9664","E01010183",7,12.217
"9665","E01010184",6,15.069
"9666","E01010185",10,1.529
"9667","E01010186",10,2.827
"9668","E01010187",10,2.16
"9669","E01010188",10,2.791
"9670","E01010189",10,5.01
"9671","E01010190",10,2.245
"9672","E01010191",10,3.968
"9673","E01010192",9,7.752
"9674","E01010193",10,0.972
"9675","E01010194",10,1.696
"9676","E01010195",10,2.145
"9677","E01010196",10,2.013
"9678","E01010197",10,0.923
"9679","E01010198",9,6.124
"9680","E01010199",10,3.049
"9681","E01010200",6,17.372
"9682","E01010201",9,6.35
"9683","E01010202",10,2.836
"9684","E01010203",8,10.726
"9685","E01010204",2,36.43
"9686","E01010205",10,2.275
"9687","E01010206",10,4.952
"9688","E01010207",10,3.52
"9689","E01010208",9,7.041
"9690","E01010209",7,11.732
"9691","E01010210",10,2.81
"9692","E01010211",4,22.81
"9693","E01010212",10,2.635
"9694","E01010213",4,24.49
"9695","E01010214",10,3.348
"9696","E01010215",10,4.713
"9697","E01010216",10,4.849
"9698","E01010217",10,3.517
"9699","E01010218",3,27.773
"9700","E01010219",7,12.264
"9701","E01010220",9,5.515
"9702","E01010221",7,12.322
"9703","E01010222",7,12.706
"9704","E01010223",6,16.245
"9705","E01010225",9,5.955
"9706","E01010226",9,8.115
"9707","E01010227",10,3.66
"9708","E01010228",7,14.041
"9709","E01010229",10,3.334
"9710","E01010230",6,15.922
"9711","E01010231",10,3.147
"9712","E01010232",5,18.811
"9713","E01010233",6,15.754
"9714","E01010234",1,52.918
"9715","E01010235",1,52.508
"9716","E01010236",1,50.673
"9717","E01010237",3,30.446
"9718","E01010238",1,50.286
"9719","E01010239",2,42.471
"9720","E01010240",1,46.191
"9721","E01010241",8,9.225
"9722","E01010242",3,31.761
"9723","E01010243",8,10.945
"9724","E01010244",2,35.353
"9725","E01010245",9,6.465
"9726","E01010246",8,9.065
"9727","E01010247",7,12.515
"9728","E01010248",10,3.71
"9729","E01010249",3,29.338
"9730","E01010250",4,21.722
"9731","E01010251",9,7.436
"9732","E01010252",4,23.42
"9733","E01010253",3,31.291
"9734","E01010254",3,28.995
"9735","E01010255",9,7.451
"9736","E01010256",6,14.744
"9737","E01010257",9,5.839
"9738","E01010258",2,42.337
"9739","E01010259",4,24.793
"9740","E01010260",2,37.979
"9741","E01010261",2,41.996
"9742","E01010262",3,30.102
"9743","E01010263",1,45.928
"9744","E01010264",2,43.239
"9745","E01010265",1,47.052
"9746","E01010266",2,42.995
"9747","E01010267",5,18.302
"9748","E01010268",1,55.338
"9749","E01010269",1,52.144
"9750","E01010270",2,38.99
"9751","E01010271",1,46.747
"9752","E01010272",1,70.395
"9753","E01010273",1,56.627
"9754","E01010274",1,56.959
"9755","E01010275",1,51.358
"9756","E01010277",2,39.692
"9757","E01010279",2,36.669
"9758","E01010282",1,52.65
"9759","E01010283",1,54.344
"9760","E01010284",2,42.782
"9761","E01010285",5,20.225
"9762","E01010286",1,52.556
"9763","E01010287",2,33.641
"9764","E01010288",1,49.937
"9765","E01010289",1,61.243
"9766","E01010290",2,34.66
"9767","E01010291",1,45.719
"9768","E01010292",1,47.516
"9769","E01010293",2,38.642
"9770","E01010294",1,56.465
"9771","E01010295",1,47.679
"9772","E01010296",9,7.307
"9773","E01010297",10,4.312
"9774","E01010298",3,26.688
"9775","E01010299",2,44.751
"9776","E01010300",1,48.964
"9777","E01010301",2,42.866
"9778","E01010302",2,38.846
"9779","E01010303",4,23.755
"9780","E01010304",5,19.654
"9781","E01010305",2,37.561
"9782","E01010306",5,19.222
"9783","E01010307",8,9.631
"9784","E01010308",1,45.856
"9785","E01010309",2,42.496
"9786","E01010310",3,29.44
"9787","E01010311",2,35.301
"9788","E01010312",2,43.38
"9789","E01010313",2,34.562
"9790","E01010314",1,51.386
"9791","E01010315",3,31.759
"9792","E01010316",1,58.169
"9793","E01010317",10,5.132
"9794","E01010318",1,48.038
"9795","E01010319",9,7.467
"9796","E01010320",2,34.155
"9797","E01010321",3,32.888
"9798","E01010322",4,24.18
"9799","E01010323",4,25.075
"9800","E01010324",4,25.281
"9801","E01010325",4,22.561
"9802","E01010326",6,14.693
"9803","E01010327",2,40.102
"9804","E01010328",9,6.559
"9805","E01010329",8,8.479
"9806","E01010330",3,30.213
"9807","E01010331",10,5.301
"9808","E01010332",8,8.505
"9809","E01010333",8,10.61
"9810","E01010334",10,4.284
"9811","E01010335",1,47.025
"9812","E01010336",2,37.166
"9813","E01010337",4,24.681
"9814","E01010338",2,34.246
"9815","E01010339",5,19.349
"9816","E01010340",1,53.598
"9817","E01010341",1,46.066
"9818","E01010342",1,57.542
"9819","E01010343",1,53.169
"9820","E01010344",1,50.666
"9821","E01010345",7,11.671
"9822","E01010346",9,6.169
"9823","E01010347",2,38.154
"9824","E01010348",5,19.853
"9825","E01010349",3,27.127
"9826","E01010350",6,15.102
"9827","E01010351",6,16.11
"9828","E01010352",9,8.176
"9829","E01010353",4,23.876
"9830","E01010354",4,23.196
"9831","E01010355",7,11.76
"9832","E01010356",8,10.871
"9833","E01010357",9,6.975
"9834","E01010358",6,15.607
"9835","E01010359",6,15.382
"9836","E01010360",7,13.433
"9837","E01010361",3,27.534
"9838","E01010362",1,48.249
"9839","E01010363",2,39.714
"9840","E01010364",1,50.75
"9841","E01010365",1,51.575
"9842","E01010366",1,54.248
"9843","E01010367",2,44.836
"9844","E01010368",1,63.293
"9845","E01010369",1,53.217
"9846","E01010370",1,56.805
"9847","E01010372",2,43.399
"9848","E01010373",7,11.62
"9849","E01010374",2,37.302
"9850","E01010375",1,46.981
"9851","E01010376",6,14.282
"9852","E01010377",5,20.299
"9853","E01010378",6,17.204
"9854","E01010379",7,12.242
"9855","E01010380",6,14.296
"9856","E01010381",2,39.666
"9857","E01010382",3,29.403
"9858","E01010383",2,41.847
"9859","E01010384",10,3.988
"9860","E01010385",10,3.586
"9861","E01010386",10,3.919
"9862","E01010387",10,3.402
"9863","E01010388",10,4.255
"9864","E01010389",8,8.6
"9865","E01010390",10,4.596
"9866","E01010391",10,5.074
"9867","E01010392",9,6.318
"9868","E01010393",6,17.307
"9869","E01010394",6,14.598
"9870","E01010395",8,9.004
"9871","E01010396",4,25.605
"9872","E01010397",2,40.625
"9873","E01010398",10,4.469
"9874","E01010399",5,17.687
"9875","E01010400",1,52.969
"9876","E01010401",2,37.382
"9877","E01010402",4,22.822
"9878","E01010403",2,37.682
"9879","E01010404",2,44.139
"9880","E01010405",3,29.43
"9881","E01010406",2,42.255
"9882","E01010407",3,31.63
"9883","E01010408",2,41.878
"9884","E01010409",2,37.642
"9885","E01010410",2,37.038
"9886","E01010411",3,26.981
"9887","E01010412",2,38.344
"9888","E01010413",1,46.783
"9889","E01010414",1,57.72
"9890","E01010415",2,40.679
"9891","E01010416",1,54.881
"9892","E01010417",2,43.642
"9893","E01010418",7,13.77
"9894","E01010419",3,33.395
"9895","E01010420",2,36.867
"9896","E01010421",1,50.313
"9897","E01010422",3,29.02
"9898","E01010423",1,51.788
"9899","E01010424",5,19.476
"9900","E01010425",3,32.603
"9901","E01010426",3,28.478
"9902","E01010427",3,29.216
"9903","E01010428",1,45.665
"9904","E01010429",2,38.4
"9905","E01010430",2,42.473
"9906","E01010431",6,15.553
"9907","E01010432",5,18.727
"9908","E01010433",2,41.724
"9909","E01010434",3,27.106
"9910","E01010436",8,10.612
"9911","E01010437",9,6.644
"9912","E01010438",5,18.989
"9913","E01010439",3,32.961
"9914","E01010440",2,41.524
"9915","E01010441",2,41.504
"9916","E01010442",2,43.431
"9917","E01010443",1,51.949
"9918","E01010444",3,29.816
"9919","E01010445",1,50.734
"9920","E01010446",2,37.607
"9921","E01010447",2,41.926
"9922","E01010448",1,45.05
"9923","E01010449",2,37.877
"9924","E01010450",2,38.471
"9925","E01010451",4,25.925
"9926","E01010452",2,41.966
"9927","E01010454",2,38.739
"9928","E01010455",2,39.963
"9929","E01010456",1,70.849
"9930","E01010457",4,22.844
"9931","E01010458",2,35.592
"9932","E01010459",4,22.167
"9933","E01010460",5,19.007
"9934","E01010461",8,10.755
"9935","E01010462",1,50.506
"9936","E01010463",1,45.637
"9937","E01010464",1,55.022
"9938","E01010465",2,44.076
"9939","E01010466",1,61.347
"9940","E01010467",3,28.988
"9941","E01010468",4,21.827
"9942","E01010469",7,14.139
"9943","E01010470",2,44.652
"9944","E01010471",1,55.086
"9945","E01010472",2,43.61
"9946","E01010473",1,71.914
"9947","E01010474",3,32.741
"9948","E01010475",6,16.876
"9949","E01010476",1,45.608
"9950","E01010477",2,36.013
"9951","E01010478",1,59.904
"9952","E01010479",2,36.631
"9953","E01010480",3,27.166
"9954","E01010481",1,49.633
"9955","E01010482",2,44.208
"9956","E01010483",1,54.788
"9957","E01010484",1,54.353
"9958","E01010485",1,47.642
"9959","E01010486",1,57.8
"9960","E01010487",8,9.744
"9961","E01010488",5,21.071
"9962","E01010489",4,23.837
"9963","E01010490",1,49.273
"9964","E01010491",4,26.243
"9965","E01010492",8,9.085
"9966","E01010493",7,12.456
"9967","E01010494",10,5.328
"9968","E01010495",3,29.543
"9969","E01010496",2,36.95
"9970","E01010497",9,8.075
"9971","E01010498",6,14.788
"9972","E01010499",4,23.705
"9973","E01010500",2,41.212
"9974","E01010501",3,31.905
"9975","E01010502",7,12.485
"9976","E01010503",2,39.013
"9977","E01010504",8,9.368
"9978","E01010505",8,10.506
"9979","E01010506",2,44.668
"9980","E01010507",8,8.665
"9981","E01010508",1,48.979
"9982","E01010509",3,29.404
"9983","E01010510",3,28.639
"9984","E01010511",1,45.127
"9985","E01010512",3,31.96
"9986","E01010513",7,13.814
"9987","E01010514",9,7.703
"9988","E01010515",8,8.592
"9989","E01010516",8,8.931
"9990","E01010517",5,19.341
"9991","E01010518",7,13.891
"9992","E01010519",5,17.493
"9993","E01010520",8,9.669
"9994","E01010522",1,46.103
"9995","E01010523",2,34.991
"9996","E01010524",1,45.612
"9997","E01010525",2,37.778
"9998","E01010526",1,61.841
"9999","E01010527",1,58.069
"10000","E01010528",2,44.497
"10001","E01010529",1,55.479
"10002","E01010530",1,51.719
"10003","E01010531",2,36.859
"10004","E01010532",2,38.095
"10005","E01010533",2,34.981
"10006","E01010534",6,16.619
"10007","E01010535",2,41.557
"10008","E01010536",7,12.772
"10009","E01010537",7,11.644
"10010","E01010538",3,29.12
"10011","E01010539",5,20.646
"10012","E01010540",8,8.546
"10013","E01010541",1,49.809
"10014","E01010542",6,16.785
"10015","E01010543",1,49.672
"10016","E01010544",8,10.622
"10017","E01010545",7,13.764
"10018","E01010546",10,5.206
"10019","E01010547",7,12.646
"10020","E01010548",4,21.889
"10021","E01010549",6,14.868
"10022","E01010550",10,3.915
"10023","E01010551",7,11.888
"10024","E01010552",6,17.087
"10025","E01010553",8,10.55
"10026","E01010554",5,20.745
"10027","E01010555",1,48.289
"10028","E01010556",4,25.135
"10029","E01010557",7,13.619
"10030","E01010558",5,18.21
"10031","E01010559",2,34.701
"10032","E01010560",3,32.123
"10033","E01010561",8,10.867
"10034","E01010562",2,38.3
"10035","E01010563",2,42.396
"10036","E01010564",3,30.521
"10037","E01010565",7,11.613
"10038","E01010566",3,26.606
"10039","E01010567",3,33.133
"10040","E01010568",7,12.374
"10041","E01010569",3,31.239
"10042","E01010570",10,3.373
"10043","E01010571",3,32.458
"10044","E01010572",9,7.49
"10045","E01010573",8,10.099
"10046","E01010574",9,5.573
"10047","E01010575",8,10.465
"10048","E01010576",9,5.639
"10049","E01010577",9,5.604
"10050","E01010578",6,15.055
"10051","E01010579",10,2.98
"10052","E01010580",10,3.085
"10053","E01010581",7,12.041
"10054","E01010582",6,17.273
"10055","E01010583",2,35.005
"10056","E01010584",3,29.055
"10057","E01010585",6,17.028
"10058","E01010586",9,5.59
"10059","E01010587",7,11.917
"10060","E01010588",7,13.135
"10061","E01010589",9,7.47
"10062","E01010590",7,13.243
"10063","E01010591",3,28.795
"10064","E01010592",5,18.46
"10065","E01010593",6,17.389
"10066","E01010594",4,23.67
"10067","E01010595",3,33.437
"10068","E01010596",7,11.343
"10069","E01010597",3,28.417
"10070","E01010598",4,24.731
"10071","E01010599",2,37.674
"10072","E01010600",3,31.285
"10073","E01010601",3,29.809
"10074","E01010602",3,27.843
"10075","E01010603",5,20.769
"10076","E01010604",7,13.376
"10077","E01010605",1,47.49
"10078","E01010606",1,72.641
"10079","E01010607",1,58.202
"10080","E01010608",1,69.399
"10081","E01010609",1,53.792
"10082","E01010610",1,66.342
"10083","E01010611",1,53.478
"10084","E01010612",1,80.94
"10085","E01010613",1,60.41
"10086","E01010614",1,48.532
"10087","E01010615",2,43.302
"10088","E01010616",1,47.1
"10089","E01010617",1,75.916
"10090","E01010618",1,62.781
"10091","E01010619",2,44.12
"10092","E01010620",1,66.899
"10093","E01010621",1,52.395
"10094","E01010622",1,62.699
"10095","E01010623",1,58.658
"10096","E01010624",1,65.792
"10097","E01010625",1,57.131
"10098","E01010626",1,50.912
"10099","E01010627",1,52.468
"10100","E01010628",2,40.613
"10101","E01010629",3,28.658
"10102","E01010630",2,35.189
"10103","E01010631",1,55.478
"10104","E01010632",1,61.805
"10105","E01010633",4,21.875
"10106","E01010634",6,14.267
"10107","E01010635",1,72.632
"10108","E01010636",5,19.1
"10109","E01010637",4,23.337
"10110","E01010638",7,12.139
"10111","E01010639",7,11.729
"10112","E01010640",4,22.326
"10113","E01010641",7,12.471
"10114","E01010642",9,6.524
"10115","E01010643",6,15.509
"10116","E01010644",8,10.594
"10117","E01010645",9,6.331
"10118","E01010646",9,7.465
"10119","E01010647",7,11.913
"10120","E01010648",10,4.399
"10121","E01010649",2,34.801
"10122","E01010650",1,60.837
"10123","E01010651",5,19.261
"10124","E01010652",3,26.838
"10125","E01010653",1,56.814
"10126","E01010654",1,60.523
"10127","E01010655",1,58.484
"10128","E01010656",4,22.337
"10129","E01010657",2,34.818
"10130","E01010658",1,53.49
"10131","E01010659",1,70.918
"10132","E01010662",3,31.43
"10133","E01010663",1,78.185
"10134","E01010664",3,28.696
"10135","E01010665",2,36.435
"10136","E01010666",1,81.237
"10137","E01010667",1,58.937
"10138","E01010668",4,23.097
"10139","E01010669",2,34.975
"10140","E01010670",2,33.519
"10141","E01010671",3,28.568
"10142","E01010672",6,14.865
"10143","E01010673",1,53.868
"10144","E01010674",1,57.181
"10145","E01010675",3,29.67
"10146","E01010676",1,57.312
"10147","E01010678",4,24.085
"10148","E01010679",1,60.767
"10149","E01010680",1,58.454
"10150","E01010681",10,5.23
"10151","E01010682",1,45.481
"10152","E01010683",9,5.837
"10153","E01010684",7,12.529
"10154","E01010685",6,14.432
"10155","E01010686",9,6.757
"10156","E01010687",10,4.462
"10157","E01010688",5,18.774
"10158","E01010689",7,12.76
"10159","E01010690",6,15.169
"10160","E01010691",10,1.588
"10161","E01010692",10,5.085
"10162","E01010693",10,1.248
"10163","E01010694",10,3.385
"10164","E01010695",8,10.835
"10165","E01010696",10,2.266
"10166","E01010697",10,2.869
"10167","E01010698",8,10.358
"10168","E01010699",5,17.543
"10169","E01010700",1,54.218
"10170","E01010701",1,62.939
"10171","E01010702",1,52.894
"10172","E01010703",2,35.125
"10173","E01010704",2,33.992
"10174","E01010705",6,15.477
"10175","E01010706",8,9.409
"10176","E01010707",8,9.841
"10177","E01010708",4,23.399
"10178","E01010709",8,10.623
"10179","E01010710",1,82.438
"10180","E01010711",1,67.32
"10181","E01010712",1,62.537
"10182","E01010713",1,52.459
"10183","E01010714",2,36.838
"10184","E01010715",2,36.538
"10185","E01010716",2,44.608
"10186","E01010717",2,39.244
"10187","E01010718",1,62.027
"10188","E01010719",1,47.249
"10189","E01010720",1,61.587
"10190","E01010721",1,50.684
"10191","E01010722",2,42.067
"10192","E01010723",1,65.415
"10193","E01010724",1,46.499
"10194","E01010725",2,37.476
"10195","E01010726",7,12.18
"10196","E01010727",4,23.162
"10197","E01010728",1,47.013
"10198","E01010729",5,21.253
"10199","E01010730",1,74.24
"10200","E01010731",1,61.337
"10201","E01010732",1,54.116
"10202","E01010733",1,65.939
"10203","E01010734",1,70.287
"10204","E01010735",1,70.666
"10205","E01010736",1,70.189
"10206","E01010737",1,74.342
"10207","E01010738",1,54.844
"10208","E01010739",1,72.039
"10209","E01010740",2,44.479
"10210","E01010741",4,25.582
"10211","E01010742",1,62.924
"10212","E01010743",1,72.35
"10213","E01010744",1,52.925
"10214","E01010745",1,57.454
"10215","E01010746",5,19.44
"10216","E01010747",2,36.169
"10217","E01010748",1,51.357
"10218","E01010749",1,46.102
"10219","E01010750",5,20.062
"10220","E01010751",2,33.877
"10221","E01010752",3,28.891
"10222","E01010753",7,11.451
"10223","E01010754",5,20.374
"10224","E01010755",1,51.469
"10225","E01010756",5,19.878
"10226","E01010758",9,7.215
"10227","E01010759",3,32.736
"10228","E01010760",8,8.855
"10229","E01010761",3,32.356
"10230","E01010762",2,34.895
"10231","E01010763",3,29.39
"10232","E01010764",9,5.616
"10233","E01010765",6,17.158
"10234","E01010766",10,3.051
"10235","E01010767",7,11.767
"10236","E01010768",10,3.305
"10237","E01010769",8,11.108
"10238","E01010770",10,3.048
"10239","E01010771",10,2.458
"10240","E01010772",10,1.469
"10241","E01010773",10,5.267
"10242","E01010774",9,6.399
"10243","E01010775",7,12.122
"10244","E01010776",2,36.883
"10245","E01010777",1,58.647
"10246","E01010778",2,33.908
"10247","E01010779",3,32.031
"10248","E01010781",2,33.852
"10249","E01010782",2,42.772
"10250","E01010783",5,18.121
"10251","E01010784",3,28.73
"10252","E01010785",5,17.97
"10253","E01010786",7,11.145
"10254","E01010787",7,13.642
"10255","E01010788",5,20.651
"10256","E01010789",2,37.009
"10257","E01010790",9,7.26
"10258","E01010791",3,30.055
"10259","E01010792",1,49.244
"10260","E01010793",2,38.249
"10261","E01010794",3,29.648
"10262","E01010795",4,23.709
"10263","E01010796",2,38.94
"10264","E01010797",6,15.547
"10265","E01010798",3,30.215
"10266","E01010799",2,37.568
"10267","E01010800",1,69.984
"10268","E01010801",3,31.565
"10269","E01010802",1,44.957
"10270","E01010803",1,64.729
"10271","E01010804",2,39.045
"10272","E01010805",2,35.403
"10273","E01010806",2,40.707
"10274","E01010807",2,43.785
"10275","E01010808",1,53.789
"10276","E01010809",1,58.402
"10277","E01010810",2,37.407
"10278","E01010811",1,60.246
"10279","E01010812",1,72.092
"10280","E01010813",1,70.466
"10281","E01010814",1,50.871
"10282","E01010815",2,38.087
"10283","E01010816",7,13.258
"10284","E01010817",1,46.628
"10285","E01010818",5,17.542
"10286","E01010819",1,80.663
"10287","E01010820",1,74.234
"10288","E01010821",1,71.401
"10289","E01010822",1,70.911
"10290","E01010824",1,62.33
"10291","E01010825",4,26.366
"10292","E01010826",1,65.756
"10293","E01010827",2,35.505
"10294","E01010828",1,54.872
"10295","E01010829",1,54.552
"10296","E01010830",1,57.206
"10297","E01010831",1,52.262
"10298","E01010832",1,45.942
"10299","E01010833",1,62.595
"10300","E01010834",1,54.89
"10301","E01010836",1,46.609
"10302","E01010837",1,50.877
"10303","E01010838",1,53.331
"10304","E01010839",1,66.444
"10305","E01010840",1,64.544
"10306","E01010841",1,55.636
"10307","E01010842",1,64.594
"10308","E01010843",1,68.107
"10309","E01010845",1,56.155
"10310","E01010846",3,32.74
"10311","E01010847",3,27.889
"10312","E01010848",3,27.977
"10313","E01010849",6,17.125
"10314","E01010850",1,68.569
"10315","E01010851",4,24.571
"10316","E01010852",2,34.182
"10317","E01010853",4,23.753
"10318","E01010854",4,24.349
"10319","E01010855",5,20.472
"10320","E01010856",4,24.239
"10321","E01010857",6,17.064
"10322","E01010858",6,16.342
"10323","E01010859",6,14.99
"10324","E01010860",6,14.514
"10325","E01010861",8,10.207
"10326","E01010862",7,14.047
"10327","E01010863",8,9.683
"10328","E01010864",2,40.856
"10329","E01010865",5,20.861
"10330","E01010866",5,21.342
"10331","E01010867",3,31.863
"10332","E01010868",1,54.23
"10333","E01010869",2,33.56
"10334","E01010870",6,16.206
"10335","E01010871",3,31.101
"10336","E01010872",1,48.048
"10337","E01010873",6,16.059
"10338","E01010874",2,44.568
"10339","E01010875",10,5.064
"10340","E01010876",8,9.559
"10341","E01010877",4,26.566
"10342","E01010878",3,28.462
"10343","E01010879",6,15.45
"10344","E01010880",1,52.651
"10345","E01010881",5,18.239
"10346","E01010882",6,15.436
"10347","E01010883",6,16.875
"10348","E01010884",4,23.433
"10349","E01010885",6,16.37
"10350","E01010886",4,23.697
"10351","E01010887",6,16.325
"10352","E01010888",5,19.879
"10353","E01010889",1,52.861
"10354","E01010890",4,26.133
"10355","E01010891",2,36.754
"10356","E01010892",8,9.939
"10357","E01010893",4,23.763
"10358","E01010894",2,43.638
"10359","E01010895",4,25.222
"10360","E01010896",8,8.951
"10361","E01010897",7,12.106
"10362","E01010898",4,25.802
"10363","E01010899",7,13.542
"10364","E01010900",10,4.887
"10365","E01010901",8,8.691
"10366","E01010902",3,28.694
"10367","E01010903",6,15.885
"10368","E01010904",9,6.788
"10369","E01010905",9,6.093
"10370","E01010906",9,5.563
"10371","E01010907",8,10.596
"10372","E01010908",7,12.182
"10373","E01010909",7,13.839
"10374","E01010910",2,36.744
"10375","E01010911",6,14.708
"10376","E01010912",2,37.823
"10377","E01010913",8,9.983
"10378","E01010914",3,32.175
"10379","E01010915",6,17.107
"10380","E01010916",1,46.842
"10381","E01010917",6,14.947
"10382","E01010918",6,15.24
"10383","E01010919",3,31.703
"10384","E01010920",6,15.722
"10385","E01010921",3,30.446
"10386","E01010922",6,17.338
"10387","E01010923",4,24.338
"10388","E01010924",1,72.416
"10389","E01010925",1,52.23
"10390","E01010926",1,75.489
"10391","E01010927",7,12.715
"10392","E01010928",1,51.568
"10393","E01010929",1,45.418
"10394","E01010930",1,46.108
"10395","E01010931",7,12.823
"10396","E01010932",7,12.27
"10397","E01010933",7,11.985
"10398","E01010934",4,22.1
"10399","E01010935",9,8.023
"10400","E01010936",9,8.045
"10401","E01010937",7,11.255
"10402","E01010938",1,65.814
"10403","E01010939",7,12.704
"10404","E01010940",3,32.93
"10405","E01010941",1,50.666
"10406","E01010942",2,40.986
"10407","E01010943",1,60.516
"10408","E01010944",1,58.804
"10409","E01010945",6,14.746
"10410","E01010946",10,2.589
"10411","E01010947",9,5.981
"10412","E01010948",6,15.126
"10413","E01010949",3,29.701
"10414","E01010950",3,32.917
"10415","E01010951",5,19.761
"10416","E01010952",6,15.635
"10417","E01010953",8,9.634
"10418","E01010954",9,7.203
"10419","E01010955",6,15.09
"10420","E01010956",5,18.906
"10421","E01010957",6,14.369
"10422","E01010958",1,51.513
"10423","E01010959",3,31.042
"10424","E01010960",1,67.371
"10425","E01010961",1,45.565
"10426","E01010964",1,78.601
"10427","E01010965",1,68.764
"10428","E01010966",1,57.928
"10429","E01010967",1,52.724
"10430","E01010968",5,17.583
"10431","E01010969",6,14.551
"10432","E01010970",5,21.177
"10433","E01010971",7,11.449
"10434","E01010972",6,15.667
"10435","E01010973",8,10.749
"10436","E01010974",2,43.632
"10437","E01010975",6,14.833
"10438","E01010976",8,10.608
"10439","E01010977",9,7.461
"10440","E01010978",4,23.495
"10441","E01010979",2,38.469
"10442","E01010980",3,32.291
"10443","E01010981",3,28.954
"10444","E01010982",4,25.462
"10445","E01010983",2,36.295
"10446","E01010984",3,28.463
"10447","E01010985",3,27.934
"10448","E01010986",2,41.23
"10449","E01010987",3,26.662
"10450","E01010988",2,34.496
"10451","E01010989",3,30.615
"10452","E01010990",4,21.563
"10453","E01010991",5,18.74
"10454","E01010992",4,21.759
"10455","E01010993",2,37.608
"10456","E01010995",1,55.628
"10457","E01010996",1,50.78
"10458","E01010997",8,11.085
"10459","E01010998",2,37.528
"10460","E01010999",5,19.548
"10461","E01011000",1,48.711
"10462","E01011001",1,54.469
"10463","E01011002",2,42.036
"10464","E01011003",1,63.474
"10465","E01011004",1,50.782
"10466","E01011005",7,11.242
"10467","E01011006",5,18.865
"10468","E01011007",5,17.492
"10469","E01011008",3,28.127
"10470","E01011009",5,18.34
"10471","E01011010",2,44.091
"10472","E01011011",9,7.069
"10473","E01011012",4,23.241
"10474","E01011013",6,14.685
"10475","E01011014",2,37.416
"10476","E01011015",1,45.105
"10477","E01011016",2,38.819
"10478","E01011017",2,40.262
"10479","E01011018",2,34.439
"10480","E01011019",4,26.48
"10481","E01011020",2,40.822
"10482","E01011021",7,12.955
"10483","E01011022",6,16.141
"10484","E01011023",3,28.707
"10485","E01011024",2,36.825
"10486","E01011025",2,44.885
"10487","E01011026",4,24.228
"10488","E01011027",4,24.232
"10489","E01011028",3,32.942
"10490","E01011029",1,65.201
"10491","E01011030",1,45.607
"10492","E01011031",6,16.933
"10493","E01011032",2,42.47
"10494","E01011033",3,27.625
"10495","E01011034",2,41.333
"10496","E01011035",2,35.719
"10497","E01011036",1,46.163
"10498","E01011037",3,30.976
"10499","E01011038",1,54.447
"10500","E01011039",3,26.729
"10501","E01011040",2,44.209
"10502","E01011041",2,41.286
"10503","E01011042",6,17.255
"10504","E01011043",2,40.065
"10505","E01011044",3,27.83
"10506","E01011045",1,58.909
"10507","E01011046",9,6.614
"10508","E01011047",8,8.502
"10509","E01011048",3,31.537
"10510","E01011049",5,20.857
"10511","E01011050",9,7.955
"10512","E01011051",9,8.018
"10513","E01011052",3,27.511
"10514","E01011053",7,11.272
"10515","E01011054",9,6.796
"10516","E01011055",7,11.545
"10517","E01011056",9,6.497
"10518","E01011057",8,10.984
"10519","E01011058",6,14.483
"10520","E01011059",1,51.739
"10521","E01011060",3,30.781
"10522","E01011061",1,49.259
"10523","E01011062",7,11.136
"10524","E01011063",4,22.72
"10525","E01011064",3,31.395
"10526","E01011065",5,21.429
"10527","E01011066",9,7.972
"10528","E01011067",7,11.437
"10529","E01011068",7,11.139
"10530","E01011069",8,10.768
"10531","E01011070",6,15.53
"10532","E01011071",7,12.672
"10533","E01011072",6,14.818
"10534","E01011073",3,26.806
"10535","E01011074",5,17.607
"10536","E01011075",4,24.389
"10537","E01011076",4,23.646
"10538","E01011077",5,21.266
"10539","E01011078",5,18.674
"10540","E01011079",2,41.903
"10541","E01011080",1,48.863
"10542","E01011081",1,50.228
"10543","E01011082",1,50.736
"10544","E01011083",5,18.369
"10545","E01011084",1,53.989
"10546","E01011085",3,27.455
"10547","E01011086",8,8.98
"10548","E01011087",3,29.868
"10549","E01011088",10,3.161
"10550","E01011089",4,22.125
"10551","E01011090",3,29.306
"10552","E01011091",9,8.139
"10553","E01011092",9,6.418
"10554","E01011093",1,59.536
"10555","E01011094",1,58.09
"10556","E01011095",5,19.953
"10557","E01011096",5,17.832
"10558","E01011097",4,25.96
"10559","E01011098",3,26.878
"10560","E01011099",4,24.272
"10561","E01011100",2,35.211
"10562","E01011101",1,58.845
"10563","E01011102",9,7.209
"10564","E01011103",2,42.332
"10565","E01011104",2,41.862
"10566","E01011105",2,33.685
"10567","E01011106",1,60.938
"10568","E01011107",1,49.794
"10569","E01011108",5,19.019
"10570","E01011109",8,8.385
"10571","E01011110",7,12.148
"10572","E01011111",7,11.173
"10573","E01011112",7,13.621
"10574","E01011113",9,7.706
"10575","E01011114",5,21.463
"10576","E01011115",8,9.781
"10577","E01011116",9,8.372
"10578","E01011117",8,8.393
"10579","E01011118",8,9.523
"10580","E01011119",6,14.771
"10581","E01011120",10,4.129
"10582","E01011121",2,39.479
"10583","E01011122",1,67.812
"10584","E01011123",2,34.783
"10585","E01011124",5,21.309
"10586","E01011125",4,26.526
"10587","E01011126",2,41.554
"10588","E01011127",6,15.278
"10589","E01011128",2,35.821
"10590","E01011129",5,21.526
"10591","E01011130",1,68.783
"10592","E01011132",10,1.935
"10593","E01011133",1,47.179
"10594","E01011134",1,60.858
"10595","E01011136",1,47.732
"10596","E01011137",2,44.689
"10597","E01011138",1,61.288
"10598","E01011139",3,33.137
"10599","E01011140",1,66.349
"10600","E01011141",2,39.916
"10601","E01011142",7,12.338
"10602","E01011143",1,60.011
"10603","E01011144",1,61.86
"10604","E01011145",6,16.29
"10605","E01011146",8,8.834
"10606","E01011147",5,18.324
"10607","E01011148",1,57.137
"10608","E01011149",2,38.979
"10609","E01011150",5,21.187
"10610","E01011151",8,9.588
"10611","E01011152",7,11.457
"10612","E01011153",4,23.037
"10613","E01011154",4,25.486
"10614","E01011155",8,8.557
"10615","E01011156",5,18.513
"10616","E01011157",3,33.399
"10617","E01011158",4,24.284
"10618","E01011159",8,10.148
"10619","E01011160",9,6.348
"10620","E01011161",6,16.715
"10621","E01011162",8,11
"10622","E01011163",1,51.65
"10623","E01011164",5,19.007
"10624","E01011165",3,27.422
"10625","E01011166",2,39.414
"10626","E01011167",1,46.819
"10627","E01011168",9,6.567
"10628","E01011169",8,9.622
"10629","E01011170",9,6.189
"10630","E01011173",10,4.6
"10631","E01011174",10,4.784
"10632","E01011175",3,27.018
"10633","E01011176",7,12.284
"10634","E01011177",9,7.748
"10635","E01011178",5,20.997
"10636","E01011179",9,8.269
"10637","E01011180",9,8.233
"10638","E01011181",7,11.2
"10639","E01011182",7,12.723
"10640","E01011183",9,7.98
"10641","E01011184",3,27.762
"10642","E01011185",7,13.835
"10643","E01011186",9,6.552
"10644","E01011187",8,9.385
"10645","E01011188",7,12.684
"10646","E01011189",9,6.221
"10647","E01011190",9,6.584
"10648","E01011191",8,8.956
"10649","E01011192",4,23.458
"10650","E01011193",7,12.17
"10651","E01011194",9,5.47
"10652","E01011195",9,6.003
"10653","E01011196",9,5.472
"10654","E01011197",5,18.386
"10655","E01011198",9,6.604
"10656","E01011199",8,9.036
"10657","E01011200",8,9.793
"10658","E01011201",5,18.957
"10659","E01011202",5,18.996
"10660","E01011203",9,7.072
"10661","E01011204",9,6.681
"10662","E01011205",7,11.641
"10663","E01011206",5,20.494
"10664","E01011207",9,8.041
"10665","E01011208",5,21.424
"10666","E01011210",8,8.612
"10667","E01011211",8,8.923
"10668","E01011212",3,31.1
"10669","E01011213",10,4.749
"10670","E01011214",7,11.169
"10671","E01011215",6,14.482
"10672","E01011216",9,7.866
"10673","E01011217",9,7.944
"10674","E01011218",5,20.653
"10675","E01011219",7,11.253
"10676","E01011220",2,39.306
"10677","E01011221",9,5.572
"10678","E01011222",2,35.271
"10679","E01011223",2,40.584
"10680","E01011224",2,41.303
"10681","E01011225",3,32.609
"10682","E01011226",6,15.615
"10683","E01011227",1,52.093
"10684","E01011228",5,18.298
"10685","E01011229",3,28.68
"10686","E01011230",2,41.328
"10687","E01011231",4,23.098
"10688","E01011232",2,43.584
"10689","E01011233",6,16.709
"10690","E01011234",2,36.589
"10691","E01011235",2,43.351
"10692","E01011236",2,42.664
"10693","E01011237",2,43.96
"10694","E01011238",4,23.935
"10695","E01011239",5,19.777
"10696","E01011240",4,24.256
"10697","E01011241",9,6.941
"10698","E01011242",3,29.255
"10699","E01011243",7,12.658
"10700","E01011244",7,12.083
"10701","E01011245",3,31.135
"10702","E01011246",2,44.177
"10703","E01011247",9,7.589
"10704","E01011248",5,20.623
"10705","E01011249",3,27.666
"10706","E01011250",2,44.188
"10707","E01011251",1,50.348
"10708","E01011252",8,10.796
"10709","E01011253",1,49.109
"10710","E01011254",7,11.79
"10711","E01011255",1,49.734
"10712","E01011256",1,44.952
"10713","E01011257",2,35.994
"10714","E01011258",3,26.925
"10715","E01011259",2,39.142
"10716","E01011260",2,36.901
"10717","E01011261",2,39.699
"10718","E01011262",2,43.246
"10719","E01011263",3,27.312
"10720","E01011264",6,17.003
"10721","E01011265",8,11.121
"10722","E01011266",10,2.03
"10723","E01011267",4,21.65
"10724","E01011268",3,33.334
"10725","E01011269",5,18.612
"10726","E01011270",10,2.95
"10727","E01011271",10,3.447
"10728","E01011272",10,2.173
"10729","E01011273",7,13.15
"10730","E01011274",3,33.352
"10731","E01011275",5,18.799
"10732","E01011276",9,7
"10733","E01011277",9,6.225
"10734","E01011278",9,7.858
"10735","E01011279",9,7.877
"10736","E01011280",10,3.439
"10737","E01011281",3,29.572
"10738","E01011282",2,40.945
"10739","E01011283",1,48.308
"10740","E01011284",2,43.244
"10741","E01011286",6,17.207
"10742","E01011287",5,20.508
"10743","E01011292",1,58.291
"10744","E01011293",1,51.266
"10745","E01011294",1,56.068
"10746","E01011295",2,37.606
"10747","E01011296",9,6.314
"10748","E01011297",8,8.612
"10749","E01011298",3,32.978
"10750","E01011299",6,16.334
"10751","E01011300",4,21.899
"10752","E01011301",10,5.195
"10753","E01011302",10,4.764
"10754","E01011303",5,20.112
"10755","E01011304",3,31.321
"10756","E01011305",7,13.827
"10757","E01011306",9,6.457
"10758","E01011307",4,26.115
"10759","E01011308",6,16.275
"10760","E01011309",7,12.13
"10761","E01011310",7,11.755
"10762","E01011311",8,8.435
"10763","E01011312",1,67.811
"10764","E01011313",2,37.756
"10765","E01011314",2,33.519
"10766","E01011315",2,34.157
"10767","E01011316",1,57.382
"10768","E01011317",1,47.36
"10769","E01011318",1,52.065
"10770","E01011319",3,30.178
"10771","E01011320",4,22.776
"10772","E01011321",2,40.834
"10773","E01011322",4,22.89
"10774","E01011323",4,26.527
"10775","E01011324",1,45.696
"10776","E01011325",4,23.725
"10777","E01011326",2,43.224
"10778","E01011327",3,29.842
"10779","E01011328",4,24.845
"10780","E01011329",8,10.268
"10781","E01011330",5,20.721
"10782","E01011331",4,24.781
"10783","E01011332",1,48.541
"10784","E01011333",3,28.106
"10785","E01011334",2,36.836
"10786","E01011335",4,22.939
"10787","E01011336",1,49.979
"10788","E01011337",1,53.313
"10789","E01011338",2,42.925
"10790","E01011339",2,38.059
"10791","E01011340",1,48.085
"10792","E01011341",4,23.034
"10793","E01011342",1,46.255
"10794","E01011343",3,28.76
"10795","E01011344",1,76.495
"10796","E01011345",3,33.329
"10797","E01011346",2,40.44
"10798","E01011347",1,76.013
"10799","E01011348",1,51.003
"10800","E01011349",1,46.808
"10801","E01011350",9,5.875
"10802","E01011351",8,9.274
"10803","E01011352",6,15.877
"10804","E01011353",10,3.699
"10805","E01011354",1,45.706
"10806","E01011355",3,30.134
"10807","E01011356",6,15.382
"10808","E01011357",1,49.373
"10809","E01011358",2,35.946
"10810","E01011359",3,30.443
"10811","E01011360",1,51.93
"10812","E01011361",1,50.932
"10813","E01011362",1,48.692
"10814","E01011363",1,57.778
"10815","E01011364",2,42.315
"10816","E01011366",1,58.58
"10817","E01011368",1,60.472
"10818","E01011369",4,21.558
"10819","E01011370",1,47.034
"10820","E01011371",1,60.175
"10821","E01011372",1,63.284
"10822","E01011373",1,57.846
"10823","E01011374",1,49.402
"10824","E01011375",1,65.793
"10825","E01011376",10,2.849
"10826","E01011377",10,2.499
"10827","E01011378",1,48.382
"10828","E01011379",2,34.429
"10829","E01011380",10,4.574
"10830","E01011381",10,5.365
"10831","E01011382",10,3.496
"10832","E01011383",6,14.571
"10833","E01011384",7,13.957
"10834","E01011385",10,5.281
"10835","E01011386",10,3.72
"10836","E01011388",6,14.965
"10837","E01011390",4,24.165
"10838","E01011391",4,23.279
"10839","E01011392",6,15.258
"10840","E01011393",8,9.472
"10841","E01011394",6,15.284
"10842","E01011395",5,20.553
"10843","E01011396",6,16.301
"10844","E01011397",9,6.045
"10845","E01011398",10,3.32
"10846","E01011399",8,9.479
"10847","E01011400",6,14.775
"10848","E01011401",10,3.005
"10849","E01011402",6,16.255
"10850","E01011403",9,8.034
"10851","E01011404",10,4.016
"10852","E01011405",10,4.518
"10853","E01011406",9,6.335
"10854","E01011407",5,19.316
"10855","E01011408",7,13.722
"10856","E01011409",6,17.172
"10857","E01011410",9,6.704
"10858","E01011411",10,5.014
"10859","E01011412",10,5.152
"10860","E01011413",9,6.342
"10861","E01011414",9,7.218
"10862","E01011415",5,18.369
"10863","E01011416",7,11.211
"10864","E01011417",7,14.096
"10865","E01011418",9,5.826
"10866","E01011419",10,3.002
"10867","E01011420",8,9.556
"10868","E01011421",2,36.787
"10869","E01011422",1,49.778
"10870","E01011423",2,38.581
"10871","E01011424",2,34.816
"10872","E01011425",6,16.957
"10873","E01011426",1,66.336
"10874","E01011427",1,62.458
"10875","E01011428",1,63.228
"10876","E01011429",1,64.081
"10877","E01011430",1,68.404
"10878","E01011431",1,55.757
"10879","E01011432",1,76.227
"10880","E01011433",1,78.55
"10881","E01011434",1,72.774
"10882","E01011435",7,14.071
"10883","E01011440",6,15.904
"10884","E01011441",7,13.094
"10885","E01011442",8,10.816
"10886","E01011443",8,10.459
"10887","E01011444",4,24.736
"10888","E01011445",5,17.812
"10889","E01011446",5,18.165
"10890","E01011447",4,21.846
"10891","E01011448",3,31.272
"10892","E01011449",3,29.278
"10893","E01011450",3,30.261
"10894","E01011451",8,11.007
"10895","E01011452",10,3.127
"10896","E01011453",10,4.788
"10897","E01011454",10,4.998
"10898","E01011455",10,1.83
"10899","E01011456",10,2.518
"10900","E01011457",9,6.141
"10901","E01011458",10,2.113
"10902","E01011459",8,8.732
"10903","E01011460",7,12.464
"10904","E01011461",10,1.288
"10905","E01011462",5,18.102
"10906","E01011463",4,25.233
"10907","E01011464",8,8.621
"10908","E01011465",5,18.285
"10909","E01011466",2,41.319
"10910","E01011467",2,35.275
"10911","E01011468",2,43.723
"10912","E01011469",5,21.124
"10913","E01011470",3,28.702
"10914","E01011471",1,51.536
"10915","E01011472",1,52.966
"10916","E01011473",1,61.202
"10917","E01011474",1,53.647
"10918","E01011475",1,54.952
"10919","E01011476",2,42.652
"10920","E01011477",3,26.752
"10921","E01011478",4,23.456
"10922","E01011479",5,17.594
"10923","E01011480",7,11.26
"10924","E01011481",3,32.62
"10925","E01011482",4,24.49
"10926","E01011483",2,42.781
"10927","E01011484",1,48.46
"10928","E01011485",2,34.067
"10929","E01011488",3,30.091
"10930","E01011489",3,27.943
"10931","E01011491",1,57.378
"10932","E01011492",1,54.986
"10933","E01011493",1,54.722
"10934","E01011494",2,43.209
"10935","E01011496",9,7.788
"10936","E01011497",1,58.274
"10937","E01011500",6,16.987
"10938","E01011502",3,32.499
"10939","E01011504",2,41.521
"10940","E01011505",7,12.677
"10941","E01011506",8,10.666
"10942","E01011507",10,4.826
"10943","E01011508",10,5.247
"10944","E01011509",9,5.858
"10945","E01011510",1,46.924
"10946","E01011511",8,10.369
"10947","E01011512",7,12.316
"10948","E01011513",10,3.789
"10949","E01011514",9,7.562
"10950","E01011515",9,6.226
"10951","E01011516",10,2.886
"10952","E01011517",7,14.003
"10953","E01011518",7,12.36
"10954","E01011519",4,25.235
"10955","E01011520",8,8.656
"10956","E01011521",8,9.983
"10957","E01011522",9,5.662
"10958","E01011523",5,21.046
"10959","E01011524",8,8.878
"10960","E01011525",7,14.061
"10961","E01011526",10,3.411
"10962","E01011527",8,8.399
"10963","E01011528",9,5.717
"10964","E01011529",4,26.479
"10965","E01011530",7,11.914
"10966","E01011531",9,7.935
"10967","E01011532",3,27.659
"10968","E01011533",4,24.549
"10969","E01011534",9,7.679
"10970","E01011535",10,5.288
"10971","E01011536",8,11.072
"10972","E01011537",5,18.21
"10973","E01011538",2,35.311
"10974","E01011540",3,27.24
"10975","E01011541",4,26.097
"10976","E01011545",6,16.893
"10977","E01011546",5,19.598
"10978","E01011547",4,24.331
"10979","E01011548",7,12.979
"10980","E01011549",10,2.924
"10981","E01011550",8,8.947
"10982","E01011551",6,15.275
"10983","E01011552",2,39.964
"10984","E01011553",8,10.142
"10985","E01011554",10,5.437
"10986","E01011555",10,3.184
"10987","E01011556",7,12.132
"10988","E01011557",9,5.463
"10989","E01011558",2,36.619
"10990","E01011559",2,39.691
"10991","E01011560",2,40.991
"10992","E01011561",9,7.98
"10993","E01011562",10,3.2
"10994","E01011563",10,3.47
"10995","E01011564",10,2.991
"10996","E01011565",10,3.757
"10997","E01011566",8,8.562
"10998","E01011567",10,4.863
"10999","E01011568",10,4.117
"11000","E01011569",7,12.393
"11001","E01011570",9,8.175
"11002","E01011571",7,12.157
"11003","E01011572",9,7.345
"11004","E01011573",9,7.131
"11005","E01011574",6,14.914
"11006","E01011576",9,7.427
"11007","E01011578",7,11.411
"11008","E01011579",8,9.045
"11009","E01011580",10,5.4
"11010","E01011581",9,8.042
"11011","E01011582",2,34.61
"11012","E01011583",9,6.38
"11013","E01011584",9,6.833
"11014","E01011585",4,24.76
"11015","E01011586",6,16.156
"11016","E01011587",6,15.087
"11017","E01011588",8,9.395
"11018","E01011589",8,10.353
"11019","E01011590",9,5.786
"11020","E01011591",7,11.534
"11021","E01011592",8,10.527
"11022","E01011593",10,2.991
"11023","E01011594",4,23.695
"11024","E01011595",8,11.023
"11025","E01011596",10,5.245
"11026","E01011597",4,24.219
"11027","E01011598",7,12.577
"11028","E01011599",7,12.594
"11029","E01011600",8,8.512
"11030","E01011601",4,22.357
"11031","E01011602",6,16.001
"11032","E01011603",9,7.514
"11033","E01011604",7,12.398
"11034","E01011605",10,5.015
"11035","E01011606",4,23.28
"11036","E01011607",6,14.907
"11037","E01011608",3,30.82
"11038","E01011609",3,32.739
"11039","E01011610",7,13.031
"11040","E01011611",2,42.426
"11041","E01011612",3,29.896
"11042","E01011613",5,21.439
"11043","E01011614",8,10.447
"11044","E01011615",3,31.348
"11045","E01011616",1,53.412
"11046","E01011617",2,41.017
"11047","E01011618",1,51.854
"11048","E01011620",2,42.792
"11049","E01011621",1,50.002
"11050","E01011622",1,56.265
"11051","E01011623",1,61.983
"11052","E01011624",1,58.509
"11053","E01011625",1,65.569
"11054","E01011626",2,43.662
"11055","E01011627",3,30.437
"11056","E01011628",9,7.574
"11057","E01011629",5,19.566
"11058","E01011630",9,7.546
"11059","E01011632",1,47.296
"11060","E01011633",7,12.487
"11061","E01011634",4,23.539
"11062","E01011635",7,12.29
"11063","E01011636",8,10.587
"11064","E01011637",7,12.259
"11065","E01011638",8,8.508
"11066","E01011639",3,33.136
"11067","E01011641",9,5.88
"11068","E01011642",8,9.281
"11069","E01011643",9,6.543
"11070","E01011644",5,20.057
"11071","E01011645",7,11.515
"11072","E01011646",7,11.816
"11073","E01011647",3,28.264
"11074","E01011648",6,16.703
"11075","E01011649",10,4.537
"11076","E01011650",9,8.21
"11077","E01011651",6,15.049
"11078","E01011652",9,6.913
"11079","E01011653",9,7.675
"11080","E01011654",10,2.291
"11081","E01011655",9,6.014
"11082","E01011656",1,45.297
"11083","E01011657",1,58.212
"11084","E01011658",1,52.892
"11085","E01011659",1,47.629
"11086","E01011660",2,39.812
"11087","E01011661",1,68.656
"11088","E01011662",1,69.998
"11089","E01011663",1,49.665
"11090","E01011664",2,40.349
"11091","E01011665",2,39.492
"11092","E01011666",6,15.356
"11093","E01011667",1,66.997
"11094","E01011668",5,20.827
"11095","E01011669",4,24.951
"11096","E01011670",3,29.077
"11097","E01011671",2,40.288
"11098","E01011673",1,70.091
"11099","E01011677",1,64.218
"11100","E01011678",7,12.287
"11101","E01011681",2,42.76
"11102","E01011684",8,8.503
"11103","E01011685",10,3.384
"11104","E01011686",1,46.026
"11105","E01011687",9,7.844
"11106","E01011688",7,14.011
"11107","E01011689",8,11.01
"11108","E01011690",9,6.01
"11109","E01011691",3,27.687
"11110","E01011692",9,7.951
"11111","E01011693",7,12.883
"11112","E01011694",9,5.812
"11113","E01011695",2,42.762
"11114","E01011696",10,4.056
"11115","E01011697",8,10.498
"11116","E01011698",9,6.601
"11117","E01011699",10,2.484
"11118","E01011700",8,9.657
"11119","E01011701",10,3.867
"11120","E01011702",10,1.438
"11121","E01011703",10,1.888
"11122","E01011704",6,14.772
"11123","E01011705",4,23.982
"11124","E01011706",10,4.311
"11125","E01011707",7,13.026
"11126","E01011708",9,8.343
"11127","E01011709",10,4.714
"11128","E01011710",9,7.406
"11129","E01011711",9,8.366
"11130","E01011712",7,12.924
"11131","E01011713",10,5.333
"11132","E01011714",8,9.481
"11133","E01011715",9,5.616
"11134","E01011716",8,10.02
"11135","E01011717",4,22.865
"11136","E01011718",3,27.173
"11137","E01011719",8,8.411
"11138","E01011720",2,42.985
"11139","E01011721",1,46.204
"11140","E01011722",3,31.717
"11141","E01011723",1,49.103
"11142","E01011724",2,42.632
"11143","E01011725",1,63.209
"11144","E01011726",2,43.724
"11145","E01011727",5,18.638
"11146","E01011728",6,14.19
"11147","E01011729",1,51.576
"11148","E01011730",1,48.968
"11149","E01011731",7,12.458
"11150","E01011732",7,13.951
"11151","E01011733",6,15.517
"11152","E01011734",9,6.806
"11153","E01011735",1,55.187
"11154","E01011736",7,13.427
"11155","E01011737",1,48.637
"11156","E01011738",7,13.081
"11157","E01011739",1,51.414
"11158","E01011740",1,54.838
"11159","E01011741",5,19.664
"11160","E01011742",1,47.35
"11161","E01011743",8,9.551
"11162","E01011744",8,8.979
"11163","E01011745",1,60.587
"11164","E01011746",1,47.961
"11165","E01011747",1,62.819
"11166","E01011748",4,23.116
"11167","E01011750",1,66.361
"11168","E01011751",7,13.369
"11169","E01011752",3,33.004
"11170","E01011753",3,31.031
"11171","E01011754",2,39.528
"11172","E01011755",8,10.859
"11173","E01011756",1,59.675
"11174","E01011757",5,20.025
"11175","E01011758",4,23.624
"11176","E01011759",2,38.428
"11177","E01011761",4,23.238
"11178","E01011762",2,36.605
"11179","E01011763",2,42.683
"11180","E01011764",1,48.334
"11181","E01011765",6,17.197
"11182","E01011766",5,18.429
"11183","E01011767",8,8.891
"11184","E01011768",7,11.525
"11185","E01011770",5,18.363
"11186","E01011771",1,50.109
"11187","E01011772",4,26.043
"11188","E01011773",9,7.723
"11189","E01011774",6,17.206
"11190","E01011776",2,38.212
"11191","E01011777",3,29.322
"11192","E01011778",4,26.521
"11193","E01011779",3,32.375
"11194","E01011780",1,66.935
"11195","E01011781",3,29.66
"11196","E01011782",5,18.459
"11197","E01011783",4,26.474
"11198","E01011784",2,33.514
"11199","E01011785",3,29.367
"11200","E01011786",2,36.248
"11201","E01011787",3,27.386
"11202","E01011788",6,16.039
"11203","E01011789",1,49.02
"11204","E01011790",1,50.396
"11205","E01011791",1,45.354
"11206","E01011792",1,72.504
"11207","E01011793",5,17.771
"11208","E01011794",3,26.724
"11209","E01011795",3,27.595
"11210","E01011796",9,8.239
"11211","E01011797",10,2.87
"11212","E01011798",5,18.554
"11213","E01011799",3,27.865
"11214","E01011800",7,11.39
"11215","E01011801",4,22.593
"11216","E01011802",6,16.388
"11217","E01011803",2,37.738
"11218","E01011804",2,34.902
"11219","E01011805",2,44.837
"11220","E01011806",3,30.597
"11221","E01011807",2,35.278
"11222","E01011808",3,29.809
"11223","E01011809",2,37.481
"11224","E01011810",3,29.862
"11225","E01011811",1,66.992
"11226","E01011812",10,5.309
"11227","E01011813",2,42.335
"11228","E01011814",2,41.008
"11229","E01011815",2,41.096
"11230","E01011816",1,45.436
"11231","E01011817",3,31.501
"11232","E01011818",4,21.822
"11233","E01011819",4,24.841
"11234","E01011820",5,21.065
"11235","E01011821",4,23.606
"11236","E01011822",3,27.614
"11237","E01011823",5,19.827
"11238","E01011824",3,31.215
"11239","E01011825",8,10.589
"11240","E01011826",8,9.374
"11241","E01011827",8,10.104
"11242","E01011828",7,12.764
"11243","E01011829",7,11.605
"11244","E01011830",4,25.478
"11245","E01011831",4,24.17
"11246","E01011832",4,25.007
"11247","E01011833",7,11.135
"11248","E01011834",4,23.908
"11249","E01011835",8,9.951
"11250","E01011836",5,20.287
"11251","E01011837",2,34.172
"11252","E01011838",1,47.106
"11253","E01011839",5,18.173
"11254","E01011840",3,31.41
"11255","E01011841",6,15.059
"11256","E01011842",1,54.557
"11257","E01011843",3,30.167
"11258","E01011844",9,7.06
"11259","E01011845",10,3.479
"11260","E01011846",6,14.16
"11261","E01011847",9,6.127
"11262","E01011848",9,8.281
"11263","E01011849",6,15.43
"11264","E01011850",1,50.663
"11265","E01011851",3,31.565
"11266","E01011852",2,42.057
"11267","E01011853",3,30.945
"11268","E01011854",2,36.296
"11269","E01011855",5,21.426
"11270","E01011856",2,36.3
"11271","E01011857",8,9.171
"11272","E01011858",4,21.918
"11273","E01011859",1,47.947
"11274","E01011860",5,17.523
"11275","E01011861",5,18.57
"11276","E01011862",3,31.292
"11277","E01011863",1,56.493
"11278","E01011864",1,55.782
"11279","E01011865",1,47.652
"11280","E01011866",2,42.501
"11281","E01011867",2,44.817
"11282","E01011868",3,30.363
"11283","E01011869",1,52.242
"11284","E01011870",5,21.267
"11285","E01011871",2,35.491
"11286","E01011872",1,51.974
"11287","E01011873",8,9.005
"11288","E01011874",8,8.585
"11289","E01011875",2,34.755
"11290","E01011876",5,17.786
"11291","E01011877",5,19.404
"11292","E01011878",7,11.884
"11293","E01011879",5,17.665
"11294","E01011880",8,10.457
"11295","E01011881",5,18.858
"11296","E01011882",8,10.981
"11297","E01011883",5,20.004
"11298","E01011884",9,5.723
"11299","E01011885",7,13.627
"11300","E01011886",8,8.388
"11301","E01011887",10,4.766
"11302","E01011888",10,5.231
"11303","E01011889",9,5.798
"11304","E01011890",9,7.873
"11305","E01011891",4,25.532
"11306","E01011892",4,23.14
"11307","E01011893",8,9.444
"11308","E01011894",9,8.201
"11309","E01011895",6,16.453
"11310","E01011896",5,20.995
"11311","E01011897",2,34.81
"11312","E01011898",3,29.401
"11313","E01011899",1,47.045
"11314","E01011900",2,40.144
"11315","E01011901",1,51.758
"11316","E01011902",4,21.776
"11317","E01011903",3,28.328
"11318","E01011904",1,48.762
"11319","E01011905",9,6.283
"11320","E01011906",1,57.422
"11321","E01011907",2,36.456
"11322","E01011908",3,27.482
"11323","E01011909",4,21.542
"11324","E01011910",1,54.522
"11325","E01011911",1,47.47
"11326","E01011912",1,46.583
"11327","E01011913",2,43.852
"11328","E01011914",2,42.695
"11329","E01011915",2,43.678
"11330","E01011917",1,55.834
"11331","E01011918",4,26.11
"11332","E01011919",2,35.001
"11333","E01011920",4,25.986
"11334","E01011921",4,23.861
"11335","E01011922",1,58.198
"11336","E01011923",9,8.014
"11337","E01011924",5,18.959
"11338","E01011925",2,43.777
"11339","E01011926",1,45.525
"11340","E01011927",2,34.803
"11341","E01011928",4,24.519
"11342","E01011929",9,7.559
"11343","E01011930",7,11.526
"11344","E01011931",7,13.361
"11345","E01011932",9,7.199
"11346","E01011933",4,23.977
"11347","E01011934",8,11.02
"11348","E01011935",8,9.051
"11349","E01011936",3,31.194
"11350","E01011937",9,7.854
"11351","E01011938",6,16.077
"11352","E01011939",9,6.156
"11353","E01011940",3,31.956
"11354","E01011941",6,15.469
"11355","E01011942",7,13.197
"11356","E01011943",2,34.469
"11357","E01011944",2,36.904
"11358","E01011945",8,10.031
"11359","E01011946",9,7.265
"11360","E01011947",10,3.197
"11361","E01011948",10,2.882
"11362","E01011949",2,40.218
"11363","E01011950",1,78.53
"11364","E01011951",1,67.485
"11365","E01011952",1,57.848
"11366","E01011953",1,66.722
"11367","E01011954",2,37.443
"11368","E01011955",1,65.35
"11369","E01011957",1,54.204
"11370","E01011959",8,9.816
"11371","E01011960",8,9.518
"11372","E01011961",2,37.17
"11373","E01011962",1,51.074
"11374","E01011963",7,11.371
"11375","E01011964",2,41.284
"11376","E01011965",9,6.287
"11377","E01011966",3,28.645
"11378","E01011967",5,19.993
"11379","E01011968",5,20.29
"11380","E01011969",6,16.403
"11381","E01011970",8,9.831
"11382","E01011971",9,7.116
"11383","E01011974",1,63.551
"11384","E01011975",1,64.659
"11385","E01011977",1,55.841
"11386","E01011978",1,71.945
"11387","E01011979",1,64.067
"11388","E01011980",1,56.216
"11389","E01011981",1,58.598
"11390","E01011982",10,4.818
"11391","E01011983",9,5.938
"11392","E01011984",8,10.903
"11393","E01011985",5,18.422
"11394","E01011986",3,29.961
"11395","E01011987",2,40.803
"11396","E01011988",3,32.928
"11397","E01011989",1,56.694
"11398","E01011990",4,22.417
"11399","E01011991",2,34.892
"11400","E01011992",1,49.393
"11401","E01011993",1,52.111
"11402","E01011994",1,73.05
"11403","E01011995",7,11.874
"11404","E01011996",5,21.317
"11405","E01011997",8,8.827
"11406","E01011998",7,13.141
"11407","E01011999",1,77.937
"11408","E01012000",1,75.534
"11409","E01012001",1,63.85
"11410","E01012002",3,26.866
"11411","E01012003",9,8.129
"11412","E01012005",10,4.59
"11413","E01012007",5,17.85
"11414","E01012008",7,13.577
"11415","E01012009",7,12.604
"11416","E01012010",7,11.403
"11417","E01012011",1,61.83
"11418","E01012012",5,18.658
"11419","E01012013",1,47.438
"11420","E01012014",1,54.267
"11421","E01012015",1,56.083
"11422","E01012016",1,72.569
"11423","E01012017",2,40.376
"11424","E01012018",2,42.159
"11425","E01012019",1,78.371
"11426","E01012020",1,54.077
"11427","E01012021",1,65.89
"11428","E01012022",9,7.338
"11429","E01012023",8,9.189
"11430","E01012024",7,12.763
"11431","E01012025",7,11.333
"11432","E01012026",4,25.199
"11433","E01012027",1,56.376
"11434","E01012030",7,12.142
"11435","E01012031",2,43.34
"11436","E01012032",9,7.513
"11437","E01012033",1,56.68
"11438","E01012034",3,26.83
"11439","E01012035",2,35.821
"11440","E01012036",1,64.124
"11441","E01012037",1,79.457
"11442","E01012038",1,73.144
"11443","E01012039",1,61.473
"11444","E01012040",1,79.882
"11445","E01012041",1,78.153
"11446","E01012042",2,41.583
"11447","E01012043",5,20.986
"11448","E01012044",1,77.504
"11449","E01012045",1,78.218
"11450","E01012046",5,19.382
"11451","E01012047",6,15.969
"11452","E01012048",8,10.209
"11453","E01012049",6,16.475
"11454","E01012050",1,51.475
"11455","E01012051",1,52.372
"11456","E01012052",5,19.933
"11457","E01012053",6,15.139
"11458","E01012054",4,24.11
"11459","E01012055",6,15.7
"11460","E01012056",2,37.651
"11461","E01012057",3,28.179
"11462","E01012058",1,71.032
"11463","E01012059",1,65.896
"11464","E01012060",1,74.69
"11465","E01012061",1,57.079
"11466","E01012062",9,6.589
"11467","E01012063",8,10.011
"11468","E01012065",8,8.594
"11469","E01012066",10,4.346
"11470","E01012067",9,8.296
"11471","E01012068",1,47.575
"11472","E01012071",10,2.907
"11473","E01012073",9,7.729
"11474","E01012074",1,54.037
"11475","E01012075",1,67.014
"11476","E01012076",1,79.998
"11477","E01012077",1,61.712
"11478","E01012078",1,57.687
"11479","E01012079",4,24.908
"11480","E01012080",2,40.032
"11481","E01012081",2,37
"11482","E01012082",1,49.381
"11483","E01012083",1,57.855
"11484","E01012084",1,64.831
"11485","E01012085",1,66.874
"11486","E01012088",1,50.789
"11487","E01012089",1,78.164
"11488","E01012090",1,65.535
"11489","E01012091",1,68.252
"11490","E01012092",1,50.13
"11491","E01012093",1,59.802
"11492","E01012095",9,8.242
"11493","E01012096",1,51.265
"11494","E01012097",4,23.287
"11495","E01012098",5,20.589
"11496","E01012099",1,60.107
"11497","E01012100",1,77.752
"11498","E01012101",2,41.028
"11499","E01012102",1,50.781
"11500","E01012105",4,21.572
"11501","E01012106",5,20.803
"11502","E01012107",1,52.442
"11503","E01012108",2,44.156
"11504","E01012109",3,29.367
"11505","E01012110",4,23.687
"11506","E01012111",2,43.555
"11507","E01012112",1,78.039
"11508","E01012113",1,68.422
"11509","E01012114",1,76.969
"11510","E01012117",3,30.334
"11511","E01012118",3,27.698
"11512","E01012119",3,29.183
"11513","E01012120",5,18.058
"11514","E01012121",1,53.877
"11515","E01012124",10,4.631
"11516","E01012127",1,72.508
"11517","E01012128",1,60.05
"11518","E01012129",5,20.159
"11519","E01012130",6,16.457
"11520","E01012131",1,66.901
"11521","E01012132",1,46.131
"11522","E01012134",2,35.124
"11523","E01012136",2,39.432
"11524","E01012137",4,25.235
"11525","E01012138",10,4.838
"11526","E01012139",9,7.028
"11527","E01012140",3,28.732
"11528","E01012141",8,8.696
"11529","E01012142",3,26.714
"11530","E01012143",2,42.798
"11531","E01012144",4,22.839
"11532","E01012145",3,29.147
"11533","E01012146",8,10.858
"11534","E01012147",9,5.931
"11535","E01012148",1,57.315
"11536","E01012149",6,15.275
"11537","E01012150",1,56.968
"11538","E01012151",5,17.801
"11539","E01012152",7,11.834
"11540","E01012154",8,9.319
"11541","E01012155",4,26.408
"11542","E01012156",9,8.151
"11543","E01012157",5,20.812
"11544","E01012158",9,8.33
"11545","E01012159",2,42.501
"11546","E01012160",4,22.239
"11547","E01012161",5,20.269
"11548","E01012162",3,31.914
"11549","E01012163",8,10.01
"11550","E01012164",4,21.798
"11551","E01012165",1,47.829
"11552","E01012167",5,19.679
"11553","E01012168",2,39.539
"11554","E01012170",1,78.454
"11555","E01012171",2,44.766
"11556","E01012172",5,20.653
"11557","E01012173",6,16.588
"11558","E01012174",8,9.247
"11559","E01012175",1,67.217
"11560","E01012176",8,8.737
"11561","E01012177",8,8.695
"11562","E01012178",6,15.144
"11563","E01012179",9,5.621
"11564","E01012180",10,3.223
"11565","E01012181",2,35.384
"11566","E01012182",10,3.395
"11567","E01012183",10,4.693
"11568","E01012184",3,28.178
"11569","E01012185",4,22.958
"11570","E01012186",6,14.487
"11571","E01012187",6,16.417
"11572","E01012188",9,8.213
"11573","E01012189",8,10.036
"11574","E01012190",8,10.827
"11575","E01012191",5,20.602
"11576","E01012192",4,24.271
"11577","E01012193",1,46.149
"11578","E01012194",2,38.198
"11579","E01012195",1,68.102
"11580","E01012196",3,33.367
"11581","E01012197",2,33.679
"11582","E01012198",1,49.721
"11583","E01012199",10,4.853
"11584","E01012200",8,9.901
"11585","E01012201",10,3.933
"11586","E01012202",7,13.445
"11587","E01012203",10,5.413
"11588","E01012204",9,8.163
"11589","E01012205",6,14.903
"11590","E01012206",3,29.39
"11591","E01012207",6,15.439
"11592","E01012208",9,5.852
"11593","E01012209",7,12.295
"11594","E01012210",9,6.324
"11595","E01012211",9,5.536
"11596","E01012212",8,8.99
"11597","E01012213",6,14.484
"11598","E01012214",2,34.72
"11599","E01012215",1,58.805
"11600","E01012216",2,41.331
"11601","E01012217",1,62.165
"11602","E01012218",4,23.242
"11603","E01012219",6,16.823
"11604","E01012223",9,5.804
"11605","E01012224",9,7.296
"11606","E01012225",8,10.941
"11607","E01012226",9,6.027
"11608","E01012227",8,10.226
"11609","E01012228",8,10.056
"11610","E01012230",9,8.114
"11611","E01012231",10,4.476
"11612","E01012232",9,5.918
"11613","E01012233",9,5.467
"11614","E01012234",10,3.519
"11615","E01012235",8,8.641
"11616","E01012236",9,7.919
"11617","E01012237",10,5.201
"11618","E01012238",1,49.241
"11619","E01012239",3,31.148
"11620","E01012240",4,26.562
"11621","E01012241",8,10.734
"11622","E01012242",7,13.583
"11623","E01012243",9,7.39
"11624","E01012244",8,8.595
"11625","E01012245",1,58.257
"11626","E01012246",9,8.117
"11627","E01012247",1,51.456
"11628","E01012248",2,42.803
"11629","E01012249",1,45.502
"11630","E01012250",2,43.798
"11631","E01012251",1,53.937
"11632","E01012252",1,70.423
"11633","E01012253",3,31.709
"11634","E01012254",1,72.396
"11635","E01012255",9,7.038
"11636","E01012256",8,11.111
"11637","E01012257",9,8.13
"11638","E01012258",3,29.259
"11639","E01012259",4,23.161
"11640","E01012260",6,17.368
"11641","E01012261",5,18.185
"11642","E01012262",1,55.483
"11643","E01012267",1,71.203
"11644","E01012268",2,42.829
"11645","E01012269",7,12.921
"11646","E01012270",6,16.222
"11647","E01012271",1,58.807
"11648","E01012272",6,16.686
"11649","E01012273",1,59.61
"11650","E01012274",2,41.34
"11651","E01012275",2,38.029
"11652","E01012276",2,42.007
"11653","E01012277",2,36.459
"11654","E01012278",2,34.327
"11655","E01012279",5,17.972
"11656","E01012280",4,21.773
"11657","E01012281",2,44.742
"11658","E01012282",2,39.799
"11659","E01012283",1,51.761
"11660","E01012284",1,68.508
"11661","E01012285",4,22.998
"11662","E01012286",1,80.219
"11663","E01012287",2,43.195
"11664","E01012288",1,68.492
"11665","E01012289",2,38.957
"11666","E01012290",6,15.849
"11667","E01012291",2,39.493
"11668","E01012292",4,24.487
"11669","E01012294",7,11.445
"11670","E01012295",3,29.266
"11671","E01012296",5,19.102
"11672","E01012297",9,6.963
"11673","E01012298",10,2.913
"11674","E01012299",9,8.362
"11675","E01012300",3,29.611
"11676","E01012301",10,4.627
"11677","E01012302",9,5.615
"11678","E01012303",10,5.309
"11679","E01012304",1,71.843
"11680","E01012305",1,47.113
"11681","E01012306",3,31.591
"11682","E01012307",2,38.273
"11683","E01012309",9,7.14
"11684","E01012310",6,14.81
"11685","E01012311",4,24.615
"11686","E01012312",1,56.856
"11687","E01012313",3,30.466
"11688","E01012314",1,53.622
"11689","E01012315",10,4.214
"11690","E01012317",5,19.29
"11691","E01012318",1,47.26
"11692","E01012319",4,23.56
"11693","E01012323",4,21.701
"11694","E01012324",6,15.383
"11695","E01012325",5,19.661
"11696","E01012326",3,30.424
"11697","E01012327",1,65.282
"11698","E01012328",3,30.831
"11699","E01012329",9,8.03
"11700","E01012330",10,5.034
"11701","E01012331",6,16.946
"11702","E01012332",2,38.864
"11703","E01012333",4,22.085
"11704","E01012334",7,12.069
"11705","E01012335",8,10.343
"11706","E01012336",10,3.991
"11707","E01012337",10,3.246
"11708","E01012338",5,19.969
"11709","E01012339",10,5.008
"11710","E01012340",3,29.68
"11711","E01012341",1,58.323
"11712","E01012342",3,29.208
"11713","E01012344",5,21.479
"11714","E01012345",4,24.507
"11715","E01012346",9,7.23
"11716","E01012347",10,2.734
"11717","E01012348",10,3.136
"11718","E01012349",1,65.67
"11719","E01012350",2,39.564
"11720","E01012351",8,9.662
"11721","E01012352",1,52.627
"11722","E01012353",2,43.842
"11723","E01012354",1,60.425
"11724","E01012355",2,35.546
"11725","E01012356",4,26.141
"11726","E01012357",2,41.552
"11727","E01012358",4,26.388
"11728","E01012359",1,65.783
"11729","E01012360",8,10.456
"11730","E01012361",10,3.385
"11731","E01012362",1,44.948
"11732","E01012363",3,27.836
"11733","E01012364",4,25.671
"11734","E01012365",7,12.038
"11735","E01012366",6,14.702
"11736","E01012367",1,56.967
"11737","E01012368",4,24.761
"11738","E01012369",4,23.875
"11739","E01012370",2,44.707
"11740","E01012371",8,9.986
"11741","E01012372",8,8.917
"11742","E01012373",9,6.474
"11743","E01012374",10,4.716
"11744","E01012375",10,3.674
"11745","E01012376",9,5.531
"11746","E01012377",2,38.772
"11747","E01012378",7,12.074
"11748","E01012379",3,29.441
"11749","E01012380",1,49.032
"11750","E01012381",1,60.027
"11751","E01012382",1,67.189
"11752","E01012383",2,37.197
"11753","E01012384",2,37.558
"11754","E01012385",9,5.781
"11755","E01012386",9,5.718
"11756","E01012387",8,11.045
"11757","E01012388",2,41.384
"11758","E01012389",9,6.831
"11759","E01012390",3,29.173
"11760","E01012391",2,38.53
"11761","E01012392",10,4.188
"11762","E01012393",10,4.483
"11763","E01012394",5,19.608
"11764","E01012395",10,4.672
"11765","E01012396",1,63.733
"11766","E01012397",1,55.967
"11767","E01012398",5,19.29
"11768","E01012399",1,49.166
"11769","E01012400",6,15.982
"11770","E01012401",6,15.1
"11771","E01012402",1,49.329
"11772","E01012403",1,49.814
"11773","E01012404",4,22.636
"11774","E01012405",4,23.652
"11775","E01012406",2,35.514
"11776","E01012407",1,58.742
"11777","E01012408",1,72.255
"11778","E01012409",1,46.492
"11779","E01012410",8,9.962
"11780","E01012411",5,19.052
"11781","E01012412",2,38.929
"11782","E01012413",2,41.504
"11783","E01012414",6,14.444
"11784","E01012415",8,8.385
"11785","E01012416",5,19.41
"11786","E01012417",3,30.707
"11787","E01012418",10,5.321
"11788","E01012419",1,50.175
"11789","E01012420",1,67.339
"11790","E01012421",9,6.234
"11791","E01012422",1,47.53
"11792","E01012423",5,21.061
"11793","E01012424",1,68.294
"11794","E01012425",2,37.968
"11795","E01012426",7,13.497
"11796","E01012427",4,24.978
"11797","E01012429",3,31.178
"11798","E01012430",1,60.176
"11799","E01012431",3,32.957
"11800","E01012432",3,28.703
"11801","E01012433",1,47.276
"11802","E01012434",8,10.41
"11803","E01012435",9,6.64
"11804","E01012436",1,57.129
"11805","E01012437",1,48.137
"11806","E01012438",1,64.605
"11807","E01012439",2,42.479
"11808","E01012440",6,16.364
"11809","E01012441",1,67.181
"11810","E01012442",1,59.251
"11811","E01012443",4,23.302
"11812","E01012444",1,54.384
"11813","E01012445",1,69.157
"11814","E01012446",10,2.999
"11815","E01012447",10,2.998
"11816","E01012448",9,6.028
"11817","E01012449",10,3.121
"11818","E01012450",10,4.879
"11819","E01012451",6,15.093
"11820","E01012452",10,1.815
"11821","E01012453",1,49.096
"11822","E01012454",4,24.423
"11823","E01012455",1,47.149
"11824","E01012457",2,34.138
"11825","E01012458",5,20.104
"11826","E01012459",2,33.706
"11827","E01012460",4,25.37
"11828","E01012461",9,6.203
"11829","E01012462",7,12.831
"11830","E01012463",9,7.418
"11831","E01012464",4,22.529
"11832","E01012465",6,16.413
"11833","E01012466",1,48.828
"11834","E01012467",8,9.87
"11835","E01012468",6,16.375
"11836","E01012469",4,24.534
"11837","E01012470",3,29.818
"11838","E01012471",9,5.755
"11839","E01012472",8,8.666
"11840","E01012473",10,4.852
"11841","E01012474",5,20.917
"11842","E01012475",7,11.461
"11843","E01012476",6,14.672
"11844","E01012477",10,2.462
"11845","E01012478",6,15.324
"11846","E01012479",2,38.76
"11847","E01012480",2,35.193
"11848","E01012481",3,26.896
"11849","E01012482",2,36.003
"11850","E01012483",1,51.695
"11851","E01012485",8,9.138
"11852","E01012486",10,3.086
"11853","E01012487",10,3.549
"11854","E01012488",9,5.541
"11855","E01012489",10,2.574
"11856","E01012490",10,3.418
"11857","E01012491",7,13.951
"11858","E01012492",10,4.742
"11859","E01012493",10,4.39
"11860","E01012494",10,3.03
"11861","E01012495",10,4.567
"11862","E01012496",8,9.314
"11863","E01012497",3,27.395
"11864","E01012498",3,28.779
"11865","E01012499",8,9.393
"11866","E01012500",10,5.411
"11867","E01012501",7,12.232
"11868","E01012502",9,5.602
"11869","E01012503",9,5.551
"11870","E01012505",4,24.907
"11871","E01012506",2,37.453
"11872","E01012507",3,27.424
"11873","E01012508",2,40.573
"11874","E01012509",9,7.65
"11875","E01012510",4,22.522
"11876","E01012511",3,29.807
"11877","E01012512",9,7.795
"11878","E01012513",10,5.252
"11879","E01012514",10,3.607
"11880","E01012515",7,13.951
"11881","E01012516",9,7.253
"11882","E01012517",10,4.402
"11883","E01012518",9,7.678
"11884","E01012519",9,7.546
"11885","E01012520",2,43.659
"11886","E01012521",5,19.39
"11887","E01012522",3,30.905
"11888","E01012523",4,25.048
"11889","E01012524",8,9.269
"11890","E01012525",3,29.985
"11891","E01012526",2,44.239
"11892","E01012527",8,10.608
"11893","E01012528",9,7.169
"11894","E01012529",9,8.182
"11895","E01012530",9,7.338
"11896","E01012531",10,5.345
"11897","E01012532",9,7.206
"11898","E01012533",1,60.965
"11899","E01012534",2,38.191
"11900","E01012535",3,32.531
"11901","E01012536",3,32.49
"11902","E01012537",2,38.654
"11903","E01012538",9,6.683
"11904","E01012539",3,27.415
"11905","E01012540",8,9.641
"11906","E01012541",6,17.112
"11907","E01012542",5,20.828
"11908","E01012543",9,7.001
"11909","E01012544",5,17.796
"11910","E01012545",1,48.458
"11911","E01012546",1,51.964
"11912","E01012547",8,8.983
"11913","E01012548",8,9
"11914","E01012549",9,5.578
"11915","E01012550",10,5.218
"11916","E01012551",10,4.901
"11917","E01012552",6,15.832
"11918","E01012553",10,3.181
"11919","E01012554",6,16.067
"11920","E01012555",9,6.228
"11921","E01012556",9,6.637
"11922","E01012557",8,10.169
"11923","E01012558",10,5.296
"11924","E01012559",10,3.431
"11925","E01012560",8,8.908
"11926","E01012561",7,12.583
"11927","E01012562",10,3.046
"11928","E01012563",10,3.114
"11929","E01012564",8,9.233
"11930","E01012566",10,3.242
"11931","E01012569",9,5.938
"11932","E01012570",2,35.937
"11933","E01012571",1,48.601
"11934","E01012572",1,59.899
"11935","E01012573",2,41.672
"11936","E01012574",1,50.118
"11937","E01012575",1,51.63
"11938","E01012576",2,44.782
"11939","E01012577",1,49.153
"11940","E01012578",1,47.977
"11941","E01012579",1,48.087
"11942","E01012580",2,42.762
"11943","E01012581",7,13.079
"11944","E01012582",8,9.928
"11945","E01012583",8,10.258
"11946","E01012584",8,10.203
"11947","E01012585",2,33.761
"11948","E01012586",1,55.609
"11949","E01012587",3,30.29
"11950","E01012588",2,40.753
"11951","E01012589",1,45.325
"11952","E01012590",2,41.887
"11953","E01012591",2,43.281
"11954","E01012592",6,14.184
"11955","E01012593",3,30.278
"11956","E01012594",1,66.441
"11957","E01012595",1,53.4
"11958","E01012596",1,53.362
"11959","E01012597",7,12.357
"11960","E01012598",10,4.665
"11961","E01012599",4,21.817
"11962","E01012600",1,55.378
"11963","E01012601",1,73.016
"11964","E01012602",7,11.877
"11965","E01012603",1,55.207
"11966","E01012604",4,21.945
"11967","E01012605",2,39.486
"11968","E01012606",2,33.88
"11969","E01012607",4,25.526
"11970","E01012608",1,45.078
"11971","E01012609",9,6.91
"11972","E01012610",7,12.905
"11973","E01012611",7,13.914
"11974","E01012612",9,7.063
"11975","E01012613",10,5.104
"11976","E01012614",8,10.113
"11977","E01012615",2,36.161
"11978","E01012616",6,15.454
"11979","E01012617",3,33.269
"11980","E01012618",5,18.05
"11981","E01012619",1,66.652
"11982","E01012620",5,18.572
"11983","E01012621",1,48.339
"11984","E01012622",1,77.981
"11985","E01012623",2,41.563
"11986","E01012624",1,59.521
"11987","E01012625",1,46.959
"11988","E01012628",6,15.861
"11989","E01012629",1,50.743
"11990","E01012630",2,44.19
"11991","E01012631",1,69.828
"11992","E01012632",3,29.431
"11993","E01012633",3,29.159
"11994","E01012634",5,21.436
"11995","E01012635",5,19.038
"11996","E01012636",8,9.835
"11997","E01012637",1,59.307
"11998","E01012638",1,59.231
"11999","E01012639",1,60.847
"12000","E01012640",2,42.545
"12001","E01012641",1,61.967
"12002","E01012642",2,34.804
"12003","E01012643",1,53.261
"12004","E01012644",2,38.175
"12005","E01012645",4,25.173
"12006","E01012646",1,53.884
"12007","E01012647",2,43.648
"12008","E01012648",2,39.109
"12009","E01012649",1,58.904
"12010","E01012650",1,50.566
"12011","E01012651",4,25.248
"12012","E01012652",8,9.814
"12013","E01012653",3,28.205
"12014","E01012654",2,44.408
"12015","E01012655",1,79.849
"12016","E01012656",1,54.222
"12017","E01012657",1,55.133
"12018","E01012658",2,39.155
"12019","E01012659",6,15.48
"12020","E01012660",8,8.817
"12021","E01012661",3,28.546
"12022","E01012662",2,35.161
"12023","E01012663",4,24.68
"12024","E01012664",5,20.753
"12025","E01012665",4,21.578
"12026","E01012666",2,38.274
"12027","E01012667",6,15.654
"12028","E01012668",4,23.996
"12029","E01012669",4,26.467
"12030","E01012670",1,88.186
"12031","E01012671",1,89.872
"12032","E01012672",1,85.567
"12033","E01012673",1,91.186
"12034","E01012674",1,78.29
"12035","E01012675",1,83.727
"12036","E01012676",3,32.543
"12037","E01012677",3,30.823
"12038","E01012678",1,63.2
"12039","E01012679",1,86.142
"12040","E01012680",1,66.005
"12041","E01012681",1,80.642
"12042","E01012682",1,86.439
"12043","E01012683",1,86.23
"12044","E01012684",1,70.268
"12045","E01012685",2,35.524
"12046","E01012686",1,67.249
"12047","E01012687",1,65.712
"12048","E01012688",2,34.418
"12049","E01012689",3,28.482
"12050","E01012690",5,19.054
"12051","E01012691",4,26.575
"12052","E01012692",2,43.201
"12053","E01012693",4,22.779
"12054","E01012694",2,37.591
"12055","E01012695",1,54.583
"12056","E01012696",2,37.88
"12057","E01012697",2,35.987
"12058","E01012698",1,64.324
"12059","E01012699",4,25.026
"12060","E01012700",4,22.237
"12061","E01012701",4,22.822
"12062","E01012702",1,53.322
"12063","E01012703",4,25.17
"12064","E01012704",1,60.216
"12065","E01012705",2,40.743
"12066","E01012706",5,20.527
"12067","E01012707",1,46.935
"12068","E01012708",4,23.884
"12069","E01012709",1,48.794
"12070","E01012710",6,17.333
"12071","E01012711",2,38.315
"12072","E01012712",5,20.933
"12073","E01012713",4,22.878
"12074","E01012714",4,24.893
"12075","E01012715",4,26.381
"12076","E01012716",5,20.754
"12077","E01012717",7,12.726
"12078","E01012718",7,11.542
"12079","E01012719",6,15.757
"12080","E01012720",1,69.984
"12081","E01012721",1,76.532
"12082","E01012722",7,12.75
"12083","E01012723",4,23.317
"12084","E01012724",1,74.548
"12085","E01012725",5,20.803
"12086","E01012726",4,23.682
"12087","E01012727",7,13.347
"12088","E01012728",2,41.839
"12089","E01012729",5,18.811
"12090","E01012730",6,14.762
"12091","E01012731",3,28.541
"12092","E01012732",3,31.139
"12093","E01012733",1,57.171
"12094","E01012734",2,36.481
"12095","E01012735",1,66.732
"12096","E01012736",1,80.47
"12097","E01012737",1,91.27
"12098","E01012738",1,78.563
"12099","E01012739",1,56.357
"12100","E01012740",3,28.426
"12101","E01012741",4,26.218
"12102","E01012742",3,30.067
"12103","E01012743",1,62.988
"12104","E01012744",1,55.361
"12105","E01012745",2,44.679
"12106","E01012746",1,45.199
"12107","E01012747",8,10.502
"12108","E01012748",1,60.107
"12109","E01012749",1,45.75
"12110","E01012750",3,27.454
"12111","E01012751",1,84.304
"12112","E01012752",1,48.365
"12113","E01012753",4,23.144
"12114","E01012754",1,56.132
"12115","E01012755",4,25.564
"12116","E01012756",5,19.905
"12117","E01012757",3,31.086
"12118","E01012758",6,14.379
"12119","E01012759",3,29.3
"12120","E01012760",4,26.106
"12121","E01012761",1,53.491
"12122","E01012762",4,24.972
"12123","E01012763",2,44.047
"12124","E01012764",8,10.685
"12125","E01012765",7,13.609
"12126","E01012766",8,10.648
"12127","E01012767",6,17.419
"12128","E01012768",6,14.726
"12129","E01012769",6,15.794
"12130","E01012770",9,5.834
"12131","E01012771",7,14.051
"12132","E01012772",5,17.868
"12133","E01012773",6,16.812
"12134","E01012774",3,28.387
"12135","E01012775",2,35.021
"12136","E01012776",5,19.595
"12137","E01012777",2,33.72
"12138","E01012778",1,61.788
"12139","E01012779",1,63.108
"12140","E01012780",1,57.784
"12141","E01012781",1,62.098
"12142","E01012782",1,63.326
"12143","E01012783",1,59.853
"12144","E01012784",3,32.654
"12145","E01012785",1,71.303
"12146","E01012786",1,48.437
"12147","E01012787",1,65.663
"12148","E01012788",1,59.826
"12149","E01012789",1,58.884
"12150","E01012790",1,58.851
"12151","E01012791",8,8.937
"12152","E01012792",8,8.815
"12153","E01012793",8,10.181
"12154","E01012794",7,13.059
"12155","E01012795",3,32.633
"12156","E01012796",6,17.129
"12157","E01012797",4,22.841
"12158","E01012798",1,49.103
"12159","E01012799",5,21.433
"12160","E01012800",4,24.353
"12161","E01012801",4,21.676
"12162","E01012802",4,23.512
"12163","E01012803",5,19.998
"12164","E01012804",7,12.294
"12165","E01012805",1,58.445
"12166","E01012806",2,44.618
"12167","E01012807",4,23.624
"12168","E01012808",1,58.402
"12169","E01012809",1,51.973
"12170","E01012810",6,15.829
"12171","E01012811",7,11.869
"12172","E01012812",9,6.614
"12173","E01012813",9,6.092
"12174","E01012814",9,6.646
"12175","E01012815",8,8.532
"12176","E01012816",4,24.547
"12177","E01012817",4,25.029
"12178","E01012818",7,11.729
"12179","E01012819",5,19.475
"12180","E01012820",4,25.992
"12181","E01012821",3,31.871
"12182","E01012822",5,18.401
"12183","E01012824",6,14.324
"12184","E01012825",4,21.818
"12185","E01012827",4,25.633
"12186","E01012828",4,25.299
"12187","E01012829",7,14.082
"12188","E01012830",6,14.575
"12189","E01012832",5,20.481
"12190","E01012833",1,48.309
"12191","E01012834",1,56.217
"12192","E01012835",8,10.161
"12193","E01012836",1,65.86
"12194","E01012837",1,48.646
"12195","E01012838",1,50.606
"12196","E01012839",4,24.609
"12197","E01012840",1,51.026
"12198","E01012841",1,66.215
"12199","E01012842",1,63.6
"12200","E01012843",1,65.662
"12201","E01012844",1,69.935
"12202","E01012845",1,56.31
"12203","E01012846",1,63.156
"12204","E01012847",1,64.504
"12205","E01012848",1,46.04
"12206","E01012849",1,46.395
"12207","E01012850",1,63.496
"12208","E01012852",1,54.067
"12209","E01012854",1,60.989
"12210","E01012855",1,66.893
"12211","E01012856",1,65.342
"12212","E01012857",1,65.322
"12213","E01012858",1,47.955
"12214","E01012859",1,57.477
"12215","E01012860",5,19.134
"12216","E01012862",1,57.255
"12217","E01012863",4,23.014
"12218","E01012864",1,54.502
"12219","E01012865",1,46.076
"12220","E01012866",3,28.633
"12221","E01012867",1,52.442
"12222","E01012868",3,31.026
"12223","E01012869",2,39.588
"12224","E01012870",4,26.391
"12225","E01012871",2,36.479
"12226","E01012872",1,46.476
"12227","E01012873",1,61.607
"12228","E01012874",1,59.332
"12229","E01012875",1,67.274
"12230","E01012876",1,72.378
"12231","E01012877",1,67.61
"12232","E01012878",1,56.343
"12233","E01012879",1,72.256
"12234","E01012880",1,59.101
"12235","E01012881",1,58.597
"12236","E01012882",8,10.983
"12237","E01012883",5,20.615
"12238","E01012884",2,36.271
"12239","E01012886",2,41.857
"12240","E01012887",1,57.66
"12241","E01012888",1,61.571
"12242","E01012889",1,65.709
"12243","E01012891",1,59.397
"12244","E01012892",1,51.046
"12245","E01012893",1,64.762
"12246","E01012894",2,41.578
"12247","E01012896",4,24.387
"12248","E01012898",1,54.787
"12249","E01012899",4,24.232
"12250","E01012900",1,57.721
"12251","E01012901",4,24.997
"12252","E01012902",6,16.809
"12253","E01012903",2,40.025
"12254","E01012904",5,19.351
"12255","E01012905",1,46.13
"12256","E01012906",1,54.826
"12257","E01012907",2,36.643
"12258","E01012908",1,50.791
"12259","E01012909",9,6.508
"12260","E01012910",6,15.555
"12261","E01012911",9,7.122
"12262","E01012912",6,14.306
"12263","E01012913",3,31.657
"12264","E01012914",6,15.814
"12265","E01012915",2,43.989
"12266","E01012916",7,11.401
"12267","E01012917",2,37.15
"12268","E01012918",1,47.547
"12269","E01012919",9,7.166
"12270","E01012921",9,6.781
"12271","E01012922",5,17.741
"12272","E01012923",7,12.851
"12273","E01012924",8,8.417
"12274","E01012925",9,7.095
"12275","E01012926",9,7.976
"12276","E01012927",10,5.208
"12277","E01012928",1,61.917
"12278","E01012929",3,27.178
"12279","E01012930",6,14.767
"12280","E01012931",1,58.173
"12281","E01012932",1,51.765
"12282","E01012933",6,14.939
"12283","E01012934",5,19.926
"12284","E01012935",8,8.844
"12285","E01012936",3,28.814
"12286","E01012937",5,18.371
"12287","E01012939",8,9.957
"12288","E01012940",6,15.679
"12289","E01012941",6,15.592
"12290","E01012942",8,11.097
"12291","E01012943",2,37.007
"12292","E01012944",1,73.17
"12293","E01012945",1,47.562
"12294","E01012946",1,60.418
"12295","E01012947",4,23.521
"12296","E01012948",1,70.666
"12297","E01012949",1,45.043
"12298","E01012950",7,12.191
"12299","E01012951",1,46.952
"12300","E01012952",1,47.234
"12301","E01012953",8,10.982
"12302","E01012954",7,11.618
"12303","E01012955",9,7.806
"12304","E01012956",9,6.677
"12305","E01012957",7,13.801
"12306","E01012958",10,3.422
"12307","E01012959",9,7.008
"12308","E01012960",8,10.046
"12309","E01012961",7,11.198
"12310","E01012962",10,3.98
"12311","E01012963",3,27.651
"12312","E01012964",5,20.167
"12313","E01012966",6,14.726
"12314","E01012967",10,4.825
"12315","E01012968",10,4.199
"12316","E01012969",7,12.028
"12317","E01012970",10,4.098
"12318","E01012972",10,2.628
"12319","E01012974",8,9.257
"12320","E01012975",9,7.892
"12321","E01012976",2,33.634
"12322","E01012978",10,3.148
"12323","E01012979",6,14.173
"12324","E01012980",4,25.559
"12325","E01012981",4,26.165
"12326","E01012982",6,14.625
"12327","E01012983",9,7.55
"12328","E01012984",9,8.148
"12329","E01012985",7,13.707
"12330","E01012986",3,30.891
"12331","E01012987",6,14.209
"12332","E01012988",7,11.869
"12333","E01012989",7,11.451
"12334","E01012990",4,24.068
"12335","E01012991",5,18.242
"12336","E01012992",3,28.035
"12337","E01012993",6,15.466
"12338","E01012994",4,23.469
"12339","E01012995",3,28.653
"12340","E01012996",9,6.792
"12341","E01012997",2,34.467
"12342","E01012998",9,6.103
"12343","E01012999",2,38.553
"12344","E01013000",2,43.461
"12345","E01013001",6,15.954
"12346","E01013002",2,38.963
"12347","E01013003",5,19.495
"12348","E01013004",3,30.027
"12349","E01013005",10,5.094
"12350","E01013006",5,18.221
"12351","E01013007",7,11.747
"12352","E01013008",7,13.338
"12353","E01013009",4,22.158
"12354","E01013010",7,13.3
"12355","E01013011",7,11.834
"12356","E01013012",9,5.755
"12357","E01013013",8,9.529
"12358","E01013014",8,9.275
"12359","E01013015",8,8.455
"12360","E01013016",10,5.432
"12361","E01013017",6,16.778
"12362","E01013018",7,14.034
"12363","E01013019",6,15.383
"12364","E01013020",7,11.657
"12365","E01013021",7,11.802
"12366","E01013022",7,14.043
"12367","E01013023",7,12.593
"12368","E01013024",6,16.002
"12369","E01013025",7,12.857
"12370","E01013026",7,11.885
"12371","E01013027",6,15.882
"12372","E01013028",7,12.292
"12373","E01013029",3,30.323
"12374","E01013030",6,17.049
"12375","E01013031",7,11.3
"12376","E01013032",8,10.729
"12377","E01013033",7,12.503
"12378","E01013034",7,13.732
"12379","E01013035",8,10.294
"12380","E01013036",5,20.751
"12381","E01013037",8,10.062
"12382","E01013038",2,41.676
"12383","E01013039",8,10.566
"12384","E01013040",9,7.273
"12385","E01013041",6,16.739
"12386","E01013042",10,1.596
"12387","E01013043",10,4.627
"12388","E01013044",10,3.031
"12389","E01013045",2,36.97
"12390","E01013046",7,11.312
"12391","E01013047",4,24.817
"12392","E01013048",6,15.707
"12393","E01013049",5,21.026
"12394","E01013050",5,20.697
"12395","E01013051",3,27.122
"12396","E01013053",9,8.278
"12397","E01013054",9,6.105
"12398","E01013055",8,9.462
"12399","E01013056",5,17.996
"12400","E01013057",9,6.775
"12401","E01013058",7,11.687
"12402","E01013059",9,6.848
"12403","E01013060",10,4.809
"12404","E01013061",8,8.99
"12405","E01013062",6,15.654
"12406","E01013063",9,5.789
"12407","E01013064",10,3.503
"12408","E01013065",8,8.43
"12409","E01013066",10,2.255
"12410","E01013067",10,1.99
"12411","E01013068",10,2.658
"12412","E01013069",7,12.253
"12413","E01013070",10,3.919
"12414","E01013071",3,30.084
"12415","E01013072",6,17.087
"12416","E01013073",8,10.763
"12417","E01013074",6,15.322
"12418","E01013075",7,11.798
"12419","E01013076",4,25.459
"12420","E01013077",9,8.347
"12421","E01013078",6,17.062
"12422","E01013079",5,20.939
"12423","E01013080",1,54.847
"12424","E01013081",6,15.767
"12425","E01013082",4,22.82
"12426","E01013083",1,53.209
"12427","E01013084",1,62.827
"12428","E01013085",5,18.265
"12429","E01013086",3,28.8
"12430","E01013087",3,31.33
"12431","E01013088",10,3.853
"12432","E01013089",10,4.929
"12433","E01013090",10,4.177
"12434","E01013091",10,5.125
"12435","E01013092",10,5.222
"12436","E01013093",10,3.692
"12437","E01013094",7,12.739
"12438","E01013095",6,15.471
"12439","E01013096",7,11.972
"12440","E01013097",7,11.757
"12441","E01013098",9,7.549
"12442","E01013099",3,29.386
"12443","E01013100",9,7.645
"12444","E01013101",8,10.079
"12445","E01013102",7,11.46
"12446","E01013103",10,4.078
"12447","E01013104",8,8.446
"12448","E01013105",5,17.62
"12449","E01013106",4,21.773
"12450","E01013107",6,17.247
"12451","E01013108",10,4.217
"12452","E01013110",9,7.048
"12453","E01013111",9,5.746
"12454","E01013112",10,4.437
"12455","E01013113",10,2.716
"12456","E01013114",10,2.529
"12457","E01013115",9,5.733
"12458","E01013116",10,1.786
"12459","E01013117",10,3.946
"12460","E01013118",10,2.841
"12461","E01013119",5,17.635
"12462","E01013120",9,6.186
"12463","E01013121",9,7.912
"12464","E01013122",7,11.732
"12465","E01013123",8,9.688
"12466","E01013124",5,18.873
"12467","E01013125",5,19.862
"12468","E01013126",8,10.376
"12469","E01013127",7,12.039
"12470","E01013128",2,43.076
"12471","E01013129",1,45.102
"12472","E01013130",2,35.488
"12473","E01013131",2,39.235
"12474","E01013132",6,16.89
"12475","E01013133",4,25.105
"12476","E01013134",3,29.365
"12477","E01013135",3,33.478
"12478","E01013136",1,82.884
"12479","E01013138",1,84.525
"12480","E01013140",1,74.841
"12481","E01013141",1,51.898
"12482","E01013142",1,74.397
"12483","E01013143",2,36.39
"12484","E01013144",1,68.809
"12485","E01013145",8,11.059
"12486","E01013146",6,15.769
"12487","E01013147",2,39.198
"12488","E01013148",9,7.387
"12489","E01013149",9,7.211
"12490","E01013150",8,8.497
"12491","E01013151",9,7.653
"12492","E01013152",10,4.787
"12493","E01013153",7,11.519
"12494","E01013154",9,8.24
"12495","E01013155",10,5.158
"12496","E01013156",3,29.853
"12497","E01013157",10,4.729
"12498","E01013158",4,25.817
"12499","E01013159",1,60.15
"12500","E01013160",6,16.306
"12501","E01013161",1,50.159
"12502","E01013162",1,46.722
"12503","E01013163",8,10.655
"12504","E01013164",3,30.502
"12505","E01013165",1,68.124
"12506","E01013167",8,10.696
"12507","E01013170",8,10.495
"12508","E01013171",8,9.03
"12509","E01013172",9,8.34
"12510","E01013173",6,16.16
"12511","E01013174",1,55.91
"12512","E01013175",8,9.737
"12513","E01013176",6,17.37
"12514","E01013177",1,51.762
"12515","E01013178",7,14.054
"12516","E01013179",4,24.355
"12517","E01013180",6,16.684
"12518","E01013181",1,56.14
"12519","E01013182",7,11.185
"12520","E01013183",5,20.081
"12521","E01013184",3,30.794
"12522","E01013185",7,12.963
"12523","E01013186",8,9.208
"12524","E01013187",2,39.818
"12525","E01013188",7,14.053
"12526","E01013189",8,8.717
"12527","E01013191",10,5.194
"12528","E01013192",3,32.948
"12529","E01013193",9,7.061
"12530","E01013194",8,8.986
"12531","E01013195",2,42.198
"12532","E01013196",1,53.283
"12533","E01013197",5,21.346
"12534","E01013198",3,27.999
"12535","E01013199",1,52.937
"12536","E01013200",6,14.89
"12537","E01013201",1,66.663
"12538","E01013202",2,44.041
"12539","E01013203",1,74.407
"12540","E01013204",2,40.019
"12541","E01013205",1,66.564
"12542","E01013206",1,46.63
"12543","E01013207",4,22.21
"12544","E01013208",1,80.749
"12545","E01013209",1,69.678
"12546","E01013210",1,62.658
"12547","E01013211",5,19.328
"12548","E01013212",1,71.757
"12549","E01013213",4,25.861
"12550","E01013214",8,8.683
"12551","E01013215",10,4.124
"12552","E01013216",9,7.193
"12553","E01013217",9,7.882
"12554","E01013218",1,59.629
"12555","E01013219",2,41.474
"12556","E01013220",1,53.761
"12557","E01013221",1,68.425
"12558","E01013222",1,56.39
"12559","E01013224",6,16.029
"12560","E01013225",5,20.324
"12561","E01013226",8,10.577
"12562","E01013227",4,22.341
"12563","E01013228",8,11.043
"12564","E01013229",2,41.069
"12565","E01013231",3,27.237
"12566","E01013233",3,30.464
"12567","E01013234",6,17.204
"12568","E01013236",5,18.561
"12569","E01013237",1,46.766
"12570","E01013238",2,44.299
"12571","E01013239",4,26.356
"12572","E01013241",8,9.412
"12573","E01013242",8,11.058
"12574","E01013243",8,10.318
"12575","E01013244",4,24.003
"12576","E01013245",2,38.609
"12577","E01013246",4,26.352
"12578","E01013247",5,17.564
"12579","E01013248",6,14.509
"12580","E01013249",3,27.913
"12581","E01013250",6,15.362
"12582","E01013251",8,10.292
"12583","E01013252",8,10.114
"12584","E01013253",4,21.54
"12585","E01013254",3,26.692
"12586","E01013255",6,14.503
"12587","E01013256",7,11.371
"12588","E01013257",9,6.108
"12589","E01013258",4,25.002
"12590","E01013259",4,23.837
"12591","E01013260",9,7.62
"12592","E01013261",9,5.688
"12593","E01013262",8,8.611
"12594","E01013263",8,9.722
"12595","E01013264",8,11.063
"12596","E01013265",9,7.419
"12597","E01013266",9,6.536
"12598","E01013267",6,15.166
"12599","E01013268",5,17.988
"12600","E01013269",8,10.711
"12601","E01013270",5,19.538
"12602","E01013271",4,26.308
"12603","E01013272",2,35.387
"12604","E01013273",9,8.241
"12605","E01013274",5,19.435
"12606","E01013275",8,11.09
"12607","E01013276",5,20.598
"12608","E01013277",7,12.566
"12609","E01013278",1,67.521
"12610","E01013279",1,66.925
"12611","E01013280",4,23.497
"12612","E01013281",1,44.997
"12613","E01013282",3,28.54
"12614","E01013283",2,40.158
"12615","E01013284",1,47.836
"12616","E01013285",6,16.706
"12617","E01013286",3,29.319
"12618","E01013287",5,20.292
"12619","E01013288",7,13.435
"12620","E01013289",6,15.496
"12621","E01013290",6,17.123
"12622","E01013291",2,38.449
"12623","E01013292",6,14.856
"12624","E01013293",8,10.027
"12625","E01013294",6,15.333
"12626","E01013295",7,14.011
"12627","E01013296",1,56.314
"12628","E01013297",5,19.72
"12629","E01013298",2,41.884
"12630","E01013299",1,51.353
"12631","E01013300",1,52.033
"12632","E01013301",6,15.058
"12633","E01013302",5,19.141
"12634","E01013303",3,28.776
"12635","E01013304",7,11.143
"12636","E01013305",8,10.932
"12637","E01013306",4,24.138
"12638","E01013307",6,14.44
"12639","E01013308",3,29.082
"12640","E01013309",5,19.327
"12641","E01013310",3,28.874
"12642","E01013311",1,58.634
"12643","E01013312",1,54.31
"12644","E01013313",5,19.069
"12645","E01013314",4,24.576
"12646","E01013315",2,40.947
"12647","E01013316",9,7.493
"12648","E01013317",5,19.978
"12649","E01013318",6,16.063
"12650","E01013319",2,36.865
"12651","E01013320",4,25.828
"12652","E01013321",9,8.292
"12653","E01013322",6,15.716
"12654","E01013323",5,17.745
"12655","E01013324",6,14.89
"12656","E01013325",7,11.798
"12657","E01013326",7,12.906
"12658","E01013327",7,12.448
"12659","E01013328",9,6.673
"12660","E01013329",4,21.617
"12661","E01013330",1,52.458
"12662","E01013331",2,44.881
"12663","E01013332",2,41.135
"12664","E01013333",6,15.774
"12665","E01013334",5,20.12
"12666","E01013335",2,34.382
"12667","E01013336",7,11.305
"12668","E01013337",9,5.539
"12669","E01013338",9,7.193
"12670","E01013339",10,3.099
"12671","E01013340",10,2.646
"12672","E01013341",9,7.905
"12673","E01013342",8,8.875
"12674","E01013343",8,10.488
"12675","E01013344",9,8.248
"12676","E01013345",8,10.002
"12677","E01013346",7,11.876
"12678","E01013347",2,41.468
"12679","E01013348",9,7.213
"12680","E01013349",2,42.327
"12681","E01013350",3,31.55
"12682","E01013351",9,5.515
"12683","E01013352",10,5.276
"12684","E01013353",5,20.142
"12685","E01013354",10,2.732
"12686","E01013355",10,4.314
"12687","E01013356",9,7.439
"12688","E01013357",10,2.474
"12689","E01013358",10,2.923
"12690","E01013359",5,17.771
"12691","E01013360",10,2.946
"12692","E01013361",9,7.602
"12693","E01013362",10,4.846
"12694","E01013363",7,11.668
"12695","E01013364",6,16.774
"12696","E01013366",3,28.643
"12697","E01013368",8,9.054
"12698","E01013369",5,20.295
"12699","E01013370",9,7.576
"12700","E01013371",10,1.981
"12701","E01013372",10,3.842
"12702","E01013373",7,13.682
"12703","E01013374",10,2.784
"12704","E01013375",10,3.019
"12705","E01013376",10,4.137
"12706","E01013377",10,3.704
"12707","E01013378",9,5.495
"12708","E01013379",10,2.475
"12709","E01013380",8,9.477
"12710","E01013381",9,6.061
"12711","E01013382",5,18.914
"12712","E01013383",7,13.748
"12713","E01013384",5,20.128
"12714","E01013385",3,26.635
"12715","E01013386",3,32.628
"12716","E01013387",10,1.408
"12717","E01013388",10,3.658
"12718","E01013389",10,4.573
"12719","E01013390",5,21.111
"12720","E01013391",8,10.451
"12721","E01013392",9,6.482
"12722","E01013393",7,12.6
"12723","E01013394",3,30.626
"12724","E01013395",9,6.03
"12725","E01013396",8,10.785
"12726","E01013397",10,5.059
"12727","E01013398",7,14.047
"12728","E01013399",2,39.531
"12729","E01013400",8,10.237
"12730","E01013401",7,12.816
"12731","E01013402",10,1.793
"12732","E01013403",8,10.432
"12733","E01013404",5,20.637
"12734","E01013405",10,3.798
"12735","E01013406",7,11.99
"12736","E01013407",9,6.331
"12737","E01013408",10,4.923
"12738","E01013409",9,7.732
"12739","E01013410",3,32.444
"12740","E01013411",10,4.833
"12741","E01013412",9,7.57
"12742","E01013413",9,5.865
"12743","E01013414",10,5.367
"12744","E01013416",3,32.895
"12745","E01013417",9,8.196
"12746","E01013418",6,16.282
"12747","E01013419",8,8.98
"12748","E01013420",10,3.94
"12749","E01013421",9,8.335
"12750","E01013422",9,5.542
"12751","E01013423",10,3.169
"12752","E01013424",10,3.583
"12753","E01013425",9,6.289
"12754","E01013426",9,6.184
"12755","E01013427",10,2.147
"12756","E01013428",8,8.435
"12757","E01013429",9,5.676
"12758","E01013430",8,10.872
"12759","E01013431",9,5.465
"12760","E01013432",10,3.595
"12761","E01013433",10,1.442
"12762","E01013434",10,3.935
"12763","E01013435",10,4.736
"12764","E01013436",10,3.75
"12765","E01013437",7,13.792
"12766","E01013438",8,10.023
"12767","E01013439",10,4.142
"12768","E01013440",10,4.125
"12769","E01013441",7,11.584
"12770","E01013442",6,17.122
"12771","E01013443",2,44.411
"12772","E01013444",2,35.627
"12773","E01013445",3,31.214
"12774","E01013446",4,23.213
"12775","E01013447",3,31.808
"12776","E01013448",2,35.863
"12777","E01013449",6,15.731
"12778","E01013450",8,10.53
"12779","E01013451",9,6.373
"12780","E01013452",10,4.744
"12781","E01013453",2,36.263
"12782","E01013454",2,35.369
"12783","E01013455",3,28.683
"12784","E01013456",1,62.708
"12785","E01013457",2,34.174
"12786","E01013458",5,21.022
"12787","E01013459",3,29.669
"12788","E01013460",2,36.688
"12789","E01013461",10,2.981
"12790","E01013462",9,6.542
"12791","E01013463",10,3.239
"12792","E01013464",9,6.743
"12793","E01013465",10,2.633
"12794","E01013466",10,1.575
"12795","E01013467",10,2.465
"12796","E01013468",10,3.68
"12797","E01013469",8,8.79
"12798","E01013470",4,26.538
"12799","E01013471",3,33.16
"12800","E01013472",1,54.975
"12801","E01013473",1,45.089
"12802","E01013474",2,35.863
"12803","E01013475",2,42.057
"12804","E01013476",6,15.684
"12805","E01013477",3,31.027
"12806","E01013480",1,78.105
"12807","E01013481",1,56.35
"12808","E01013483",1,47.673
"12809","E01013484",1,71.807
"12810","E01013485",1,65.833
"12811","E01013486",1,64.578
"12812","E01013487",1,61.572
"12813","E01013488",7,11.392
"12814","E01013489",9,7.602
"12815","E01013490",8,10.805
"12816","E01013491",6,17.054
"12817","E01013492",7,11.659
"12818","E01013493",5,20.216
"12819","E01013494",4,26.333
"12820","E01013495",5,20.273
"12821","E01013496",1,56.296
"12822","E01013497",2,34.883
"12823","E01013498",4,21.902
"12824","E01013499",2,38.976
"12825","E01013500",5,17.698
"12826","E01013501",6,15.847
"12827","E01013502",3,30.815
"12828","E01013503",5,18.057
"12829","E01013504",2,42.424
"12830","E01013505",7,11.409
"12831","E01013506",6,17.018
"12832","E01013507",6,14.443
"12833","E01013508",2,37.598
"12834","E01013509",5,17.557
"12835","E01013510",2,36.249
"12836","E01013511",9,7.932
"12837","E01013512",2,35.358
"12838","E01013513",3,30.414
"12839","E01013514",9,7.325
"12840","E01013515",5,19.972
"12841","E01013517",3,28.211
"12842","E01013518",7,13.523
"12843","E01013519",6,16.092
"12844","E01013520",10,4.578
"12845","E01013521",2,41.036
"12846","E01013522",2,34.821
"12847","E01013523",2,35.227
"12848","E01013524",4,25.807
"12849","E01013525",4,23.416
"12850","E01013526",9,6.523
"12851","E01013527",10,3.1
"12852","E01013528",6,14.753
"12853","E01013529",6,15.16
"12854","E01013530",4,22.168
"12855","E01013531",3,26.892
"12856","E01013532",3,29.476
"12857","E01013533",1,64.468
"12858","E01013534",4,21.915
"12859","E01013535",1,65.338
"12860","E01013536",1,62.259
"12861","E01013537",4,21.888
"12862","E01013538",2,37.922
"12863","E01013539",10,3
"12864","E01013540",8,9.251
"12865","E01013541",6,16.914
"12866","E01013542",6,15.377
"12867","E01013543",10,4.583
"12868","E01013544",10,1.927
"12869","E01013545",6,15.436
"12870","E01013546",8,9.885
"12871","E01013547",3,27.937
"12872","E01013548",3,28.856
"12873","E01013549",3,29.283
"12874","E01013550",2,42.925
"12875","E01013551",5,20.6
"12876","E01013552",2,37.116
"12877","E01013553",3,30.746
"12878","E01013554",2,36.76
"12879","E01013555",5,19.686
"12880","E01013556",10,4.816
"12881","E01013557",10,3.281
"12882","E01013558",8,10.118
"12883","E01013559",9,6.322
"12884","E01013560",10,4.643
"12885","E01013561",9,7.856
"12886","E01013562",5,18.226
"12887","E01013563",9,5.854
"12888","E01013564",8,8.463
"12889","E01013565",1,48.067
"12890","E01013566",1,73.625
"12891","E01013567",1,59.726
"12892","E01013568",1,56.441
"12893","E01013569",2,44.079
"12894","E01013570",1,52.279
"12895","E01013571",1,46.651
"12896","E01013572",3,28.832
"12897","E01013573",1,49.248
"12898","E01013574",8,8.618
"12899","E01013575",9,6.59
"12900","E01013576",10,4.921
"12901","E01013577",10,3.771
"12902","E01013578",10,4.831
"12903","E01013579",9,8.011
"12904","E01013580",9,8.118
"12905","E01013581",2,37.789
"12906","E01013582",4,22.71
"12907","E01013583",1,47.625
"12908","E01013584",1,47.761
"12909","E01013585",2,34.375
"12910","E01013586",2,43.498
"12911","E01013587",5,17.663
"12912","E01013588",2,33.834
"12913","E01013589",7,12.527
"12914","E01013590",1,56.883
"12915","E01013591",1,54.186
"12916","E01013592",6,14.341
"12917","E01013593",8,9.539
"12918","E01013594",9,6.906
"12919","E01013595",5,18.301
"12920","E01013596",8,10.712
"12921","E01013597",2,36.301
"12922","E01013598",3,28.131
"12923","E01013599",10,5.388
"12924","E01013600",1,57.084
"12925","E01013601",1,47.088
"12926","E01013602",1,48.823
"12927","E01013603",1,74.795
"12928","E01013604",2,42.917
"12929","E01013605",3,31.069
"12930","E01013606",5,17.68
"12931","E01013608",6,17.013
"12932","E01013609",6,15.468
"12933","E01013610",2,42.135
"12934","E01013611",3,27.925
"12935","E01013612",4,23.025
"12936","E01013613",2,36.162
"12937","E01013614",3,27.515
"12938","E01013615",6,15.574
"12939","E01013616",3,28.042
"12940","E01013617",4,24.938
"12941","E01013618",3,28.576
"12942","E01013619",1,54.893
"12943","E01013620",1,55.16
"12944","E01013621",1,51.862
"12945","E01013622",1,55.767
"12946","E01013623",5,19.349
"12947","E01013624",2,33.656
"12948","E01013625",2,39.9
"12949","E01013626",2,38.054
"12950","E01013627",5,19.804
"12951","E01013628",2,41.965
"12952","E01013629",3,32.107
"12953","E01013630",2,34.876
"12954","E01013631",2,44.214
"12955","E01013632",1,70.364
"12956","E01013633",1,50.61
"12957","E01013634",2,44.55
"12958","E01013635",4,24.523
"12959","E01013636",6,15.739
"12960","E01013637",1,48.943
"12961","E01013638",1,73.108
"12962","E01013639",2,38.116
"12963","E01013640",1,59.118
"12964","E01013641",2,34.553
"12965","E01013642",5,18.648
"12966","E01013643",6,16.796
"12967","E01013648",3,26.655
"12968","E01013649",4,22.519
"12969","E01013650",6,14.999
"12970","E01013651",2,41.632
"12971","E01013652",2,43.466
"12972","E01013653",2,38.132
"12973","E01013654",2,44.775
"12974","E01013655",2,37.773
"12975","E01013656",2,38.455
"12976","E01013657",2,43.685
"12977","E01013658",2,36.625
"12978","E01013659",2,43.274
"12979","E01013660",2,38.936
"12980","E01013661",1,58.56
"12981","E01013662",3,30.274
"12982","E01013663",3,28.847
"12983","E01013664",1,50.517
"12984","E01013665",3,33.234
"12985","E01013666",7,12.464
"12986","E01013667",2,41.07
"12987","E01013668",3,26.806
"12988","E01013669",8,9.956
"12989","E01013670",6,16.869
"12990","E01013671",4,22.868
"12991","E01013672",6,16.254
"12992","E01013673",2,44.529
"12993","E01013674",1,70.763
"12994","E01013675",2,43.025
"12995","E01013676",1,45.428
"12996","E01013677",1,47.649
"12997","E01013678",2,39.267
"12998","E01013679",1,48.911
"12999","E01013680",6,16.716
"13000","E01013681",2,42.4
"13001","E01013682",2,36.729
"13002","E01013683",2,39.758
"13003","E01013684",2,40.723
"13004","E01013685",7,14.055
"13005","E01013686",7,12.621
"13006","E01013687",2,38.379
"13007","E01013688",2,43.814
"13008","E01013689",4,21.577
"13009","E01013690",3,32.952
"13010","E01013691",1,63.502
"13011","E01013692",1,64.928
"13012","E01013693",1,66.841
"13013","E01013694",2,36.191
"13014","E01013696",4,22.141
"13015","E01013698",3,29.677
"13016","E01013699",5,17.676
"13017","E01013700",4,25.728
"13018","E01013702",8,10.422
"13019","E01013703",9,8.184
"13020","E01013704",8,10.011
"13021","E01013705",4,23.543
"13022","E01013706",9,7.852
"13023","E01013707",9,8.171
"13024","E01013709",6,14.765
"13025","E01013710",5,20.646
"13026","E01013711",4,24.75
"13027","E01013712",7,12.773
"13028","E01013713",2,36.823
"13029","E01013714",4,25.939
"13030","E01013715",3,29.786
"13031","E01013717",3,30.439
"13032","E01013718",2,33.54
"13033","E01013719",2,33.965
"13034","E01013720",2,40.455
"13035","E01013721",3,30.937
"13036","E01013722",2,44.58
"13037","E01013723",1,46.557
"13038","E01013725",1,58.405
"13039","E01013726",1,75.544
"13040","E01013727",1,50.488
"13041","E01013728",1,47.309
"13042","E01013729",4,24.359
"13043","E01013730",1,70.22
"13044","E01013731",2,37.954
"13045","E01013732",2,33.998
"13046","E01013733",5,18.903
"13047","E01013734",4,22.191
"13048","E01013735",6,16.645
"13049","E01013736",5,19.141
"13050","E01013737",5,20.152
"13051","E01013738",5,17.744
"13052","E01013739",3,31.52
"13053","E01013740",4,22.077
"13054","E01013741",4,22.681
"13055","E01013742",2,38.738
"13056","E01013743",2,34.101
"13057","E01013744",2,37.131
"13058","E01013745",2,40.847
"13059","E01013746",1,57.398
"13060","E01013747",3,30.391
"13061","E01013748",1,55.303
"13062","E01013749",4,25.727
"13063","E01013750",3,28.807
"13064","E01013751",2,40.72
"13065","E01013752",2,40.945
"13066","E01013753",1,52.577
"13067","E01013754",1,46.991
"13068","E01013755",1,49.263
"13069","E01013756",2,35.179
"13070","E01013757",5,19.967
"13071","E01013758",3,29.444
"13072","E01013759",6,15.316
"13073","E01013760",1,52.845
"13074","E01013761",1,58.433
"13075","E01013762",1,46.101
"13076","E01013763",1,47.181
"13077","E01013764",5,19.436
"13078","E01013765",1,50.735
"13079","E01013766",5,17.756
"13080","E01013767",4,23.789
"13081","E01013768",2,38.357
"13082","E01013770",4,24.767
"13083","E01013771",6,14.558
"13084","E01013772",2,43.152
"13085","E01013773",3,30.724
"13086","E01013774",2,40.856
"13087","E01013776",2,41.481
"13088","E01013777",2,37.198
"13089","E01013779",2,36.549
"13090","E01013780",8,10.756
"13091","E01013781",2,43.241
"13092","E01013782",3,27.463
"13093","E01013783",7,12.238
"13094","E01013784",3,27.274
"13095","E01013785",8,8.384
"13096","E01013786",3,27.518
"13097","E01013787",6,14.351
"13098","E01013788",8,9.234
"13099","E01013789",7,11.142
"13100","E01013790",6,16.053
"13101","E01013791",7,11.66
"13102","E01013792",8,8.724
"13103","E01013793",8,10.24
"13104","E01013794",8,10.855
"13105","E01013795",7,12.868
"13106","E01013796",9,7.835
"13107","E01013797",8,9.419
"13108","E01013798",10,2.665
"13109","E01013799",6,14.22
"13110","E01013800",9,7.76
"13111","E01013803",9,6.049
"13112","E01013804",9,7.05
"13113","E01013805",7,13.084
"13114","E01013806",9,7.299
"13115","E01013807",8,9.373
"13116","E01013808",7,11.403
"13117","E01013809",8,10.121
"13118","E01013810",1,54.609
"13119","E01013811",1,63.876
"13120","E01013812",1,74.818
"13121","E01013813",3,30.646
"13122","E01013814",2,44.144
"13123","E01013815",2,38.001
"13124","E01013816",5,21.006
"13125","E01013817",1,62.038
"13126","E01013818",1,67.842
"13127","E01013819",1,50.875
"13128","E01013820",1,46.864
"13129","E01013821",1,48.301
"13130","E01013822",1,53.367
"13131","E01013823",2,43.313
"13132","E01013824",2,44.176
"13133","E01013825",2,44.741
"13134","E01013826",1,56.791
"13135","E01013827",2,35.183
"13136","E01013828",3,31.316
"13137","E01013829",3,32.732
"13138","E01013830",3,28.831
"13139","E01013831",6,16.381
"13140","E01013832",2,36.657
"13141","E01013833",1,48.125
"13142","E01013834",2,43.937
"13143","E01013835",2,40.293
"13144","E01013836",2,44.614
"13145","E01013837",8,11.114
"13146","E01013838",7,12.675
"13147","E01013839",1,51.353
"13148","E01013840",6,15.017
"13149","E01013841",1,53.227
"13150","E01013842",1,52.963
"13151","E01013843",3,29.951
"13152","E01013844",1,49.881
"13153","E01013845",1,52.243
"13154","E01013846",1,52.474
"13155","E01013847",2,43.844
"13156","E01013849",1,51.185
"13157","E01013850",1,47.24
"13158","E01013851",1,68.525
"13159","E01013852",2,42.112
"13160","E01013853",2,38.384
"13161","E01013854",2,41.899
"13162","E01013855",1,49.823
"13163","E01013856",2,35.878
"13164","E01013858",2,37.332
"13165","E01013859",1,46.589
"13166","E01013860",2,41.849
"13167","E01013861",1,69.088
"13168","E01013862",1,53.566
"13169","E01013863",4,24.272
"13170","E01013864",2,39.087
"13171","E01013865",1,47.763
"13172","E01013866",2,44.654
"13173","E01013867",1,48.117
"13174","E01013868",1,56.391
"13175","E01013870",3,32.246
"13176","E01013871",2,39.969
"13177","E01013872",3,32.406
"13178","E01013873",2,34.273
"13179","E01013874",5,19.018
"13180","E01013875",6,14.415
"13181","E01013876",1,57.472
"13182","E01013877",1,76.673
"13183","E01013878",1,50.781
"13184","E01013879",1,64.012
"13185","E01013880",1,59.525
"13186","E01013881",1,50.476
"13187","E01013882",1,46.158
"13188","E01013883",1,47.135
"13189","E01013884",1,54.345
"13190","E01013885",1,57.79
"13191","E01013886",2,42.782
"13192","E01013887",8,10.977
"13193","E01013888",3,30.594
"13194","E01013889",5,18.795
"13195","E01013890",4,24.988
"13196","E01013891",1,46.406
"13197","E01013892",8,11.024
"13198","E01013893",1,49.103
"13199","E01013894",6,15.593
"13200","E01013895",9,6.889
"13201","E01013896",1,44.952
"13202","E01013897",3,32.377
"13203","E01013898",5,20.427
"13204","E01013899",2,36.271
"13205","E01013900",2,39.106
"13206","E01013901",10,5.149
"13207","E01013902",9,7.333
"13208","E01013903",5,21.034
"13209","E01013904",3,30.727
"13210","E01013905",2,40.193
"13211","E01013906",3,32.941
"13212","E01013907",2,41.104
"13213","E01013908",1,45.175
"13214","E01013909",1,55.744
"13215","E01013910",2,33.585
"13216","E01013911",2,35.884
"13217","E01013912",6,16.268
"13218","E01013913",5,18.538
"13219","E01013914",6,15.255
"13220","E01013915",4,24.013
"13221","E01013916",1,46.58
"13222","E01013917",2,40.024
"13223","E01013918",1,49.035
"13224","E01013919",1,48.302
"13225","E01013920",2,42.086
"13226","E01013921",1,56.457
"13227","E01013928",6,14.915
"13228","E01013929",4,23.796
"13229","E01013930",2,35.721
"13230","E01013931",5,17.495
"13231","E01013932",5,20.838
"13232","E01013933",2,38.503
"13233","E01013934",3,29.139
"13234","E01013935",6,15.531
"13235","E01013936",4,23.318
"13236","E01013937",4,21.707
"13237","E01013938",7,13.334
"13238","E01013939",4,23.379
"13239","E01013940",2,41.758
"13240","E01013941",5,17.925
"13241","E01013942",1,48.041
"13242","E01013943",3,32.84
"13243","E01013944",2,43.171
"13244","E01013945",2,42.074
"13245","E01013947",1,49.696
"13246","E01013948",1,68.186
"13247","E01013953",7,12.556
"13248","E01013954",2,44.676
"13249","E01013957",2,41.745
"13250","E01013958",1,49.373
"13251","E01013959",1,53.538
"13252","E01013960",1,54.318
"13253","E01013961",3,32.809
"13254","E01013962",2,39.337
"13255","E01013963",1,48.578
"13256","E01013964",5,18.925
"13257","E01013965",2,36.528
"13258","E01013966",2,33.824
"13259","E01013967",3,28.422
"13260","E01013968",5,17.825
"13261","E01013969",3,27.656
"13262","E01013970",5,17.474
"13263","E01013971",3,26.948
"13264","E01013972",2,35.423
"13265","E01013977",9,6.495
"13266","E01013978",7,12.994
"13267","E01013979",9,8.143
"13268","E01013980",10,5.169
"13269","E01013981",10,5.45
"13270","E01013982",10,3.727
"13271","E01013983",3,31.755
"13272","E01013984",10,2.053
"13273","E01013985",9,6.608
"13274","E01013986",4,24.475
"13275","E01013987",9,6.724
"13276","E01013988",9,8.256
"13277","E01013989",4,24.26
"13278","E01013990",7,12.611
"13279","E01013991",5,18.925
"13280","E01013992",3,26.868
"13281","E01013993",3,31.309
"13282","E01013994",2,38.353
"13283","E01013995",2,41.744
"13284","E01013996",9,7.447
"13285","E01013997",9,7.384
"13286","E01013998",7,13.928
"13287","E01013999",7,13.26
"13288","E01014000",5,21.511
"13289","E01014001",4,25.5
"13290","E01014002",8,8.447
"13291","E01014003",4,22.64
"13292","E01014004",5,19.943
"13293","E01014005",2,33.575
"13294","E01014006",7,13.534
"13295","E01014008",5,20.183
"13296","E01014009",5,20.982
"13297","E01014010",3,33.178
"13298","E01014011",5,21.015
"13299","E01014012",8,9.381
"13300","E01014013",6,15.652
"13301","E01014014",5,20.655
"13302","E01014015",4,22.111
"13303","E01014016",4,23.236
"13304","E01014017",5,20.123
"13305","E01014018",5,17.628
"13306","E01014019",4,25.365
"13307","E01014020",4,22.535
"13308","E01014021",4,22.76
"13309","E01014022",8,8.738
"13310","E01014023",7,13.354
"13311","E01014024",4,21.726
"13312","E01014025",5,21.144
"13313","E01014026",5,19.493
"13314","E01014027",5,18.275
"13315","E01014028",8,10.637
"13316","E01014029",6,14.538
"13317","E01014030",7,14.111
"13318","E01014031",6,16.029
"13319","E01014032",6,16.035
"13320","E01014033",4,22.206
"13321","E01014034",3,30.266
"13322","E01014035",4,25.693
"13323","E01014036",7,12.483
"13324","E01014037",8,10.554
"13325","E01014038",4,21.68
"13326","E01014039",9,6.11
"13327","E01014040",7,12.941
"13328","E01014041",6,16.825
"13329","E01014042",1,46.046
"13330","E01014043",8,8.656
"13331","E01014044",3,28.025
"13332","E01014045",6,15.825
"13333","E01014046",6,14.897
"13334","E01014047",2,35.069
"13335","E01014048",2,43.221
"13336","E01014049",6,16.428
"13337","E01014050",6,16.628
"13338","E01014051",4,23.486
"13339","E01014052",5,21.36
"13340","E01014053",6,17.18
"13341","E01014054",5,19.938
"13342","E01014055",5,17.676
"13343","E01014056",5,20.201
"13344","E01014057",5,18.778
"13345","E01014058",6,14.846
"13346","E01014059",5,19.096
"13347","E01014060",6,17.157
"13348","E01014061",8,9.915
"13349","E01014062",6,16.278
"13350","E01014063",6,16.533
"13351","E01014064",2,34.622
"13352","E01014065",6,16.931
"13353","E01014066",5,18.001
"13354","E01014067",10,5.177
"13355","E01014068",4,21.734
"13356","E01014069",6,15.251
"13357","E01014070",6,15.212
"13358","E01014071",2,39.799
"13359","E01014072",4,24.91
"13360","E01014073",4,25.452
"13361","E01014074",2,40.483
"13362","E01014075",7,12.472
"13363","E01014076",5,20.882
"13364","E01014077",8,8.66
"13365","E01014078",5,17.478
"13366","E01014079",6,16.795
"13367","E01014080",5,19.455
"13368","E01014081",7,13.5
"13369","E01014082",6,14.764
"13370","E01014083",9,7.15
"13371","E01014084",5,19.374
"13372","E01014085",5,19.624
"13373","E01014086",3,31.163
"13374","E01014087",8,10.34
"13375","E01014088",6,14.415
"13376","E01014089",6,15.912
"13377","E01014090",10,4.902
"13378","E01014091",10,4.939
"13379","E01014092",7,12.833
"13380","E01014093",6,15.418
"13381","E01014094",9,7.361
"13382","E01014095",5,17.958
"13383","E01014096",5,18.796
"13384","E01014097",5,18.212
"13385","E01014098",4,23.616
"13386","E01014099",5,19.728
"13387","E01014100",6,14.302
"13388","E01014101",4,23.866
"13389","E01014102",8,9.601
"13390","E01014103",8,9.199
"13391","E01014104",4,25.897
"13392","E01014105",2,36.918
"13393","E01014106",3,27.778
"13394","E01014107",8,9.4
"13395","E01014108",1,66.993
"13396","E01014109",4,25.897
"13397","E01014110",1,58.897
"13398","E01014111",8,9.785
"13399","E01014112",9,7.728
"13400","E01014113",1,46.511
"13401","E01014114",7,13.669
"13402","E01014115",1,47.926
"13403","E01014116",1,46.644
"13404","E01014117",6,16.89
"13405","E01014118",1,69.506
"13406","E01014119",5,18.43
"13407","E01014120",2,44.24
"13408","E01014121",4,24.389
"13409","E01014122",3,28.465
"13410","E01014123",6,14.849
"13411","E01014124",2,43.967
"13412","E01014125",2,41.642
"13413","E01014126",3,29.079
"13414","E01014127",1,45.472
"13415","E01014128",4,25.218
"13416","E01014129",4,23.92
"13417","E01014130",7,12.396
"13418","E01014131",8,10.545
"13419","E01014132",9,7.888
"13420","E01014133",6,15.247
"13421","E01014134",9,6.184
"13422","E01014135",6,14.999
"13423","E01014136",5,20.313
"13424","E01014137",8,10.81
"13425","E01014138",4,25.899
"13426","E01014139",3,32.731
"13427","E01014140",2,36.683
"13428","E01014142",1,50.338
"13429","E01014143",3,32.745
"13430","E01014144",3,28.806
"13431","E01014145",3,33.328
"13432","E01014148",7,12.021
"13433","E01014149",6,15.574
"13434","E01014150",7,13.959
"13435","E01014151",2,38.057
"13436","E01014152",4,23.228
"13437","E01014153",3,32.758
"13438","E01014154",5,20.521
"13439","E01014155",4,24.992
"13440","E01014157",6,15.439
"13441","E01014158",4,26.522
"13442","E01014159",4,25.463
"13443","E01014160",7,11.398
"13444","E01014161",4,22.011
"13445","E01014162",2,41.74
"13446","E01014163",2,35.179
"13447","E01014164",1,55.739
"13448","E01014165",1,52.332
"13449","E01014166",3,26.617
"13450","E01014167",6,15.035
"13451","E01014168",8,9.481
"13452","E01014169",3,26.727
"13453","E01014170",8,8.677
"13454","E01014171",6,16.452
"13455","E01014172",10,3.424
"13456","E01014173",6,15.551
"13457","E01014174",10,2.987
"13458","E01014175",6,14.217
"13459","E01014176",9,6.889
"13460","E01014177",9,7.092
"13461","E01014178",6,16.678
"13462","E01014179",8,8.7
"13463","E01014180",6,16.079
"13464","E01014181",8,8.996
"13465","E01014182",9,6.748
"13466","E01014183",8,10.683
"13467","E01014184",5,17.675
"13468","E01014185",2,43.57
"13469","E01014186",5,19.197
"13470","E01014187",5,20.402
"13471","E01014188",8,8.964
"13472","E01014189",5,17.721
"13473","E01014190",10,5.046
"13474","E01014191",4,26.298
"13475","E01014192",3,31.307
"13476","E01014193",2,38.156
"13477","E01014194",3,31.442
"13478","E01014195",9,7.891
"13479","E01014196",2,41.387
"13480","E01014197",1,47.888
"13481","E01014198",1,60.069
"13482","E01014199",1,46.104
"13483","E01014200",1,60.726
"13484","E01014201",1,63.501
"13485","E01014202",7,13.665
"13486","E01014203",7,11.301
"13487","E01014204",7,13.424
"13488","E01014205",7,13.38
"13489","E01014206",4,22.116
"13490","E01014207",5,19.812
"13491","E01014208",2,34.562
"13492","E01014209",3,30.562
"13493","E01014210",2,44.1
"13494","E01014211",1,57.416
"13495","E01014212",2,44.603
"13496","E01014213",1,46.798
"13497","E01014214",8,9.062
"13498","E01014215",6,15.691
"13499","E01014216",7,13.479
"13500","E01014217",1,58.258
"13501","E01014218",1,60.749
"13502","E01014219",4,26.374
"13503","E01014220",1,56.878
"13504","E01014221",1,47.971
"13505","E01014222",1,58.058
"13506","E01014223",1,59.796
"13507","E01014224",1,60.783
"13508","E01014225",6,16.956
"13509","E01014226",2,39.159
"13510","E01014228",8,10.636
"13511","E01014229",1,48.207
"13512","E01014230",2,34.519
"13513","E01014233",6,16.401
"13514","E01014234",2,43.771
"13515","E01014235",2,41.829
"13516","E01014237",1,55.059
"13517","E01014238",1,50.953
"13518","E01014239",6,15.859
"13519","E01014240",4,26.584
"13520","E01014241",2,38.459
"13521","E01014242",2,41.759
"13522","E01014243",5,17.622
"13523","E01014244",1,56.461
"13524","E01014245",3,30.898
"13525","E01014246",1,47.132
"13526","E01014247",1,56.153
"13527","E01014248",1,49.663
"13528","E01014249",1,58.225
"13529","E01014250",1,58.787
"13530","E01014252",2,34.981
"13531","E01014253",5,20.735
"13532","E01014254",1,55.583
"13533","E01014255",1,49.295
"13534","E01014256",2,37.076
"13535","E01014257",2,34.216
"13536","E01014258",9,5.685
"13537","E01014259",3,28.786
"13538","E01014260",2,40.018
"13539","E01014261",1,65.028
"13540","E01014262",2,40.325
"13541","E01014263",2,44.225
"13542","E01014264",6,15.256
"13543","E01014265",9,5.879
"13544","E01014266",2,41.525
"13545","E01014267",6,17.057
"13546","E01014268",4,26.13
"13547","E01014269",1,45.034
"13548","E01014270",8,9.976
"13549","E01014271",4,22.303
"13550","E01014272",7,12.104
"13551","E01014273",1,62.191
"13552","E01014274",2,44.399
"13553","E01014275",1,65.572
"13554","E01014276",2,38.858
"13555","E01014277",3,28.737
"13556","E01014278",2,36.883
"13557","E01014279",2,41.201
"13558","E01014280",6,17.102
"13559","E01014281",1,46.575
"13560","E01014282",3,27.755
"13561","E01014283",3,30.352
"13562","E01014284",2,34.825
"13563","E01014285",2,34.025
"13564","E01014286",1,58.637
"13565","E01014287",1,65.502
"13566","E01014288",4,24.271
"13567","E01014289",6,15.166
"13568","E01014290",6,15.957
"13569","E01014291",5,17.681
"13570","E01014292",6,15.92
"13571","E01014293",1,47.827
"13572","E01014294",4,24.592
"13573","E01014295",6,16.434
"13574","E01014296",3,29.402
"13575","E01014297",7,11.189
"13576","E01014298",2,42.6
"13577","E01014299",8,11.048
"13578","E01014300",1,51.319
"13579","E01014301",7,11.851
"13580","E01014302",1,48.965
"13581","E01014303",7,12.108
"13582","E01014304",6,15.203
"13583","E01014305",1,49.698
"13584","E01014306",1,51.652
"13585","E01014307",1,58.664
"13586","E01014308",6,14.577
"13587","E01014309",2,40.276
"13588","E01014310",7,13.307
"13589","E01014311",2,37.012
"13590","E01014312",4,22.762
"13591","E01014313",1,47.255
"13592","E01014314",9,8.36
"13593","E01014315",7,11.966
"13594","E01014316",1,62.928
"13595","E01014317",1,56.321
"13596","E01014318",9,7.907
"13597","E01014319",6,15.775
"13598","E01014320",9,6.502
"13599","E01014321",3,27.974
"13600","E01014322",2,35.129
"13601","E01014323",2,35.18
"13602","E01014324",7,14.135
"13603","E01014325",9,6.075
"13604","E01014326",8,8.66
"13605","E01014327",3,30.891
"13606","E01014328",1,50.558
"13607","E01014329",3,32.319
"13608","E01014330",1,68.447
"13609","E01014331",1,46.386
"13610","E01014332",5,20.704
"13611","E01014333",8,10.997
"13612","E01014334",5,19.844
"13613","E01014335",6,16.998
"13614","E01014336",1,52.234
"13615","E01014337",2,39.83
"13616","E01014338",6,16.613
"13617","E01014339",2,33.96
"13618","E01014340",3,28.731
"13619","E01014341",4,24.262
"13620","E01014342",2,41.249
"13621","E01014343",5,20.966
"13622","E01014344",4,25.787
"13623","E01014345",2,41.784
"13624","E01014346",8,8.456
"13625","E01014347",10,5.047
"13626","E01014348",10,5.446
"13627","E01014349",9,7.094
"13628","E01014350",10,4.665
"13629","E01014351",7,12.196
"13630","E01014352",10,4.293
"13631","E01014353",4,25.874
"13632","E01014354",1,62.051
"13633","E01014355",1,46.309
"13634","E01014356",2,36.293
"13635","E01014357",2,40.47
"13636","E01014358",1,56.395
"13637","E01014359",3,31.424
"13638","E01014360",8,11.135
"13639","E01014361",1,54.088
"13640","E01014362",8,9.427
"13641","E01014363",5,17.681
"13642","E01014364",4,25.386
"13643","E01014365",6,17.26
"13644","E01014366",1,49.728
"13645","E01014367",1,47.423
"13646","E01014368",2,44.545
"13647","E01014369",5,18.248
"13648","E01014370",3,27.58
"13649","E01014371",5,19.876
"13650","E01014372",5,17.59
"13651","E01014373",7,13.353
"13652","E01014374",9,7.451
"13653","E01014375",8,10.491
"13654","E01014376",10,3.333
"13655","E01014377",10,4.347
"13656","E01014380",10,2.907
"13657","E01014381",10,3.852
"13658","E01014382",8,8.569
"13659","E01014383",8,10.57
"13660","E01014384",8,8.728
"13661","E01014385",7,12.416
"13662","E01014386",8,10.962
"13663","E01014387",8,9.477
"13664","E01014388",10,3.601
"13665","E01014389",8,9.158
"13666","E01014390",1,48.602
"13667","E01014391",8,9.486
"13668","E01014392",7,13.215
"13669","E01014393",9,5.526
"13670","E01014394",8,10.561
"13671","E01014395",10,1.545
"13672","E01014396",9,6.791
"13673","E01014397",10,0.935
"13674","E01014398",9,7.062
"13675","E01014399",8,9.384
"13676","E01014400",8,9.683
"13677","E01014401",4,22.134
"13678","E01014403",7,13.546
"13679","E01014404",4,25.379
"13680","E01014405",10,4.809
"13681","E01014407",4,26.507
"13682","E01014409",5,18.346
"13683","E01014410",10,3.467
"13684","E01014411",9,5.466
"13685","E01014412",10,3.251
"13686","E01014413",10,1.661
"13687","E01014414",6,16.064
"13688","E01014415",10,4.523
"13689","E01014416",8,8.384
"13690","E01014417",10,3.909
"13691","E01014418",7,11.297
"13692","E01014419",8,9.347
"13693","E01014420",6,15.767
"13694","E01014421",10,4.311
"13695","E01014422",10,5.27
"13696","E01014423",6,14.618
"13697","E01014424",9,6.54
"13698","E01014425",7,11.271
"13699","E01014426",4,25.354
"13700","E01014427",9,8.118
"13701","E01014428",10,3.797
"13702","E01014429",10,4.891
"13703","E01014430",9,8.268
"13704","E01014431",5,18.388
"13705","E01014432",6,15.294
"13706","E01014433",5,20.157
"13707","E01014434",10,4.964
"13708","E01014435",9,6.611
"13709","E01014436",9,6.903
"13710","E01014437",4,21.637
"13711","E01014438",6,16.667
"13712","E01014439",5,18.943
"13713","E01014440",8,9.66
"13714","E01014441",7,11.855
"13715","E01014442",9,7.468
"13716","E01014443",9,8.241
"13717","E01014444",9,8.037
"13718","E01014445",3,28.309
"13719","E01014446",7,13.65
"13720","E01014447",7,13.112
"13721","E01014448",3,27.09
"13722","E01014449",7,11.798
"13723","E01014450",4,24.864
"13724","E01014451",5,19.146
"13725","E01014452",8,8.915
"13726","E01014453",10,4.439
"13727","E01014454",10,1.267
"13728","E01014455",5,18.62
"13729","E01014456",8,10.14
"13730","E01014457",9,5.562
"13731","E01014458",1,48.423
"13732","E01014459",5,17.453
"13733","E01014460",9,6.009
"13734","E01014461",4,23.198
"13735","E01014462",2,40.398
"13736","E01014463",1,50.01
"13737","E01014464",2,39.882
"13738","E01014465",9,7.442
"13739","E01014466",4,21.669
"13740","E01014467",8,8.787
"13741","E01014468",8,9.092
"13742","E01014469",4,25.657
"13743","E01014470",8,8.445
"13744","E01014471",7,13.937
"13745","E01014472",8,10.495
"13746","E01014473",9,6.69
"13747","E01014474",6,15.218
"13748","E01014476",10,4.099
"13749","E01014477",10,2.622
"13750","E01014478",4,25.588
"13751","E01014479",10,3.712
"13752","E01014480",6,16.004
"13753","E01014481",9,6.873
"13754","E01014482",10,2.716
"13755","E01014483",7,11.699
"13756","E01014484",9,7.186
"13757","E01014485",5,21.104
"13758","E01014486",2,35.228
"13759","E01014487",9,8.317
"13760","E01014488",5,17.896
"13761","E01014489",3,27.147
"13762","E01014491",8,10.095
"13763","E01014492",2,37.655
"13764","E01014493",2,33.659
"13765","E01014494",7,11.688
"13766","E01014495",5,18.636
"13767","E01014496",3,29.05
"13768","E01014497",2,38.71
"13769","E01014498",2,35.55
"13770","E01014499",3,31.009
"13771","E01014500",6,14.244
"13772","E01014501",3,28.553
"13773","E01014502",4,24.522
"13774","E01014504",9,8.179
"13775","E01014505",8,9.766
"13776","E01014506",8,9.12
"13777","E01014507",9,6.216
"13778","E01014508",8,8.707
"13779","E01014509",9,5.756
"13780","E01014510",9,7.381
"13781","E01014511",9,6.382
"13782","E01014512",9,8.075
"13783","E01014513",10,3.247
"13784","E01014514",6,15.749
"13785","E01014515",2,33.547
"13786","E01014516",1,63.441
"13787","E01014517",1,48.891
"13788","E01014518",7,13.969
"13789","E01014519",5,18.295
"13790","E01014520",9,6.917
"13791","E01014521",6,16.282
"13792","E01014522",2,36.685
"13793","E01014523",6,17.301
"13794","E01014524",6,14.461
"13795","E01014525",9,8.335
"13796","E01014526",2,35.596
"13797","E01014527",5,20.728
"13798","E01014528",7,13.12
"13799","E01014529",2,35.365
"13800","E01014530",6,14.797
"13801","E01014531",8,8.898
"13802","E01014532",7,12.027
"13803","E01014533",7,12.844
"13804","E01014534",6,15.991
"13805","E01014535",8,9.77
"13806","E01014536",3,33.035
"13807","E01014537",5,17.891
"13808","E01014538",9,8.083
"13809","E01014539",9,8.017
"13810","E01014544",10,4.543
"13811","E01014545",10,4.737
"13812","E01014546",9,6.11
"13813","E01014547",10,4.638
"13814","E01014548",6,15.793
"13815","E01014549",4,23.017
"13816","E01014550",10,4.458
"13817","E01014551",7,11.215
"13818","E01014552",10,4.431
"13819","E01014553",9,5.637
"13820","E01014554",8,8.451
"13821","E01014555",7,11.893
"13822","E01014556",9,6.402
"13823","E01014557",9,6.542
"13824","E01014558",8,10.923
"13825","E01014559",9,5.888
"13826","E01014560",9,6.05
"13827","E01014561",9,7.85
"13828","E01014562",7,11.278
"13829","E01014563",7,13.037
"13830","E01014564",4,25.752
"13831","E01014565",3,28.486
"13832","E01014566",3,27.142
"13833","E01014567",4,21.703
"13834","E01014568",2,38.119
"13835","E01014569",3,27.154
"13836","E01014570",6,16.993
"13837","E01014571",4,24.213
"13838","E01014572",3,26.88
"13839","E01014573",6,14.882
"13840","E01014574",2,38.008
"13841","E01014575",3,30.153
"13842","E01014576",5,18.537
"13843","E01014577",8,11.126
"13844","E01014578",3,29.969
"13845","E01014579",3,27.276
"13846","E01014580",1,62.523
"13847","E01014581",1,65.279
"13848","E01014582",1,45.839
"13849","E01014583",1,45.387
"13850","E01014584",1,48.567
"13851","E01014585",1,60.44
"13852","E01014586",5,18.293
"13853","E01014587",4,22.115
"13854","E01014588",4,22.955
"13855","E01014589",1,52.579
"13856","E01014590",5,20.881
"13857","E01014591",7,11.58
"13858","E01014592",6,17.408
"13859","E01014593",1,68.206
"13860","E01014594",1,65.463
"13861","E01014595",2,37.799
"13862","E01014596",1,47.954
"13863","E01014597",1,55.875
"13864","E01014598",9,6.93
"13865","E01014599",7,11.483
"13866","E01014600",4,23.82
"13867","E01014601",4,23.948
"13868","E01014602",2,34.832
"13869","E01014603",5,19.137
"13870","E01014605",1,53.764
"13871","E01014607",4,21.627
"13872","E01014608",2,36.302
"13873","E01014609",3,28.751
"13874","E01014610",2,34.074
"13875","E01014611",6,15.345
"13876","E01014612",5,20.832
"13877","E01014613",7,14.13
"13878","E01014614",7,13.43
"13879","E01014615",10,1.952
"13880","E01014616",9,6.434
"13881","E01014617",10,1.305
"13882","E01014618",10,2.414
"13883","E01014619",9,7.358
"13884","E01014620",10,2.956
"13885","E01014621",9,8.136
"13886","E01014622",4,24.067
"13887","E01014623",5,20.814
"13888","E01014624",4,24.141
"13889","E01014626",3,28.918
"13890","E01014627",5,18.593
"13891","E01014629",3,29.471
"13892","E01014630",2,38.26
"13893","E01014631",5,19.906
"13894","E01014632",6,17.419
"13895","E01014633",8,9.973
"13896","E01014634",8,9.022
"13897","E01014635",8,9.555
"13898","E01014636",3,30.571
"13899","E01014637",8,10.769
"13900","E01014638",1,53.968
"13901","E01014639",1,60.159
"13902","E01014640",2,34.282
"13903","E01014641",7,14.036
"13904","E01014642",7,13.155
"13905","E01014643",2,38.23
"13906","E01014644",4,25.589
"13907","E01014645",5,18.608
"13908","E01014646",4,23.054
"13909","E01014647",2,43.801
"13910","E01014648",7,12.9
"13911","E01014649",8,8.958
"13912","E01014650",5,20.987
"13913","E01014651",9,7.311
"13914","E01014653",1,59.939
"13915","E01014654",1,46.918
"13916","E01014655",2,42.431
"13917","E01014658",1,54.81
"13918","E01014659",2,36.594
"13919","E01014660",3,33.052
"13920","E01014661",3,27.751
"13921","E01014662",6,17.068
"13922","E01014663",2,37.014
"13923","E01014664",3,31.114
"13924","E01014665",5,19.829
"13925","E01014666",10,2.775
"13926","E01014667",10,4.326
"13927","E01014668",9,5.928
"13928","E01014669",9,5.896
"13929","E01014670",8,10.447
"13930","E01014671",7,13.902
"13931","E01014672",9,5.989
"13932","E01014673",4,22.015
"13933","E01014674",4,22.036
"13934","E01014675",5,18.221
"13935","E01014676",4,22.448
"13936","E01014677",8,8.741
"13937","E01014678",6,15.282
"13938","E01014679",7,12.379
"13939","E01014680",8,8.621
"13940","E01014681",4,23.695
"13941","E01014682",5,20.541
"13942","E01014683",3,27.733
"13943","E01014684",4,23.011
"13944","E01014685",2,33.609
"13945","E01014686",5,18.624
"13946","E01014687",4,22.987
"13947","E01014688",2,38.15
"13948","E01014689",1,58.298
"13949","E01014690",3,28.839
"13950","E01014691",3,30.538
"13951","E01014692",2,33.896
"13952","E01014693",9,7.067
"13953","E01014694",3,31.233
"13954","E01014695",4,23.555
"13955","E01014696",9,6.084
"13956","E01014698",9,7.788
"13957","E01014699",5,19.162
"13958","E01014700",9,6.22
"13959","E01014701",8,11.106
"13960","E01014702",8,10.067
"13961","E01014703",2,36.423
"13962","E01014704",5,18.628
"13963","E01014705",8,8.422
"13964","E01014706",1,50.104
"13965","E01014707",6,16.793
"13966","E01014708",7,12.328
"13967","E01014709",9,8.328
"13968","E01014710",10,3.527
"13969","E01014711",10,3.496
"13970","E01014712",8,9.731
"13971","E01014713",10,3.635
"13972","E01014714",10,2.06
"13973","E01014715",10,2.589
"13974","E01014716",10,2.168
"13975","E01014717",10,3.188
"13976","E01014718",10,2.543
"13977","E01014719",9,7.073
"13978","E01014720",6,16.829
"13979","E01014721",9,6.583
"13980","E01014722",8,9.951
"13981","E01014723",9,7.291
"13982","E01014725",10,4.691
"13983","E01014726",1,70.554
"13984","E01014727",1,59.973
"13985","E01014729",2,35.746
"13986","E01014730",4,23.952
"13987","E01014731",5,21.399
"13988","E01014732",6,16.148
"13989","E01014733",8,10.353
"13990","E01014734",6,14.225
"13991","E01014735",8,10.214
"13992","E01014736",4,21.555
"13993","E01014737",10,1.94
"13994","E01014738",8,9.143
"13995","E01014739",9,6.441
"13996","E01014740",9,8.267
"13997","E01014741",7,12.634
"13998","E01014742",10,3.755
"13999","E01014744",5,17.619
"14000","E01014745",7,11.89
"14001","E01014746",5,20.392
"14002","E01014747",7,11.75
"14003","E01014748",7,13.126
"14004","E01014749",9,6.247
"14005","E01014750",6,14.596
"14006","E01014751",5,18.515
"14007","E01014752",9,7.052
"14008","E01014753",4,21.974
"14009","E01014754",8,8.457
"14010","E01014755",9,7.679
"14011","E01014756",7,12.401
"14012","E01014757",9,6.558
"14013","E01014758",10,3.685
"14014","E01014759",10,1.452
"14015","E01014760",7,11.659
"14016","E01014761",9,6.742
"14017","E01014762",10,3.635
"14018","E01014763",7,12.134
"14019","E01014764",7,13.724
"14020","E01014765",7,12.397
"14021","E01014766",8,8.922
"14022","E01014767",10,3.336
"14023","E01014770",8,9.954
"14024","E01014771",8,10.691
"14025","E01014772",7,12.579
"14026","E01014773",8,10.025
"14027","E01014774",4,23.325
"14028","E01014775",10,1.575
"14029","E01014776",10,1.601
"14030","E01014777",10,5.399
"14031","E01014778",10,1.18
"14032","E01014779",9,5.468
"14033","E01014780",6,14.602
"14034","E01014781",6,15.113
"14035","E01014782",10,3.419
"14036","E01014783",7,11.661
"14037","E01014784",9,6.393
"14038","E01014785",10,4.599
"14039","E01014786",3,26.855
"14040","E01014787",8,8.948
"14041","E01014789",10,3.87
"14042","E01014790",10,5.046
"14043","E01014792",9,5.745
"14044","E01014793",10,3.623
"14045","E01014794",9,5.608
"14046","E01014795",6,15.754
"14047","E01014796",9,6.549
"14048","E01014797",7,12.574
"14049","E01014798",10,2.61
"14050","E01014799",1,45.862
"14051","E01014800",1,58.598
"14052","E01014801",1,57.394
"14053","E01014802",2,38.359
"14054","E01014803",7,12.134
"14055","E01014804",6,17.018
"14056","E01014805",8,8.957
"14057","E01014806",2,33.881
"14058","E01014807",3,28.595
"14059","E01014808",7,11.802
"14060","E01014809",3,27.904
"14061","E01014811",4,25.047
"14062","E01014812",7,13.081
"14063","E01014813",7,12.773
"14064","E01014815",4,26.468
"14065","E01014816",9,7.84
"14066","E01014817",7,12.771
"14067","E01014818",10,3.512
"14068","E01014819",8,9.534
"14069","E01014820",5,18.691
"14070","E01014821",8,11.011
"14071","E01014822",10,3.77
"14072","E01014823",10,4.773
"14073","E01014824",8,10.437
"14074","E01014825",9,7.688
"14075","E01014826",7,12.86
"14076","E01014827",3,30.779
"14077","E01014828",1,49.094
"14078","E01014829",1,51.766
"14079","E01014830",3,26.627
"14080","E01014831",1,77.683
"14081","E01014832",1,69.179
"14082","E01014833",1,63.047
"14083","E01014834",1,45.745
"14084","E01014835",2,34.661
"14085","E01014836",5,19.322
"14086","E01014838",7,13.823
"14087","E01014839",7,12.778
"14088","E01014840",4,21.641
"14089","E01014841",4,25.383
"14090","E01014842",2,35.21
"14091","E01014843",5,18.91
"14092","E01014844",2,40.665
"14093","E01014845",7,14.106
"14094","E01014846",6,15.066
"14095","E01014847",9,7.279
"14096","E01014848",7,14.089
"14097","E01014849",9,5.746
"14098","E01014850",10,3.326
"14099","E01014851",9,6.778
"14100","E01014852",9,7.897
"14101","E01014853",8,8.954
"14102","E01014854",7,12.18
"14103","E01014855",10,5.002
"14104","E01014856",6,14.443
"14105","E01014857",8,9.799
"14106","E01014858",7,12.325
"14107","E01014859",9,6.763
"14108","E01014860",7,13.206
"14109","E01014861",5,20.471
"14110","E01014862",8,9.09
"14111","E01014863",8,9.301
"14112","E01014864",9,7.456
"14113","E01014865",6,14.679
"14114","E01014866",10,4.917
"14115","E01014867",6,14.752
"14116","E01014869",8,8.908
"14117","E01014870",6,16.032
"14118","E01014871",8,11.118
"14119","E01014872",9,8.226
"14120","E01014873",10,1.653
"14121","E01014874",10,3.89
"14122","E01014875",9,8.112
"14123","E01014876",9,6.014
"14124","E01014877",10,2.191
"14125","E01014878",10,2.375
"14126","E01014879",10,3.978
"14127","E01014880",10,5.211
"14128","E01014881",10,2.059
"14129","E01014882",6,16.164
"14130","E01014883",10,4.3
"14131","E01014884",7,12.96
"14132","E01014885",9,7.576
"14133","E01014886",4,21.553
"14134","E01014887",10,2.372
"14135","E01014888",10,4.533
"14136","E01014889",10,3.921
"14137","E01014890",6,14.528
"14138","E01014891",5,18.542
"14139","E01014892",5,19.345
"14140","E01014893",8,10.347
"14141","E01014894",9,8.184
"14142","E01014895",8,9.816
"14143","E01014896",7,11.326
"14144","E01014897",10,1.654
"14145","E01014898",9,5.921
"14146","E01014899",8,9.162
"14147","E01014900",7,11.973
"14148","E01014901",10,1.698
"14149","E01014902",10,2.419
"14150","E01014903",10,3.361
"14151","E01014904",4,22.953
"14152","E01014905",9,5.56
"14153","E01014906",4,25.852
"14154","E01014907",8,10.618
"14155","E01014908",8,8.571
"14156","E01014909",8,10.324
"14157","E01014910",7,12.56
"14158","E01014911",9,5.73
"14159","E01014912",10,3.767
"14160","E01014913",10,3.165
"14161","E01014914",5,18.992
"14162","E01014915",6,15.191
"14163","E01014916",7,13.437
"14164","E01014917",7,11.813
"14165","E01014918",9,5.746
"14166","E01014919",10,5.021
"14167","E01014920",9,5.551
"14168","E01014921",8,10.201
"14169","E01014922",8,10.43
"14170","E01014923",5,17.631
"14171","E01014924",4,22.691
"14172","E01014925",5,21.251
"14173","E01014926",3,29.687
"14174","E01014927",5,18.264
"14175","E01014928",5,20.801
"14176","E01014929",7,14.003
"14177","E01014930",8,11.084
"14178","E01014931",9,6.489
"14179","E01014932",10,2.67
"14180","E01014933",10,3.764
"14181","E01014934",10,3.718
"14182","E01014935",10,4.505
"14183","E01014936",8,10.27
"14184","E01014937",10,3.556
"14185","E01014938",9,6.925
"14186","E01014939",6,14.881
"14187","E01014940",10,3.682
"14188","E01014941",3,26.839
"14189","E01014942",5,19.307
"14190","E01014943",9,7.428
"14191","E01014944",10,3.366
"14192","E01014945",7,11.605
"14193","E01014946",4,23.477
"14194","E01014947",9,6.09
"14195","E01014948",2,34.686
"14196","E01014950",7,13.328
"14197","E01014951",4,24.765
"14198","E01014953",6,14.526
"14199","E01014954",5,21.517
"14200","E01014955",9,7.298
"14201","E01014956",9,7.531
"14202","E01014957",9,6.99
"14203","E01014958",4,23.461
"14204","E01014959",8,10.168
"14205","E01014960",6,17.197
"14206","E01014961",5,18.542
"14207","E01014962",7,12.254
"14208","E01014963",8,9.067
"14209","E01014964",10,3.177
"14210","E01014965",10,3.209
"14211","E01014967",10,2.617
"14212","E01014968",4,21.698
"14213","E01014969",10,3.992
"14214","E01014972",9,8.138
"14215","E01014973",5,21.264
"14216","E01014974",9,7.734
"14217","E01014975",5,18.872
"14218","E01014976",4,26.302
"14219","E01014977",2,37.314
"14220","E01014978",10,4.732
"14221","E01014979",10,3.85
"14222","E01014980",10,2.396
"14223","E01014982",8,9.828
"14224","E01014983",4,21.73
"14225","E01014984",6,16.25
"14226","E01014985",10,3.024
"14227","E01014986",6,17.266
"14228","E01014987",10,5.178
"14229","E01014988",10,3.648
"14230","E01014989",5,20.585
"14231","E01014990",10,2.002
"14232","E01014991",3,28.381
"14233","E01014992",10,5.068
"14234","E01014993",8,8.593
"14235","E01014994",5,18.426
"14236","E01014995",10,4.296
"14237","E01014996",9,6.253
"14238","E01014998",8,10.351
"14239","E01014999",10,3.402
"14240","E01015000",5,19.748
"14241","E01015001",10,5.419
"14242","E01015002",7,11.419
"14243","E01015003",9,7.09
"14244","E01015004",7,11.941
"14245","E01015005",5,17.974
"14246","E01015006",6,16.429
"14247","E01015007",4,21.725
"14248","E01015008",7,12.541
"14249","E01015009",7,13.921
"14250","E01015010",8,8.691
"14251","E01015011",5,20.729
"14252","E01015012",8,9.587
"14253","E01015013",8,10.642
"14254","E01015014",6,15.689
"14255","E01015015",9,7
"14256","E01015016",10,1.589
"14257","E01015017",5,18.166
"14258","E01015018",8,9.602
"14259","E01015019",6,16.966
"14260","E01015020",4,24.779
"14261","E01015021",10,4.024
"14262","E01015022",9,8.018
"14263","E01015023",2,35.142
"14264","E01015024",5,17.798
"14265","E01015025",10,4.408
"14266","E01015026",2,42.755
"14267","E01015027",8,10.275
"14268","E01015028",1,50.246
"14269","E01015029",6,16.856
"14270","E01015030",1,51.525
"14271","E01015031",5,19.04
"14272","E01015032",3,31.305
"14273","E01015033",9,5.955
"14274","E01015034",10,4.803
"14275","E01015035",9,8.01
"14276","E01015036",8,9.034
"14277","E01015037",6,16.033
"14278","E01015038",9,7.743
"14279","E01015039",3,30.326
"14280","E01015040",2,43.428
"14281","E01015041",4,23.58
"14282","E01015042",3,27.738
"14283","E01015043",1,57.519
"14284","E01015044",2,38.242
"14285","E01015045",1,53.155
"14286","E01015046",1,65.272
"14287","E01015047",2,41.876
"14288","E01015048",3,33.298
"14289","E01015049",6,14.28
"14290","E01015050",4,25.785
"14291","E01015051",4,22.51
"14292","E01015052",3,31.461
"14293","E01015053",2,35.818
"14294","E01015054",5,18.265
"14295","E01015055",2,39.347
"14296","E01015056",4,21.764
"14297","E01015057",2,40.512
"14298","E01015058",2,43.047
"14299","E01015059",5,21.187
"14300","E01015060",3,29.206
"14301","E01015061",3,27.951
"14302","E01015062",4,25.635
"14303","E01015063",3,28.139
"14304","E01015064",10,5.251
"14305","E01015065",6,15.689
"14306","E01015066",8,9.792
"14307","E01015067",9,5.844
"14308","E01015068",8,8.682
"14309","E01015069",4,26.578
"14310","E01015070",6,15.714
"14311","E01015071",5,18.068
"14312","E01015072",2,38.84
"14313","E01015073",2,36.303
"14314","E01015074",2,39.337
"14315","E01015075",2,38.035
"14316","E01015076",5,17.78
"14317","E01015077",6,16.065
"14318","E01015078",1,48.285
"14319","E01015079",6,17.142
"14320","E01015080",2,39.287
"14321","E01015081",2,38.036
"14322","E01015082",1,49.484
"14323","E01015083",1,47.58
"14324","E01015084",4,25.408
"14325","E01015085",5,20.324
"14326","E01015086",2,37.123
"14327","E01015087",1,45.961
"14328","E01015088",1,51.914
"14329","E01015089",4,21.988
"14330","E01015090",9,8.2
"14331","E01015091",7,13.052
"14332","E01015092",8,9.956
"14333","E01015093",4,25.391
"14334","E01015094",4,24.215
"14335","E01015095",5,21.284
"14336","E01015096",3,30.055
"14337","E01015097",9,8.343
"14338","E01015098",8,8.721
"14339","E01015099",7,12.445
"14340","E01015100",8,10.596
"14341","E01015101",10,4.351
"14342","E01015102",7,12.595
"14343","E01015103",6,16.528
"14344","E01015104",9,5.652
"14345","E01015105",9,8.151
"14346","E01015106",6,15.194
"14347","E01015107",7,12.292
"14348","E01015108",9,8.049
"14349","E01015109",7,11.158
"14350","E01015110",9,5.678
"14351","E01015111",8,11.036
"14352","E01015112",7,13.97
"14353","E01015113",9,6.649
"14354","E01015114",8,9.114
"14355","E01015115",3,32.227
"14356","E01015116",8,10.481
"14357","E01015117",6,14.781
"14358","E01015118",10,4.011
"14359","E01015119",9,6.258
"14360","E01015120",9,8.174
"14361","E01015121",10,4.476
"14362","E01015122",10,4.885
"14363","E01015123",7,12.877
"14364","E01015124",9,7.57
"14365","E01015125",8,8.546
"14366","E01015126",10,4.626
"14367","E01015127",7,12.58
"14368","E01015128",8,9.507
"14369","E01015129",5,19.2
"14370","E01015130",9,6.221
"14371","E01015131",9,7.192
"14372","E01015132",6,16.13
"14373","E01015133",10,3.757
"14374","E01015134",9,8.134
"14375","E01015136",8,10.707
"14376","E01015137",9,8.008
"14377","E01015138",8,9.986
"14378","E01015139",5,20.033
"14379","E01015140",10,3.767
"14380","E01015141",10,5.138
"14381","E01015142",4,25.285
"14382","E01015143",4,24.436
"14383","E01015144",1,45.505
"14384","E01015145",1,60.106
"14385","E01015146",1,47.32
"14386","E01015147",5,21.065
"14387","E01015148",3,30.745
"14388","E01015149",1,63.257
"14389","E01015150",5,21.465
"14390","E01015151",1,45.009
"14391","E01015152",1,45.099
"14392","E01015153",1,59.613
"14393","E01015155",1,77.631
"14394","E01015156",3,27.47
"14395","E01015159",3,32.025
"14396","E01015160",10,4.005
"14397","E01015161",3,32.886
"14398","E01015162",2,34.937
"14399","E01015163",4,21.645
"14400","E01015164",6,15.048
"14401","E01015165",6,14.207
"14402","E01015166",2,34.983
"14403","E01015167",4,25.879
"14404","E01015168",3,28.895
"14405","E01015169",4,21.89
"14406","E01015170",2,40.173
"14407","E01015171",3,28.718
"14408","E01015172",3,27.876
"14409","E01015173",6,15.93
"14410","E01015174",6,17.104
"14411","E01015175",4,23.086
"14412","E01015176",3,31.365
"14413","E01015177",5,19.045
"14414","E01015178",3,26.957
"14415","E01015179",3,27.157
"14416","E01015180",1,48.54
"14417","E01015181",3,32.297
"14418","E01015182",2,34.716
"14419","E01015183",4,25.411
"14420","E01015184",7,11.996
"14421","E01015185",3,28.166
"14422","E01015186",2,40.423
"14423","E01015187",6,15.758
"14424","E01015188",5,18.515
"14425","E01015189",3,27.693
"14426","E01015190",3,29.399
"14427","E01015191",5,20.381
"14428","E01015192",2,35.904
"14429","E01015193",4,23.258
"14430","E01015194",2,34.207
"14431","E01015196",1,59.029
"14432","E01015197",9,7.738
"14433","E01015198",7,11.157
"14434","E01015199",9,7.368
"14435","E01015200",5,20.838
"14436","E01015201",6,15.872
"14437","E01015202",6,15.998
"14438","E01015203",8,10.542
"14439","E01015204",4,26.605
"14440","E01015205",6,17.039
"14441","E01015206",4,24.518
"14442","E01015207",6,15.106
"14443","E01015208",9,5.869
"14444","E01015209",4,25.557
"14445","E01015210",2,35.405
"14446","E01015211",9,7.564
"14447","E01015212",3,29.672
"14448","E01015213",4,22.21
"14449","E01015214",2,36.541
"14450","E01015215",5,19.344
"14451","E01015216",2,34.992
"14452","E01015217",1,63.639
"14453","E01015218",4,25.882
"14454","E01015219",3,31.149
"14455","E01015220",7,13.808
"14456","E01015221",4,25.558
"14457","E01015222",5,18.023
"14458","E01015223",7,13.289
"14459","E01015224",7,13.412
"14460","E01015225",6,16.878
"14461","E01015226",8,10.278
"14462","E01015227",9,7.066
"14463","E01015228",3,29.137
"14464","E01015229",4,26.299
"14465","E01015230",8,9.879
"14466","E01015231",1,67.771
"14467","E01015232",1,47.621
"14468","E01015233",2,44.605
"14469","E01015234",2,39.161
"14470","E01015235",4,24.106
"14471","E01015236",4,22.745
"14472","E01015237",5,19.431
"14473","E01015238",4,23.391
"14474","E01015239",3,31.529
"14475","E01015240",3,29.867
"14476","E01015241",4,22.356
"14477","E01015242",2,34.477
"14478","E01015243",6,14.704
"14479","E01015244",5,18.823
"14480","E01015245",3,32.829
"14481","E01015246",6,14.823
"14482","E01015247",5,21.057
"14483","E01015248",2,35.25
"14484","E01015249",3,27.135
"14485","E01015250",6,17.109
"14486","E01015251",8,10.565
"14487","E01015253",6,15.911
"14488","E01015254",7,12.103
"14489","E01015255",1,62.036
"14490","E01015256",1,58.495
"14491","E01015257",1,50.025
"14492","E01015258",3,27.402
"14493","E01015259",3,29.951
"14494","E01015260",1,48.7
"14495","E01015261",2,40.235
"14496","E01015262",3,28.828
"14497","E01015263",1,53.777
"14498","E01015264",6,16.339
"14499","E01015265",4,25.844
"14500","E01015266",1,47.743
"14501","E01015267",2,37.282
"14502","E01015268",5,21.089
"14503","E01015269",5,20.915
"14504","E01015270",4,22.569
"14505","E01015271",8,10.702
"14506","E01015272",9,7.313
"14507","E01015273",3,30.213
"14508","E01015274",6,15.711
"14509","E01015275",5,18.572
"14510","E01015276",4,23.923
"14511","E01015277",3,30.338
"14512","E01015279",2,37.516
"14513","E01015280",2,35.309
"14514","E01015281",1,48.994
"14515","E01015286",7,13.371
"14516","E01015288",1,46.454
"14517","E01015289",4,25.85
"14518","E01015290",3,27.87
"14519","E01015291",5,20.193
"14520","E01015292",3,28.521
"14521","E01015293",3,27.539
"14522","E01015294",2,34.557
"14523","E01015295",10,1.961
"14524","E01015296",5,18.165
"14525","E01015297",8,8.94
"14526","E01015298",9,7.445
"14527","E01015299",9,6.498
"14528","E01015300",10,4.781
"14529","E01015301",5,18.486
"14530","E01015302",5,21.311
"14531","E01015303",4,23.122
"14532","E01015304",2,39.396
"14533","E01015305",2,33.733
"14534","E01015306",3,31.072
"14535","E01015307",1,49.38
"14536","E01015308",3,26.707
"14537","E01015309",1,49.84
"14538","E01015310",3,32.953
"14539","E01015311",9,7.669
"14540","E01015312",1,45.993
"14541","E01015313",1,48.853
"14542","E01015314",10,4.307
"14543","E01015315",10,2.612
"14544","E01015316",10,5.447
"14545","E01015317",7,13.557
"14546","E01015318",7,12.156
"14547","E01015319",9,5.526
"14548","E01015320",9,7.44
"14549","E01015321",4,22.49
"14550","E01015322",9,7.761
"14551","E01015323",9,6.768
"14552","E01015324",6,15.149
"14553","E01015325",9,7.432
"14554","E01015326",4,22.044
"14555","E01015327",5,21.393
"14556","E01015328",4,26.245
"14557","E01015329",5,19.493
"14558","E01015330",7,13.955
"14559","E01015331",4,21.872
"14560","E01015332",8,8.634
"14561","E01015333",8,9.298
"14562","E01015334",5,20.226
"14563","E01015335",8,9.774
"14564","E01015336",6,14.915
"14565","E01015337",7,13.085
"14566","E01015338",1,47.83
"14567","E01015339",4,23.97
"14568","E01015340",7,12.95
"14569","E01015341",2,41.327
"14570","E01015342",10,4.478
"14571","E01015343",5,19.722
"14572","E01015344",9,6.952
"14573","E01015345",5,19.391
"14574","E01015346",5,19.891
"14575","E01015348",8,9.1
"14576","E01015349",7,13.279
"14577","E01015350",9,6.453
"14578","E01015351",9,8.245
"14579","E01015352",7,12.303
"14580","E01015353",6,14.216
"14581","E01015354",7,12.282
"14582","E01015355",6,16.16
"14583","E01015356",8,9.514
"14584","E01015357",3,29.255
"14585","E01015358",7,12.138
"14586","E01015359",3,31.959
"14587","E01015360",10,5.218
"14588","E01015361",6,17.143
"14589","E01015362",3,30.818
"14590","E01015363",7,12.136
"14591","E01015364",9,7.13
"14592","E01015365",5,20.914
"14593","E01015366",6,14.194
"14594","E01015367",2,38.038
"14595","E01015368",7,11.563
"14596","E01015369",7,12.816
"14597","E01015370",8,10.9
"14598","E01015371",3,27.996
"14599","E01015372",5,19.295
"14600","E01015373",5,19.365
"14601","E01015374",4,22.568
"14602","E01015375",5,18.771
"14603","E01015376",7,11.812
"14604","E01015377",5,20.022
"14605","E01015378",8,9.584
"14606","E01015379",3,32.485
"14607","E01015380",7,11.965
"14608","E01015381",3,26.742
"14609","E01015382",4,24.764
"14610","E01015383",8,10.518
"14611","E01015384",1,47.656
"14612","E01015385",4,26.58
"14613","E01015386",4,24.159
"14614","E01015387",7,12.867
"14615","E01015388",10,4.778
"14616","E01015389",8,8.415
"14617","E01015390",4,23.95
"14618","E01015391",8,10.113
"14619","E01015392",7,13.239
"14620","E01015393",6,16.715
"14621","E01015394",9,7.959
"14622","E01015395",9,6.96
"14623","E01015396",10,2.285
"14624","E01015397",10,1.89
"14625","E01015398",10,2.132
"14626","E01015399",10,2.512
"14627","E01015400",10,2.371
"14628","E01015401",10,2.507
"14629","E01015402",7,13.872
"14630","E01015403",9,6.759
"14631","E01015404",10,3.287
"14632","E01015405",10,4.707
"14633","E01015406",7,11.663
"14634","E01015407",8,11.082
"14635","E01015408",8,8.806
"14636","E01015409",3,28.259
"14637","E01015410",7,11.929
"14638","E01015411",8,8.738
"14639","E01015412",10,2.869
"14640","E01015413",7,13.821
"14641","E01015414",5,17.487
"14642","E01015415",2,39.861
"14643","E01015416",8,9.431
"14644","E01015417",5,20.621
"14645","E01015418",8,10.729
"14646","E01015419",9,6.959
"14647","E01015420",4,22.688
"14648","E01015421",4,22.463
"14649","E01015422",9,8.239
"14650","E01015424",6,14.393
"14651","E01015425",7,11.822
"14652","E01015426",3,29.057
"14653","E01015427",5,17.817
"14654","E01015428",7,11.979
"14655","E01015429",3,28.743
"14656","E01015430",1,48.803
"14657","E01015431",9,5.776
"14658","E01015432",8,9.068
"14659","E01015433",10,3.632
"14660","E01015434",10,3.078
"14661","E01015435",5,18.535
"14662","E01015436",7,13.605
"14663","E01015437",8,9.275
"14664","E01015438",7,11.733
"14665","E01015439",4,24.01
"14666","E01015440",6,16.361
"14667","E01015441",5,20.086
"14668","E01015442",2,37.964
"14669","E01015443",4,22.399
"14670","E01015444",6,16.587
"14671","E01015445",9,6.157
"14672","E01015446",6,15.97
"14673","E01015447",10,4.33
"14674","E01015448",8,9.828
"14675","E01015449",4,25.552
"14676","E01015450",8,10.524
"14677","E01015451",9,6.051
"14678","E01015452",10,5.006
"14679","E01015453",8,10.772
"14680","E01015454",7,12.36
"14681","E01015455",10,3.332
"14682","E01015456",5,20.714
"14683","E01015457",8,9.635
"14684","E01015458",10,1.541
"14685","E01015459",10,3.422
"14686","E01015460",6,15.206
"14687","E01015461",5,20.375
"14688","E01015462",6,16.97
"14689","E01015463",10,3.917
"14690","E01015464",10,1.126
"14691","E01015465",4,21.887
"14692","E01015466",7,13.805
"14693","E01015471",10,3.077
"14694","E01015473",7,11.318
"14695","E01015475",4,23.009
"14696","E01015477",4,23.752
"14697","E01015478",7,13.654
"14698","E01015479",6,17.19
"14699","E01015480",4,23.704
"14700","E01015481",8,8.972
"14701","E01015482",9,6.386
"14702","E01015483",9,5.656
"14703","E01015484",9,6.495
"14704","E01015485",9,6.734
"14705","E01015486",7,12.219
"14706","E01015487",9,5.901
"14707","E01015488",3,27.148
"14708","E01015489",8,8.601
"14709","E01015490",7,12.929
"14710","E01015491",3,30.331
"14711","E01015492",3,27.205
"14712","E01015493",6,14.238
"14713","E01015494",4,22.988
"14714","E01015496",6,15.195
"14715","E01015497",6,15.985
"14716","E01015498",8,10.547
"14717","E01015499",9,5.722
"14718","E01015500",8,10.545
"14719","E01015501",9,6.037
"14720","E01015502",3,27.3
"14721","E01015503",3,32.451
"14722","E01015504",9,5.492
"14723","E01015505",5,20.582
"14724","E01015506",2,41.438
"14725","E01015507",1,61.359
"14726","E01015508",2,36.948
"14727","E01015509",5,17.639
"14728","E01015510",3,27.828
"14729","E01015511",5,20.729
"14730","E01015512",10,2.617
"14731","E01015513",9,7.904
"14732","E01015514",9,6.742
"14733","E01015515",10,2.283
"14734","E01015516",5,20.932
"14735","E01015517",9,6.536
"14736","E01015518",10,4.358
"14737","E01015519",3,27.083
"14738","E01015520",7,13.689
"14739","E01015521",9,6.791
"14740","E01015522",6,14.371
"14741","E01015523",8,9.845
"14742","E01015524",6,17.379
"14743","E01015525",9,5.49
"14744","E01015526",8,10.46
"14745","E01015527",4,24.248
"14746","E01015528",2,37.468
"14747","E01015529",5,17.675
"14748","E01015530",4,24.955
"14749","E01015532",6,14.543
"14750","E01015533",10,2.401
"14751","E01015534",7,11.572
"14752","E01015535",9,6.407
"14753","E01015537",2,37.116
"14754","E01015538",1,45.199
"14755","E01015539",3,33.126
"14756","E01015540",2,36.966
"14757","E01015541",2,41.813
"14758","E01015542",1,49.435
"14759","E01015543",4,25.71
"14760","E01015544",1,57.703
"14761","E01015545",1,61.461
"14762","E01015546",1,58.035
"14763","E01015547",9,6.818
"14764","E01015548",9,7.542
"14765","E01015549",8,9.416
"14766","E01015550",7,11.953
"14767","E01015551",9,7.811
"14768","E01015552",7,13.978
"14769","E01015553",8,10.937
"14770","E01015554",6,16.818
"14771","E01015555",5,18.397
"14772","E01015556",8,8.428
"14773","E01015557",8,9.66
"14774","E01015558",1,47.47
"14775","E01015559",6,15.383
"14776","E01015560",9,7.45
"14777","E01015561",8,8.735
"14778","E01015562",7,11.571
"14779","E01015563",10,3.451
"14780","E01015564",9,5.507
"14781","E01015565",8,10.763
"14782","E01015566",9,6.311
"14783","E01015567",7,12.777
"14784","E01015568",7,12.92
"14785","E01015569",2,33.867
"14786","E01015570",1,48.389
"14787","E01015571",5,18.26
"14788","E01015572",2,44.239
"14789","E01015573",1,45.093
"14790","E01015574",7,12.156
"14791","E01015575",1,50.134
"14792","E01015576",8,10.316
"14793","E01015578",6,17.33
"14794","E01015579",7,12.155
"14795","E01015580",4,22.118
"14796","E01015581",8,10.019
"14797","E01015582",7,12.946
"14798","E01015584",8,9.369
"14799","E01015585",8,10.825
"14800","E01015586",10,5.255
"14801","E01015587",5,19.412
"14802","E01015588",6,14.276
"14803","E01015589",8,8.426
"14804","E01015590",8,9.536
"14805","E01015591",5,17.956
"14806","E01015592",3,32.362
"14807","E01015593",2,41.393
"14808","E01015594",2,34.037
"14809","E01015595",2,33.641
"14810","E01015596",2,34.517
"14811","E01015597",2,40.859
"14812","E01015598",7,11.358
"14813","E01015599",2,44.249
"14814","E01015600",1,46.899
"14815","E01015601",1,45.428
"14816","E01015603",1,57.586
"14817","E01015604",1,55.964
"14818","E01015605",2,37.243
"14819","E01015606",4,24.749
"14820","E01015607",1,51.609
"14821","E01015608",2,37.107
"14822","E01015609",1,56.543
"14823","E01015610",2,42.841
"14824","E01015612",1,48.532
"14825","E01015613",2,43.97
"14826","E01015614",3,28.104
"14827","E01015615",2,40.235
"14828","E01015616",2,42.049
"14829","E01015617",5,20.349
"14830","E01015618",4,25.487
"14831","E01015619",3,29.388
"14832","E01015620",8,9.943
"14833","E01015622",3,28.354
"14834","E01015623",4,25.378
"14835","E01015624",4,25.831
"14836","E01015626",6,14.582
"14837","E01015627",7,12.346
"14838","E01015628",7,12.367
"14839","E01015629",8,9.286
"14840","E01015630",4,25.404
"14841","E01015631",7,12.295
"14842","E01015632",1,52.242
"14843","E01015633",2,44.066
"14844","E01015634",2,40.781
"14845","E01015635",9,5.928
"14846","E01015636",8,9.763
"14847","E01015637",2,42.639
"14848","E01015638",5,20.412
"14849","E01015639",2,44.745
"14850","E01015640",3,29.773
"14851","E01015641",3,32.895
"14852","E01015642",2,44.166
"14853","E01015643",3,31.599
"14854","E01015644",7,13.528
"14855","E01015645",7,11.487
"14856","E01015646",10,3.727
"14857","E01015647",1,48.853
"14858","E01015648",10,4.36
"14859","E01015650",8,8.739
"14860","E01015651",4,24.277
"14861","E01015652",2,37.026
"14862","E01015653",5,18.733
"14863","E01015654",1,48.881
"14864","E01015655",3,29.067
"14865","E01015656",2,39.22
"14866","E01015658",1,63.706
"14867","E01015659",6,14.802
"14868","E01015660",2,35.698
"14869","E01015661",2,37.16
"14870","E01015662",2,40.421
"14871","E01015663",1,52.223
"14872","E01015664",1,45.218
"14873","E01015665",2,35.352
"14874","E01015666",3,31.393
"14875","E01015667",4,22.013
"14876","E01015668",2,39.148
"14877","E01015669",4,24.239
"14878","E01015670",5,17.663
"14879","E01015672",7,13.226
"14880","E01015673",2,37.137
"14881","E01015674",2,35.541
"14882","E01015675",6,16.653
"14883","E01015676",4,25.806
"14884","E01015677",2,37.568
"14885","E01015678",6,14.436
"14886","E01015679",7,13.155
"14887","E01015680",2,42.272
"14888","E01015681",9,6.42
"14889","E01015682",7,13.226
"14890","E01015683",8,9.366
"14891","E01015684",9,7.177
"14892","E01015685",8,8.963
"14893","E01015686",8,9.526
"14894","E01015687",8,10.374
"14895","E01015688",5,17.578
"14896","E01015689",9,7.361
"14897","E01015690",8,9.621
"14898","E01015691",6,15.483
"14899","E01015692",2,36.268
"14900","E01015693",8,9.114
"14901","E01015694",7,13.532
"14902","E01015695",7,14.039
"14903","E01015696",7,11.249
"14904","E01015697",8,9.068
"14905","E01015698",1,53.745
"14906","E01015699",1,53.97
"14907","E01015700",3,26.605
"14908","E01015701",2,42.586
"14909","E01015702",2,42.858
"14910","E01015703",1,45.206
"14911","E01015704",1,56.515
"14912","E01015705",1,58.185
"14913","E01015706",8,10.88
"14914","E01015707",8,10.632
"14915","E01015708",9,6.958
"14916","E01015709",7,11.903
"14917","E01015710",8,9.146
"14918","E01015711",3,28.646
"14919","E01015712",4,24.47
"14920","E01015713",3,28.342
"14921","E01015714",6,15.992
"14922","E01015715",2,34.844
"14923","E01015716",3,31.574
"14924","E01015717",4,25.659
"14925","E01015718",5,18.866
"14926","E01015719",7,13.537
"14927","E01015720",2,43.817
"14928","E01015721",6,15.112
"14929","E01015722",3,29.298
"14930","E01015723",5,19.011
"14931","E01015724",3,32.389
"14932","E01015725",1,57.611
"14933","E01015726",1,51.537
"14934","E01015727",2,36.516
"14935","E01015728",2,43.644
"14936","E01015729",1,49.011
"14937","E01015730",2,42.683
"14938","E01015731",2,36.351
"14939","E01015732",1,50.571
"14940","E01015733",2,39.619
"14941","E01015734",4,21.554
"14942","E01015735",2,38.351
"14943","E01015736",1,51.682
"14944","E01015737",3,28.598
"14945","E01015738",3,31.376
"14946","E01015739",3,29.085
"14947","E01015740",5,18.928
"14948","E01015742",4,22.475
"14949","E01015743",1,48.712
"14950","E01015744",3,31.196
"14951","E01015745",7,13.771
"14952","E01015746",5,17.822
"14953","E01015747",9,6.277
"14954","E01015748",6,16.447
"14955","E01015749",2,44.691
"14956","E01015750",3,27.088
"14957","E01015751",4,25.987
"14958","E01015752",4,26.348
"14959","E01015753",5,20.909
"14960","E01015754",2,41.229
"14961","E01015755",4,22.476
"14962","E01015756",4,24.282
"14963","E01015757",2,36.792
"14964","E01015758",3,29.453
"14965","E01015759",2,36.887
"14966","E01015760",2,42.817
"14967","E01015761",3,29.917
"14968","E01015762",6,16.057
"14969","E01015763",5,19.901
"14970","E01015764",5,18.255
"14971","E01015765",3,29.87
"14972","E01015766",4,21.973
"14973","E01015767",5,20.939
"14974","E01015768",5,20.162
"14975","E01015769",3,27.015
"14976","E01015770",8,9.355
"14977","E01015771",1,59.404
"14978","E01015772",2,40.864
"14979","E01015773",2,40.586
"14980","E01015774",2,39.545
"14981","E01015775",8,9.6
"14982","E01015776",4,22.54
"14983","E01015777",4,25.01
"14984","E01015778",6,16.283
"14985","E01015779",2,35.594
"14986","E01015780",5,18.265
"14987","E01015781",4,26.15
"14988","E01015782",4,26.089
"14989","E01015783",2,36.092
"14990","E01015784",3,29.715
"14991","E01015785",3,31.758
"14992","E01015786",3,30.364
"14993","E01015787",2,40.819
"14994","E01015788",2,37.229
"14995","E01015789",1,46.993
"14996","E01015790",4,21.562
"14997","E01015792",3,31.062
"14998","E01015793",5,19.147
"14999","E01015795",2,34.883
"15000","E01015796",4,23.464
"15001","E01015797",8,9.583
"15002","E01015798",6,16.348
"15003","E01015799",8,8.655
"15004","E01015800",8,10.369
"15005","E01015801",3,30.646
"15006","E01015802",2,37.96
"15007","E01015803",8,10.32
"15008","E01015804",4,23.496
"15009","E01015805",8,10.658
"15010","E01015806",8,8.727
"15011","E01015807",4,24.975
"15012","E01015808",6,14.396
"15013","E01015809",9,5.937
"15014","E01015810",5,19.833
"15015","E01015811",9,8.039
"15016","E01015812",8,9.169
"15017","E01015813",4,26.099
"15018","E01015814",6,14.949
"15019","E01015815",9,7.37
"15020","E01015816",6,15.681
"15021","E01015817",9,8.264
"15022","E01015818",6,15.482
"15023","E01015819",4,25.109
"15024","E01015820",2,38.982
"15025","E01015821",7,13.577
"15026","E01015822",7,12.534
"15027","E01015823",8,9.581
"15028","E01015824",2,39.29
"15029","E01015825",4,24.075
"15030","E01015826",8,10.886
"15031","E01015827",7,11.544
"15032","E01015828",2,41.843
"15033","E01015829",7,11.937
"15034","E01015830",10,5.303
"15035","E01015831",3,31.134
"15036","E01015832",6,16.696
"15037","E01015833",9,5.928
"15038","E01015834",9,8.314
"15039","E01015835",4,22.454
"15040","E01015836",9,8.153
"15041","E01015837",7,13.135
"15042","E01015838",10,4.626
"15043","E01015839",3,32.819
"15044","E01015840",2,43.472
"15045","E01015841",1,60.521
"15046","E01015842",1,78.985
"15047","E01015843",3,29.057
"15048","E01015844",1,47.428
"15049","E01015845",9,5.997
"15050","E01015846",9,6.749
"15051","E01015847",7,14.064
"15052","E01015848",6,14.201
"15053","E01015849",7,12.465
"15054","E01015850",9,7.23
"15055","E01015851",2,34.867
"15056","E01015852",1,57.22
"15057","E01015853",4,23.824
"15058","E01015854",3,32.871
"15059","E01015855",2,43.229
"15060","E01015856",3,27.666
"15061","E01015857",9,5.794
"15062","E01015858",9,7.75
"15063","E01015859",5,19.68
"15064","E01015860",7,11.979
"15065","E01015861",2,36.748
"15066","E01015862",3,30.244
"15067","E01015863",6,14.64
"15068","E01015864",6,14.887
"15069","E01015865",6,15.785
"15070","E01015866",9,8.023
"15071","E01015867",2,44.012
"15072","E01015868",3,32.225
"15073","E01015869",4,23.816
"15074","E01015870",5,18.547
"15075","E01015871",5,19.087
"15076","E01015872",5,18.642
"15077","E01015873",5,20.579
"15078","E01015874",5,20.791
"15079","E01015875",1,49.398
"15080","E01015876",7,11.26
"15081","E01015877",3,32.987
"15082","E01015878",6,15.547
"15083","E01015879",2,38.545
"15084","E01015880",1,51.869
"15085","E01015881",6,15.992
"15086","E01015882",2,35.777
"15087","E01015883",10,4.905
"15088","E01015884",4,26.279
"15089","E01015885",10,3.581
"15090","E01015886",1,69.034
"15091","E01015887",1,47.199
"15092","E01015888",5,18.915
"15093","E01015889",9,5.742
"15094","E01015890",9,5.912
"15095","E01015891",4,25.531
"15096","E01015892",9,7.848
"15097","E01015893",10,4.378
"15098","E01015894",9,6.636
"15099","E01015896",2,43.919
"15100","E01015897",1,51.441
"15101","E01015898",2,36.523
"15102","E01015899",2,35.214
"15103","E01015900",3,31.084
"15104","E01015901",3,28.234
"15105","E01015902",3,31.414
"15106","E01015903",5,21.235
"15107","E01015904",5,17.878
"15108","E01015905",5,19.904
"15109","E01015906",3,29.46
"15110","E01015907",3,29.226
"15111","E01015908",10,2.292
"15112","E01015909",10,4.758
"15113","E01015910",10,3.582
"15114","E01015911",10,3.149
"15115","E01015912",10,3.32
"15116","E01015913",8,10.866
"15117","E01015914",10,2.296
"15118","E01015915",8,10.253
"15119","E01015916",1,62.019
"15120","E01015917",1,53.428
"15121","E01015918",5,19.937
"15122","E01015919",6,15.808
"15123","E01015920",8,9.095
"15124","E01015921",3,30.811
"15125","E01015922",3,30.75
"15126","E01015923",4,22.129
"15127","E01015924",4,24.276
"15128","E01015925",8,10.944
"15129","E01015926",5,20.168
"15130","E01015927",4,26.027
"15131","E01015928",5,18.567
"15132","E01015929",2,36.323
"15133","E01015930",6,17.119
"15134","E01015931",2,35.481
"15135","E01015932",2,41.237
"15136","E01015933",4,25.207
"15137","E01015934",2,34.1
"15138","E01015935",3,29.751
"15139","E01015936",4,26.079
"15140","E01015937",6,17.087
"15141","E01015938",1,46.721
"15142","E01015939",9,8.176
"15143","E01015941",8,9.773
"15144","E01015942",6,14.977
"15145","E01015943",6,14.436
"15146","E01015944",8,8.509
"15147","E01015945",6,16.072
"15148","E01015946",7,12.952
"15149","E01015947",3,32.764
"15150","E01015948",4,24.144
"15151","E01015949",4,22.596
"15152","E01015950",5,18.187
"15153","E01015951",4,23.949
"15154","E01015952",4,23.595
"15155","E01015953",5,19.385
"15156","E01015954",2,39.821
"15157","E01015955",8,10.968
"15158","E01015956",3,27.841
"15159","E01015957",4,24.543
"15160","E01015958",4,24.504
"15161","E01015959",4,22.238
"15162","E01015960",8,9.012
"15163","E01015961",6,15.936
"15164","E01015962",3,30.853
"15165","E01015963",2,36.041
"15166","E01015964",8,9.664
"15167","E01015965",10,4.902
"15168","E01015966",8,9.666
"15169","E01015967",7,13.877
"15170","E01015968",7,11.681
"15171","E01015969",6,15.657
"15172","E01015970",8,10.606
"15173","E01015971",3,27.33
"15174","E01015972",4,22.611
"15175","E01015974",8,8.451
"15176","E01015975",5,17.785
"15177","E01015976",2,36.127
"15178","E01015977",7,13.383
"15179","E01015978",6,15.373
"15180","E01015979",8,10.017
"15181","E01015980",7,11.263
"15182","E01015982",9,7.58
"15183","E01015983",6,17.154
"15184","E01015984",8,9.459
"15185","E01015985",6,14.24
"15186","E01015986",3,28.883
"15187","E01015987",4,25.378
"15188","E01015988",3,31.05
"15189","E01015989",4,21.741
"15190","E01015990",5,19.284
"15191","E01015991",8,10.928
"15192","E01015992",6,15.786
"15193","E01015993",5,20.461
"15194","E01015994",5,20.093
"15195","E01015995",9,6.543
"15196","E01015996",4,22.577
"15197","E01015997",8,9.949
"15198","E01015998",8,10.117
"15199","E01015999",9,7.683
"15200","E01016000",7,13.727
"15201","E01016001",8,9.877
"15202","E01016002",9,7.788
"15203","E01016003",4,24.073
"15204","E01016004",2,42.978
"15205","E01016005",3,30.203
"15206","E01016006",1,55.088
"15207","E01016007",2,42.83
"15208","E01016008",4,24.047
"15209","E01016009",2,35.477
"15210","E01016010",1,46.294
"15211","E01016011",4,23.518
"15212","E01016013",5,19.263
"15213","E01016014",2,33.839
"15214","E01016015",6,14.822
"15215","E01016016",2,43.088
"15216","E01016017",1,52.304
"15217","E01016018",2,39.906
"15218","E01016019",1,55.135
"15219","E01016020",3,33.112
"15220","E01016021",3,29.123
"15221","E01016022",3,32.013
"15222","E01016023",1,56.253
"15223","E01016024",2,44.407
"15224","E01016025",2,33.593
"15225","E01016026",8,9.075
"15226","E01016027",8,9.89
"15227","E01016028",7,11.285
"15228","E01016029",5,20.599
"15229","E01016030",2,34.62
"15230","E01016031",1,61.347
"15231","E01016032",1,67.526
"15232","E01016033",1,55.053
"15233","E01016034",5,21.534
"15234","E01016035",2,42.042
"15235","E01016037",3,33.051
"15236","E01016038",3,29.794
"15237","E01016039",2,33.875
"15238","E01016040",2,38.102
"15239","E01016041",2,39.384
"15240","E01016042",2,34.502
"15241","E01016043",4,24.567
"15242","E01016044",3,33.491
"15243","E01016045",3,27.669
"15244","E01016046",2,38.341
"15245","E01016047",3,32.444
"15246","E01016048",3,26.941
"15247","E01016049",1,50.878
"15248","E01016050",10,5.114
"15249","E01016051",9,5.738
"15250","E01016052",9,6.656
"15251","E01016053",9,6.405
"15252","E01016054",10,5.449
"15253","E01016055",4,22.97
"15254","E01016056",5,21.229
"15255","E01016057",6,15.06
"15256","E01016058",7,14.039
"15257","E01016059",3,32.609
"15258","E01016060",9,7.965
"15259","E01016061",1,48.191
"15260","E01016062",2,43.13
"15261","E01016063",1,59.321
"15262","E01016064",2,43.016
"15263","E01016065",6,17.349
"15264","E01016066",3,30.629
"15265","E01016067",3,29.706
"15266","E01016068",1,47.099
"15267","E01016069",1,63.145
"15268","E01016070",3,29.265
"15269","E01016071",3,32.211
"15270","E01016072",3,30.797
"15271","E01016073",6,16.307
"15272","E01016074",4,23.619
"15273","E01016075",5,19.78
"15274","E01016077",3,28.876
"15275","E01016078",6,15.987
"15276","E01016079",7,13.608
"15277","E01016080",6,16.342
"15278","E01016081",8,8.401
"15279","E01016082",8,10.166
"15280","E01016083",2,44.817
"15281","E01016084",3,29.672
"15282","E01016085",10,4.348
"15283","E01016086",9,5.812
"15284","E01016087",7,11.551
"15285","E01016088",5,17.864
"15286","E01016089",7,12.037
"15287","E01016090",10,4.02
"15288","E01016091",10,4.584
"15289","E01016092",9,7.049
"15290","E01016093",9,7.948
"15291","E01016094",7,11.551
"15292","E01016095",7,11.358
"15293","E01016096",8,10.282
"15294","E01016097",3,30.407
"15295","E01016098",3,32.915
"15296","E01016099",7,13.329
"15297","E01016100",4,23.921
"15298","E01016101",7,11.269
"15299","E01016102",2,38.338
"15300","E01016103",8,10.409
"15301","E01016104",8,9.224
"15302","E01016105",8,10.06
"15303","E01016106",8,10.431
"15304","E01016107",9,7.166
"15305","E01016111",1,69.145
"15306","E01016113",7,11.949
"15307","E01016114",3,32.846
"15308","E01016115",4,21.783
"15309","E01016116",4,22.386
"15310","E01016117",2,43.026
"15311","E01016118",5,18.259
"15312","E01016119",9,8.15
"15313","E01016120",3,26.687
"15314","E01016121",7,11.34
"15315","E01016122",9,7.17
"15316","E01016123",7,13.311
"15317","E01016124",8,9.306
"15318","E01016125",5,18.733
"15319","E01016126",9,8.053
"15320","E01016127",4,21.559
"15321","E01016128",5,18.961
"15322","E01016129",3,32.581
"15323","E01016130",5,19.198
"15324","E01016131",7,12.463
"15325","E01016132",9,6.918
"15326","E01016133",9,6.188
"15327","E01016134",7,13.84
"15328","E01016135",5,21.037
"15329","E01016136",3,33.027
"15330","E01016137",4,25.97
"15331","E01016138",8,9.079
"15332","E01016139",7,11.724
"15333","E01016140",2,37.722
"15334","E01016141",3,28.054
"15335","E01016142",6,15.806
"15336","E01016143",4,24.06
"15337","E01016144",7,11.401
"15338","E01016145",8,8.957
"15339","E01016147",8,9.661
"15340","E01016148",8,8.415
"15341","E01016149",4,24.376
"15342","E01016150",2,39.854
"15343","E01016151",6,16.407
"15344","E01016152",2,37.335
"15345","E01016153",1,53.157
"15346","E01016154",3,31.815
"15347","E01016155",3,32.5
"15348","E01016156",5,21.068
"15349","E01016157",5,17.773
"15350","E01016158",4,24.571
"15351","E01016159",2,43.413
"15352","E01016160",2,40.985
"15353","E01016161",1,50.218
"15354","E01016162",7,12.823
"15355","E01016163",5,21.232
"15356","E01016164",3,28.214
"15357","E01016165",6,15.84
"15358","E01016166",6,14.791
"15359","E01016167",6,15.346
"15360","E01016168",4,24.821
"15361","E01016169",8,8.525
"15362","E01016170",6,16.388
"15363","E01016171",3,32.371
"15364","E01016172",8,9.577
"15365","E01016173",3,31.911
"15366","E01016174",3,29.987
"15367","E01016175",8,9.832
"15368","E01016176",9,6.181
"15369","E01016177",4,26.158
"15370","E01016178",5,21.156
"15371","E01016179",7,11.879
"15372","E01016180",8,9.289
"15373","E01016181",10,5.439
"15374","E01016182",10,4.826
"15375","E01016183",10,5.411
"15376","E01016185",9,8.245
"15377","E01016187",10,3.297
"15378","E01016188",10,4.84
"15379","E01016190",8,9.551
"15380","E01016191",8,11.005
"15381","E01016192",7,12.022
"15382","E01016193",8,8.528
"15383","E01016194",10,2.288
"15384","E01016195",9,7.858
"15385","E01016196",10,3.775
"15386","E01016197",7,11.69
"15387","E01016198",10,5.151
"15388","E01016199",10,3.305
"15389","E01016200",9,5.899
"15390","E01016201",9,6.512
"15391","E01016202",9,6.363
"15392","E01016203",4,22.048
"15393","E01016204",7,13.071
"15394","E01016205",7,12.152
"15395","E01016206",10,3.889
"15396","E01016207",8,10.991
"15397","E01016208",10,3.782
"15398","E01016209",8,11.023
"15399","E01016210",4,24.945
"15400","E01016212",6,15.529
"15401","E01016213",8,9.571
"15402","E01016214",10,3.135
"15403","E01016215",4,23.091
"15404","E01016216",6,17.331
"15405","E01016217",7,13.757
"15406","E01016218",5,18.213
"15407","E01016219",8,9.191
"15408","E01016220",6,14.384
"15409","E01016221",7,13.789
"15410","E01016222",10,1.921
"15411","E01016223",6,15.222
"15412","E01016224",6,16.182
"15413","E01016226",6,14.371
"15414","E01016227",10,3.547
"15415","E01016228",10,3.95
"15416","E01016229",10,3.221
"15417","E01016230",10,3.162
"15418","E01016231",6,15.005
"15419","E01016232",7,13.494
"15420","E01016233",4,23.665
"15421","E01016234",9,6.552
"15422","E01016235",10,4.113
"15423","E01016236",6,16.814
"15424","E01016237",9,5.706
"15425","E01016238",8,8.681
"15426","E01016239",6,14.66
"15427","E01016240",6,17.012
"15428","E01016241",5,19.464
"15429","E01016242",4,22.858
"15430","E01016243",10,3.049
"15431","E01016245",10,2.048
"15432","E01016246",10,2.658
"15433","E01016247",10,4.772
"15434","E01016248",6,14.363
"15435","E01016250",8,10.459
"15436","E01016252",8,10.685
"15437","E01016253",10,4.834
"15438","E01016254",5,18.098
"15439","E01016255",7,11.614
"15440","E01016256",8,8.78
"15441","E01016257",9,6.916
"15442","E01016258",9,7.964
"15443","E01016259",10,4.891
"15444","E01016260",10,3.111
"15445","E01016261",10,1.288
"15446","E01016262",10,2.351
"15447","E01016263",9,7.972
"15448","E01016264",7,12.822
"15449","E01016265",8,10.349
"15450","E01016266",8,10.519
"15451","E01016267",10,3.779
"15452","E01016268",6,17.28
"15453","E01016269",8,9.314
"15454","E01016270",10,4.919
"15455","E01016271",5,20.848
"15456","E01016272",10,4.807
"15457","E01016273",4,25.418
"15458","E01016274",8,9.59
"15459","E01016275",8,9.11
"15460","E01016276",8,9.696
"15461","E01016277",7,12.311
"15462","E01016279",5,20.222
"15463","E01016280",5,18.836
"15464","E01016281",8,8.522
"15465","E01016282",9,5.91
"15466","E01016284",10,4.193
"15467","E01016285",6,14.188
"15468","E01016286",7,12.735
"15469","E01016287",6,16.322
"15470","E01016288",7,13.587
"15471","E01016289",10,2.491
"15472","E01016290",9,5.565
"15473","E01016291",10,2.928
"15474","E01016292",8,8.784
"15475","E01016294",10,4.188
"15476","E01016295",2,36.26
"15477","E01016296",6,16.433
"15478","E01016297",5,20.443
"15479","E01016298",7,13.021
"15480","E01016299",8,10.527
"15481","E01016300",5,17.757
"15482","E01016301",7,12.449
"15483","E01016302",7,11.374
"15484","E01016303",6,15.24
"15485","E01016304",6,16.094
"15486","E01016305",6,14.443
"15487","E01016306",4,22.005
"15488","E01016307",6,17.32
"15489","E01016308",9,7.494
"15490","E01016309",7,11.236
"15491","E01016310",6,15.851
"15492","E01016311",9,5.894
"15493","E01016312",7,12.693
"15494","E01016313",8,9.919
"15495","E01016314",9,5.764
"15496","E01016315",9,6.723
"15497","E01016316",9,5.977
"15498","E01016317",7,12.803
"15499","E01016318",10,5.033
"15500","E01016319",7,11.646
"15501","E01016320",8,9.997
"15502","E01016321",6,14.45
"15503","E01016322",10,0.829
"15504","E01016323",9,6.764
"15505","E01016324",7,12.52
"15506","E01016325",5,18.425
"15507","E01016326",7,11.29
"15508","E01016327",7,11.178
"15509","E01016328",6,14.367
"15510","E01016329",10,2.559
"15511","E01016330",8,8.845
"15512","E01016331",6,15.815
"15513","E01016332",6,15.329
"15514","E01016333",10,2.975
"15515","E01016334",7,11.78
"15516","E01016335",10,3.425
"15517","E01016336",3,31.514
"15518","E01016337",8,9.868
"15519","E01016338",10,3.503
"15520","E01016339",8,10.587
"15521","E01016340",6,14.307
"15522","E01016341",7,13.52
"15523","E01016342",9,7.287
"15524","E01016343",10,4.683
"15525","E01016344",6,16.294
"15526","E01016345",9,6.789
"15527","E01016346",5,18.295
"15528","E01016348",7,12.441
"15529","E01016349",10,3.076
"15530","E01016350",10,4.927
"15531","E01016353",4,22.621
"15532","E01016355",7,12.863
"15533","E01016356",4,24.692
"15534","E01016357",6,15.623
"15535","E01016358",3,29.451
"15536","E01016359",4,22.199
"15537","E01016360",3,27.978
"15538","E01016361",4,23.899
"15539","E01016362",8,9.953
"15540","E01016363",2,34.069
"15541","E01016364",10,5.192
"15542","E01016365",9,8.365
"15543","E01016366",7,13.85
"15544","E01016367",6,17.032
"15545","E01016368",2,40.501
"15546","E01016369",6,16.253
"15547","E01016370",9,7.682
"15548","E01016371",6,16.104
"15549","E01016372",2,40.047
"15550","E01016373",3,32.647
"15551","E01016374",5,17.532
"15552","E01016375",3,30.42
"15553","E01016376",4,22.012
"15554","E01016377",3,29.304
"15555","E01016379",6,15.479
"15556","E01016380",9,6.294
"15557","E01016381",4,26.018
"15558","E01016382",3,33.219
"15559","E01016383",7,14.103
"15560","E01016384",10,4.824
"15561","E01016385",7,13.595
"15562","E01016386",10,1.882
"15563","E01016387",10,2.454
"15564","E01016388",5,18.661
"15565","E01016389",2,36.737
"15566","E01016390",6,16.831
"15567","E01016391",4,25.07
"15568","E01016392",5,18.35
"15569","E01016393",6,16.907
"15570","E01016394",2,34.968
"15571","E01016395",5,18.011
"15572","E01016396",4,23.212
"15573","E01016397",2,37.956
"15574","E01016398",5,21.304
"15575","E01016399",7,12.981
"15576","E01016400",5,21.177
"15577","E01016401",7,13.503
"15578","E01016402",6,17.417
"15579","E01016403",8,8.487
"15580","E01016404",4,23.763
"15581","E01016405",4,22.215
"15582","E01016406",5,19.507
"15583","E01016407",10,5.022
"15584","E01016408",8,9.156
"15585","E01016409",8,9.592
"15586","E01016410",9,6.024
"15587","E01016411",10,2.911
"15588","E01016412",9,5.7
"15589","E01016413",9,6.361
"15590","E01016414",8,10.1
"15591","E01016415",2,37.278
"15592","E01016416",6,14.894
"15593","E01016417",6,14.565
"15594","E01016418",7,11.174
"15595","E01016419",6,15.933
"15596","E01016420",2,42.964
"15597","E01016421",5,20.764
"15598","E01016422",4,26.567
"15599","E01016423",3,28.429
"15600","E01016424",10,4.108
"15601","E01016425",10,2.387
"15602","E01016426",10,1.903
"15603","E01016427",10,2.498
"15604","E01016428",10,5.372
"15605","E01016429",10,2.658
"15606","E01016430",10,2.038
"15607","E01016431",9,8.082
"15608","E01016432",9,6.578
"15609","E01016433",6,15.757
"15610","E01016434",5,18.583
"15611","E01016435",4,23.688
"15612","E01016436",5,21.065
"15613","E01016437",4,22.502
"15614","E01016438",2,40.102
"15615","E01016439",4,22.373
"15616","E01016440",3,29.254
"15617","E01016441",2,44.634
"15618","E01016443",2,39.713
"15619","E01016444",3,30.212
"15620","E01016445",3,29.124
"15621","E01016446",4,23.913
"15622","E01016447",4,26.401
"15623","E01016448",4,25.064
"15624","E01016449",3,27.915
"15625","E01016450",2,33.93
"15626","E01016451",2,34.721
"15627","E01016452",4,25.011
"15628","E01016453",4,22.139
"15629","E01016454",3,27.773
"15630","E01016455",4,24.566
"15631","E01016456",2,34.929
"15632","E01016457",4,25.028
"15633","E01016458",3,31.478
"15634","E01016460",5,17.596
"15635","E01016462",3,33.178
"15636","E01016463",2,38.39
"15637","E01016464",2,40.545
"15638","E01016465",3,29.445
"15639","E01016467",4,23.362
"15640","E01016468",7,13.178
"15641","E01016469",5,19.99
"15642","E01016470",6,15.267
"15643","E01016471",6,14.588
"15644","E01016472",5,17.541
"15645","E01016473",6,15.597
"15646","E01016474",3,26.828
"15647","E01016475",3,29.843
"15648","E01016476",5,18.301
"15649","E01016477",5,19.058
"15650","E01016478",5,21.242
"15651","E01016479",5,20.927
"15652","E01016480",2,34.823
"15653","E01016481",4,25.528
"15654","E01016482",6,16.772
"15655","E01016483",2,33.662
"15656","E01016484",3,29.201
"15657","E01016485",4,23.11
"15658","E01016486",4,25.488
"15659","E01016487",5,20.426
"15660","E01016488",5,20.815
"15661","E01016490",3,30.975
"15662","E01016491",7,13.213
"15663","E01016492",6,14.311
"15664","E01016493",7,11.463
"15665","E01016494",5,19.975
"15666","E01016495",7,13.443
"15667","E01016496",4,24.498
"15668","E01016497",10,5.379
"15669","E01016498",4,24.629
"15670","E01016499",3,28.39
"15671","E01016500",7,12.048
"15672","E01016501",4,23.472
"15673","E01016502",6,15.224
"15674","E01016503",5,18.279
"15675","E01016504",6,15.148
"15676","E01016505",5,20.897
"15677","E01016506",6,17.387
"15678","E01016507",6,14.613
"15679","E01016508",8,9.504
"15680","E01016509",6,16.428
"15681","E01016510",9,7.644
"15682","E01016511",2,37.237
"15683","E01016514",4,23.027
"15684","E01016515",9,6.099
"15685","E01016516",4,23.505
"15686","E01016517",3,27.054
"15687","E01016518",4,25.674
"15688","E01016519",5,20.693
"15689","E01016520",3,32.827
"15690","E01016521",4,22.825
"15691","E01016522",10,2.261
"15692","E01016523",9,5.814
"15693","E01016524",10,5.294
"15694","E01016525",10,2.811
"15695","E01016526",10,3.97
"15696","E01016527",10,5.437
"15697","E01016528",9,6.87
"15698","E01016529",5,20.883
"15699","E01016530",7,13.088
"15700","E01016531",9,8.377
"15701","E01016532",10,3.407
"15702","E01016533",10,3.084
"15703","E01016534",10,1.425
"15704","E01016535",10,4.482
"15705","E01016536",7,13.062
"15706","E01016537",8,9.407
"15707","E01016538",9,7.806
"15708","E01016539",9,6.256
"15709","E01016540",9,7.665
"15710","E01016541",10,3.996
"15711","E01016542",7,11.425
"15712","E01016543",8,8.434
"15713","E01016544",8,9.646
"15714","E01016545",7,12.18
"15715","E01016546",10,5.363
"15716","E01016547",8,8.759
"15717","E01016548",10,3.904
"15718","E01016549",8,9.929
"15719","E01016550",9,6.503
"15720","E01016551",10,4.829
"15721","E01016552",9,6.733
"15722","E01016553",8,8.601
"15723","E01016554",5,18.507
"15724","E01016555",4,26.57
"15725","E01016556",6,16.239
"15726","E01016557",8,10.326
"15727","E01016558",7,12.866
"15728","E01016559",10,2.085
"15729","E01016560",5,21.111
"15730","E01016561",10,4.108
"15731","E01016562",10,3.293
"15732","E01016563",10,4.026
"15733","E01016564",6,14.439
"15734","E01016565",9,7.022
"15735","E01016566",5,20.215
"15736","E01016567",9,8.05
"15737","E01016568",7,13.63
"15738","E01016569",6,14.427
"15739","E01016570",10,1.503
"15740","E01016571",10,3.327
"15741","E01016572",9,7.109
"15742","E01016573",5,20.605
"15743","E01016574",7,13.597
"15744","E01016575",9,6.119
"15745","E01016576",8,10.245
"15746","E01016577",5,20.464
"15747","E01016578",8,8.892
"15748","E01016579",6,15.815
"15749","E01016580",5,21.134
"15750","E01016581",7,12.492
"15751","E01016582",8,9.896
"15752","E01016583",10,2.407
"15753","E01016584",8,9.157
"15754","E01016585",10,4.999
"15755","E01016586",10,3.432
"15756","E01016587",9,5.582
"15757","E01016588",6,16.052
"15758","E01016589",10,4.838
"15759","E01016591",10,2.216
"15760","E01016592",10,4.947
"15761","E01016593",4,24.183
"15762","E01016594",6,16.644
"15763","E01016595",9,8.149
"15764","E01016596",10,2.831
"15765","E01016597",10,2.016
"15766","E01016598",10,1.558
"15767","E01016599",5,20.366
"15768","E01016600",10,3.489
"15769","E01016601",10,5.105
"15770","E01016602",10,1.951
"15771","E01016603",10,3.085
"15772","E01016604",10,2.785
"15773","E01016605",9,7.108
"15774","E01016606",10,1.967
"15775","E01016607",10,1.903
"15776","E01016608",9,7.105
"15777","E01016609",8,11.047
"15778","E01016611",8,9.098
"15779","E01016612",10,3.496
"15780","E01016613",7,12.597
"15781","E01016614",9,6.233
"15782","E01016615",5,21.097
"15783","E01016616",8,9.251
"15784","E01016617",10,5.425
"15785","E01016618",10,4.676
"15786","E01016619",10,3.333
"15787","E01016620",10,5.219
"15788","E01016621",9,5.923
"15789","E01016622",10,1.911
"15790","E01016623",10,4.728
"15791","E01016624",10,2.098
"15792","E01016625",10,1.762
"15793","E01016626",8,10.731
"15794","E01016627",10,3.811
"15795","E01016628",10,3.427
"15796","E01016629",10,0.676
"15797","E01016630",10,1.36
"15798","E01016631",9,6.945
"15799","E01016632",10,2.515
"15800","E01016633",10,3.634
"15801","E01016634",9,6.062
"15802","E01016635",10,1.628
"15803","E01016636",10,2.325
"15804","E01016637",10,3.823
"15805","E01016638",10,4.217
"15806","E01016639",9,5.998
"15807","E01016640",10,5.347
"15808","E01016643",10,2.193
"15809","E01016644",10,2.906
"15810","E01016645",10,5.061
"15811","E01016646",10,2.902
"15812","E01016647",10,5.359
"15813","E01016648",10,3.626
"15814","E01016649",10,3.47
"15815","E01016651",10,3.033
"15816","E01016652",10,2.102
"15817","E01016653",10,3.352
"15818","E01016654",10,2.635
"15819","E01016655",10,1.246
"15820","E01016656",8,9.76
"15821","E01016657",10,1.855
"15822","E01016658",9,6.512
"15823","E01016659",9,5.502
"15824","E01016660",10,4.29
"15825","E01016661",10,4.372
"15826","E01016662",3,29.441
"15827","E01016663",9,5.906
"15828","E01016664",10,1.216
"15829","E01016665",10,3.049
"15830","E01016666",10,2.081
"15831","E01016668",9,5.953
"15832","E01016669",10,5.385
"15833","E01016670",10,4.028
"15834","E01016671",10,2.868
"15835","E01016672",10,2.855
"15836","E01016673",3,28.731
"15837","E01016674",8,11.112
"15838","E01016676",10,2.4
"15839","E01016678",8,9.184
"15840","E01016679",8,10.214
"15841","E01016680",6,16.044
"15842","E01016684",10,3.992
"15843","E01016685",10,5.198
"15844","E01016686",10,5.351
"15845","E01016687",10,4.049
"15846","E01016688",10,3.557
"15847","E01016689",10,2.538
"15848","E01016690",7,11.646
"15849","E01016691",8,8.873
"15850","E01016692",10,3.614
"15851","E01016693",10,1.866
"15852","E01016694",10,3.778
"15853","E01016695",10,1.049
"15854","E01016696",8,8.724
"15855","E01016699",10,4.028
"15856","E01016700",10,3.409
"15857","E01016701",10,3.224
"15858","E01016702",10,5.458
"15859","E01016703",10,4.854
"15860","E01016704",6,14.92
"15861","E01016705",4,22.37
"15862","E01016706",10,2.677
"15863","E01016707",10,2.504
"15864","E01016708",10,3.404
"15865","E01016709",10,1.797
"15866","E01016710",4,23.338
"15867","E01016711",7,11.311
"15868","E01016713",7,13.066
"15869","E01016714",3,31.538
"15870","E01016715",4,25.503
"15871","E01016716",4,22.85
"15872","E01016717",4,24.233
"15873","E01016718",2,36.872
"15874","E01016719",6,16.568
"15875","E01016720",2,37.327
"15876","E01016721",3,27.107
"15877","E01016722",7,13.105
"15878","E01016723",9,8.316
"15879","E01016724",4,26.35
"15880","E01016725",3,30.324
"15881","E01016726",2,37.618
"15882","E01016727",4,24.643
"15883","E01016728",6,15.169
"15884","E01016729",3,32.972
"15885","E01016731",6,15.767
"15886","E01016732",6,17.311
"15887","E01016733",3,31.5
"15888","E01016734",7,12.66
"15889","E01016736",9,7.445
"15890","E01016737",6,14.67
"15891","E01016738",3,33.126
"15892","E01016739",7,12.816
"15893","E01016740",7,12.253
"15894","E01016741",3,30.011
"15895","E01016742",1,54.546
"15896","E01016744",1,45.339
"15897","E01016745",6,15.142
"15898","E01016746",3,26.709
"15899","E01016748",8,10.585
"15900","E01016750",8,8.458
"15901","E01016751",7,12.123
"15902","E01016752",6,14.792
"15903","E01016753",6,15.603
"15904","E01016754",5,18.955
"15905","E01016755",8,9.093
"15906","E01016756",4,21.751
"15907","E01016757",7,12.914
"15908","E01016758",8,9.529
"15909","E01016759",5,17.698
"15910","E01016761",8,10.16
"15911","E01016762",4,22.701
"15912","E01016763",7,11.327
"15913","E01016764",6,14.154
"15914","E01016765",4,25.497
"15915","E01016766",5,21.081
"15916","E01016767",9,6.007
"15917","E01016768",5,18.849
"15918","E01016769",9,6.99
"15919","E01016770",7,13.758
"15920","E01016771",4,25.776
"15921","E01016772",4,25.676
"15922","E01016773",8,9.41
"15923","E01016774",10,4.22
"15924","E01016775",8,10.193
"15925","E01016776",10,4.181
"15926","E01016777",7,13.397
"15927","E01016778",6,14.371
"15928","E01016780",7,13.212
"15929","E01016781",10,5.353
"15930","E01016783",7,13.998
"15931","E01016784",4,21.669
"15932","E01016786",8,9.879
"15933","E01016787",5,20.942
"15934","E01016788",9,7.402
"15935","E01016789",7,12.721
"15936","E01016790",9,5.547
"15937","E01016791",8,9.016
"15938","E01016792",9,7.07
"15939","E01016793",8,10.856
"15940","E01016794",8,10.206
"15941","E01016795",7,11.58
"15942","E01016796",9,6.492
"15943","E01016797",8,9.741
"15944","E01016798",10,3.136
"15945","E01016799",7,13.366
"15946","E01016800",7,12.335
"15947","E01016801",7,12.216
"15948","E01016802",6,15.323
"15949","E01016803",6,15.405
"15950","E01016804",3,32.211
"15951","E01016805",9,7.581
"15952","E01016806",2,40.921
"15953","E01016807",4,25.07
"15954","E01016808",7,13.762
"15955","E01016809",5,21.343
"15956","E01016810",2,38.897
"15957","E01016811",1,57.654
"15958","E01016812",6,16.872
"15959","E01016813",5,18.802
"15960","E01016815",6,14.903
"15961","E01016816",8,8.692
"15962","E01016817",5,18.691
"15963","E01016818",6,14.719
"15964","E01016819",2,41.644
"15965","E01016820",7,12.298
"15966","E01016821",8,8.616
"15967","E01016822",3,28.612
"15968","E01016823",7,13.001
"15969","E01016824",6,16.1
"15970","E01016825",6,16.621
"15971","E01016826",10,3.617
"15972","E01016827",7,13.188
"15973","E01016828",9,5.571
"15974","E01016829",4,22.954
"15975","E01016830",8,10.184
"15976","E01016831",6,14.743
"15977","E01016832",5,19.153
"15978","E01016833",9,6.016
"15979","E01016834",3,30.714
"15980","E01016835",2,35.125
"15981","E01016836",5,17.664
"15982","E01016837",4,22.679
"15983","E01016838",5,20.082
"15984","E01016839",1,50.345
"15985","E01016841",4,22.305
"15986","E01016842",1,53.591
"15987","E01016843",1,51.178
"15988","E01016844",1,52.797
"15989","E01016845",1,59.852
"15990","E01016846",4,24.514
"15991","E01016847",2,38.546
"15992","E01016848",2,35.471
"15993","E01016849",6,14.842
"15994","E01016850",4,21.989
"15995","E01016851",6,16.948
"15996","E01016852",4,22.174
"15997","E01016853",6,14.715
"15998","E01016854",4,26.271
"15999","E01016855",4,24.282
"16000","E01016856",5,18.64
"16001","E01016857",5,21.139
"16002","E01016858",5,19.407
"16003","E01016859",7,13.888
"16004","E01016860",4,23.605
"16005","E01016861",4,23.145
"16006","E01016862",7,12.304
"16007","E01016863",2,37.617
"16008","E01016864",1,50.102
"16009","E01016865",1,72.413
"16010","E01016866",1,64.5
"16011","E01016867",1,47.273
"16012","E01016868",1,71.593
"16013","E01016869",4,25.836
"16014","E01016870",8,10.748
"16015","E01016871",5,18.294
"16016","E01016872",7,14.109
"16017","E01016873",3,26.782
"16018","E01016874",7,11.181
"16019","E01016875",8,8.675
"16020","E01016876",7,11.796
"16021","E01016877",6,16.283
"16022","E01016878",7,13.577
"16023","E01016879",4,26.208
"16024","E01016880",1,47.69
"16025","E01016881",4,25.613
"16026","E01016882",3,27.115
"16027","E01016883",9,7.545
"16028","E01016884",5,21.112
"16029","E01016885",1,48.806
"16030","E01016886",7,13.76
"16031","E01016887",7,11.712
"16032","E01016888",10,5.306
"16033","E01016889",7,12.066
"16034","E01016890",5,18.452
"16035","E01016891",4,22.002
"16036","E01016892",6,14.926
"16037","E01016893",8,10.927
"16038","E01016894",5,20.257
"16039","E01016895",2,44.108
"16040","E01016896",8,10.362
"16041","E01016897",7,12.167
"16042","E01016898",5,18.87
"16043","E01016899",7,12.776
"16044","E01016900",1,59.173
"16045","E01016901",9,7.416
"16046","E01016902",4,22.635
"16047","E01016903",8,9.949
"16048","E01016904",2,40.709
"16049","E01016905",2,34.619
"16050","E01016906",2,42.843
"16051","E01016907",3,28.512
"16052","E01016908",1,51.4
"16053","E01016909",3,28.341
"16054","E01016910",1,46.155
"16055","E01016911",4,24.691
"16056","E01016912",6,14.615
"16057","E01016913",7,11.739
"16058","E01016914",2,37.291
"16059","E01016915",1,51.638
"16060","E01016916",6,15.111
"16061","E01016917",7,12.121
"16062","E01016918",2,35.235
"16063","E01016919",3,27.846
"16064","E01016920",9,7.981
"16065","E01016921",4,25.067
"16066","E01016922",4,24.082
"16067","E01016923",7,13.331
"16068","E01016924",9,6.215
"16069","E01016925",5,19.425
"16070","E01016926",3,28.221
"16071","E01016927",7,12.479
"16072","E01016928",8,10.853
"16073","E01016929",8,10.129
"16074","E01016930",10,4.545
"16075","E01016931",9,5.674
"16076","E01016932",8,9.75
"16077","E01016933",7,13.326
"16078","E01016934",10,5.363
"16079","E01016935",6,15.627
"16080","E01016936",9,7.745
"16081","E01016937",4,22.341
"16082","E01016938",7,11.979
"16083","E01016939",10,4.746
"16084","E01016940",9,6.741
"16085","E01016941",2,38.156
"16086","E01016942",1,62.9
"16087","E01016943",7,14.047
"16088","E01016944",4,25.513
"16089","E01016945",2,36.721
"16090","E01016946",8,8.685
"16091","E01016947",1,52.603
"16092","E01016948",5,20.684
"16093","E01016949",2,36.47
"16094","E01016950",7,12.052
"16095","E01016951",4,25.084
"16096","E01016952",3,29.186
"16097","E01016953",6,15.346
"16098","E01016954",3,29.908
"16099","E01016955",3,28.746
"16100","E01016956",8,10.584
"16101","E01016957",8,10.132
"16102","E01016958",7,13.461
"16103","E01016959",9,6.631
"16104","E01016960",8,9.576
"16105","E01016961",6,14.189
"16106","E01016962",9,7.608
"16107","E01016963",6,15.211
"16108","E01016964",2,39.185
"16109","E01016966",5,19.683
"16110","E01016967",6,16.262
"16111","E01016968",6,15.652
"16112","E01016969",2,38.953
"16113","E01016970",7,13.562
"16114","E01016971",5,18.983
"16115","E01016972",7,11.396
"16116","E01016973",6,16.494
"16117","E01016974",4,24.598
"16118","E01016975",3,28.752
"16119","E01016976",9,8.348
"16120","E01016977",5,21.435
"16121","E01016978",2,34.899
"16122","E01016979",9,7.915
"16123","E01016980",9,5.878
"16124","E01016981",10,4.998
"16125","E01016982",10,2.313
"16126","E01016983",10,3.142
"16127","E01016984",10,1.797
"16128","E01016985",9,7.163
"16129","E01016986",4,22.04
"16130","E01016987",8,10.826
"16131","E01016988",5,18.441
"16132","E01016989",6,15.177
"16133","E01016990",6,14.841
"16134","E01016991",5,18.076
"16135","E01016992",9,5.52
"16136","E01016993",2,37.996
"16137","E01016994",6,17.16
"16138","E01016995",9,5.648
"16139","E01016996",7,13.24
"16140","E01016997",8,8.519
"16141","E01016998",10,3.509
"16142","E01016999",9,5.834
"16143","E01017000",8,9.215
"16144","E01017001",10,2.463
"16145","E01017002",9,7.715
"16146","E01017003",9,6.346
"16147","E01017004",6,15.627
"16148","E01017005",9,6.39
"16149","E01017006",8,9.277
"16150","E01017007",3,28.207
"16151","E01017008",8,9.86
"16152","E01017009",6,16.735
"16153","E01017010",7,11.765
"16154","E01017011",2,39.844
"16155","E01017012",6,17.346
"16156","E01017013",4,22.09
"16157","E01017014",6,16.006
"16158","E01017015",5,19.152
"16159","E01017016",6,17.254
"16160","E01017017",8,9.023
"16161","E01017018",8,11
"16162","E01017019",3,32.707
"16163","E01017020",4,24.152
"16164","E01017021",6,14.397
"16165","E01017022",4,24.761
"16166","E01017023",7,11.968
"16167","E01017024",5,17.844
"16168","E01017025",6,14.693
"16169","E01017026",6,15.136
"16170","E01017027",5,17.524
"16171","E01017028",3,26.627
"16172","E01017029",6,15.667
"16173","E01017030",5,18.391
"16174","E01017031",1,66.124
"16175","E01017032",2,41.12
"16176","E01017034",3,31.738
"16177","E01017035",1,77.562
"16178","E01017036",1,52.026
"16179","E01017037",1,73.991
"16180","E01017038",1,74.188
"16181","E01017039",1,53.451
"16182","E01017040",1,77.736
"16183","E01017041",7,12.799
"16184","E01017042",3,28.838
"16185","E01017043",5,19.406
"16186","E01017044",5,20.981
"16187","E01017045",5,18.422
"16188","E01017046",8,9.133
"16189","E01017047",7,11.502
"16190","E01017048",6,14.263
"16191","E01017049",8,10.242
"16192","E01017050",7,13.245
"16193","E01017051",2,38.586
"16194","E01017052",2,35.194
"16195","E01017053",2,44.896
"16196","E01017054",4,24.333
"16197","E01017055",6,16.106
"16198","E01017056",9,6.372
"16199","E01017057",9,7.521
"16200","E01017058",3,27.721
"16201","E01017059",8,8.763
"16202","E01017060",9,6.83
"16203","E01017061",10,3.582
"16204","E01017062",10,1.854
"16205","E01017063",10,2.186
"16206","E01017064",9,6.928
"16207","E01017066",7,13.378
"16208","E01017067",6,14.949
"16209","E01017068",6,16.27
"16210","E01017069",8,10.301
"16211","E01017070",6,15.946
"16212","E01017071",3,28.614
"16213","E01017072",7,11.61
"16214","E01017073",5,19.608
"16215","E01017074",5,20.265
"16216","E01017075",3,33.006
"16217","E01017076",3,29.811
"16218","E01017077",1,49.499
"16219","E01017078",4,24.678
"16220","E01017079",3,30.499
"16221","E01017080",3,30.66
"16222","E01017081",4,21.777
"16223","E01017082",4,25.733
"16224","E01017083",4,22.47
"16225","E01017084",6,15.28
"16226","E01017085",6,17.135
"16227","E01017086",8,9.441
"16228","E01017087",4,22.41
"16229","E01017088",6,14.205
"16230","E01017089",2,36.272
"16231","E01017090",5,21.215
"16232","E01017091",2,37.635
"16233","E01017092",7,13.141
"16234","E01017093",3,30.094
"16235","E01017094",7,11.292
"16236","E01017095",5,20.659
"16237","E01017096",6,16.12
"16238","E01017097",6,14.214
"16239","E01017098",4,26.108
"16240","E01017099",4,22.739
"16241","E01017100",7,11.431
"16242","E01017101",6,16.154
"16243","E01017102",1,53.442
"16244","E01017103",1,64.926
"16245","E01017104",4,24.48
"16246","E01017105",4,25.133
"16247","E01017106",2,36.076
"16248","E01017107",3,28.36
"16249","E01017108",2,39.147
"16250","E01017109",2,37.787
"16251","E01017110",4,22.21
"16252","E01017111",2,35.394
"16253","E01017112",1,50.279
"16254","E01017113",6,14.577
"16255","E01017114",8,9.19
"16256","E01017115",2,39.285
"16257","E01017116",3,32.38
"16258","E01017117",2,35.852
"16259","E01017118",1,49.573
"16260","E01017119",2,40.059
"16261","E01017120",1,54.325
"16262","E01017121",4,22.756
"16263","E01017122",4,21.621
"16264","E01017123",5,19.945
"16265","E01017124",4,22.37
"16266","E01017125",3,29.347
"16267","E01017126",5,19.3
"16268","E01017127",5,20.414
"16269","E01017128",4,21.875
"16270","E01017129",4,21.99
"16271","E01017130",1,69.038
"16272","E01017131",5,18.83
"16273","E01017132",2,42.068
"16274","E01017133",2,42.084
"16275","E01017135",5,21.266
"16276","E01017136",5,17.62
"16277","E01017137",4,21.611
"16278","E01017138",6,15.813
"16279","E01017139",2,38.104
"16280","E01017144",6,15.927
"16281","E01017145",8,9.394
"16282","E01017146",10,4.17
"16283","E01017147",9,8.331
"16284","E01017148",10,5.058
"16285","E01017149",4,25.894
"16286","E01017150",9,6.611
"16287","E01017151",5,20.893
"16288","E01017152",5,17.911
"16289","E01017153",2,40.652
"16290","E01017154",1,49.322
"16291","E01017155",2,43.181
"16292","E01017156",2,40.688
"16293","E01017157",4,22.755
"16294","E01017158",4,23.588
"16295","E01017159",3,28.14
"16296","E01017160",4,22.48
"16297","E01017162",4,22.572
"16298","E01017163",1,66.751
"16299","E01017164",4,23.014
"16300","E01017165",2,35.689
"16301","E01017166",1,62.053
"16302","E01017167",1,67.81
"16303","E01017168",1,54.961
"16304","E01017169",1,45.324
"16305","E01017170",2,37.981
"16306","E01017171",5,20.389
"16307","E01017172",4,22.91
"16308","E01017173",6,16.725
"16309","E01017174",8,10.9
"16310","E01017175",8,9.538
"16311","E01017176",6,15.242
"16312","E01017177",6,14.14
"16313","E01017178",9,6.278
"16314","E01017179",4,26.571
"16315","E01017180",9,7.54
"16316","E01017181",2,36.612
"16317","E01017182",2,35.01
"16318","E01017183",8,9.854
"16319","E01017184",3,28.083
"16320","E01017185",4,24.111
"16321","E01017186",2,34.16
"16322","E01017187",5,18.663
"16323","E01017188",2,38.142
"16324","E01017189",4,26.6
"16325","E01017190",8,8.498
"16326","E01017191",3,29.137
"16327","E01017192",4,25.535
"16328","E01017193",4,25.719
"16329","E01017194",4,23.652
"16330","E01017195",3,27.083
"16331","E01017196",7,11.159
"16332","E01017197",7,13.213
"16333","E01017198",4,21.839
"16334","E01017199",4,22.667
"16335","E01017200",7,14.033
"16336","E01017201",3,32.923
"16337","E01017202",1,51.599
"16338","E01017203",5,19.837
"16339","E01017204",7,12.43
"16340","E01017205",2,39.865
"16341","E01017206",4,23.489
"16342","E01017207",1,61.549
"16343","E01017208",2,41.889
"16344","E01017209",6,16.273
"16345","E01017210",1,52.986
"16346","E01017211",4,22.03
"16347","E01017212",6,14.83
"16348","E01017213",5,20.494
"16349","E01017214",7,12.759
"16350","E01017215",9,6.417
"16351","E01017216",3,32.017
"16352","E01017217",4,23.238
"16353","E01017218",2,39.409
"16354","E01017219",2,38.315
"16355","E01017220",3,28.627
"16356","E01017221",6,15.749
"16357","E01017222",6,14.14
"16358","E01017223",8,9.361
"16359","E01017224",7,12.87
"16360","E01017225",4,24.519
"16361","E01017226",10,3.656
"16362","E01017227",3,28.438
"16363","E01017228",3,29.826
"16364","E01017231",8,10.659
"16365","E01017232",9,7.871
"16366","E01017233",3,27.161
"16367","E01017234",4,21.81
"16368","E01017235",3,30.239
"16369","E01017236",1,45.941
"16370","E01017237",1,46.188
"16371","E01017238",2,33.938
"16372","E01017239",3,31.725
"16373","E01017240",1,46.872
"16374","E01017241",2,36.282
"16375","E01017242",4,21.678
"16376","E01017243",7,12.69
"16377","E01017244",3,31.813
"16378","E01017245",1,59.29
"16379","E01017246",4,22.397
"16380","E01017247",8,9.195
"16381","E01017248",10,4.56
"16382","E01017249",10,5
"16383","E01017250",1,48.621
"16384","E01017251",4,25.881
"16385","E01017252",9,6.947
"16386","E01017253",3,28.59
"16387","E01017254",5,19.06
"16388","E01017255",7,13.459
"16389","E01017256",8,10.393
"16390","E01017257",3,27.483
"16391","E01017258",4,23.829
"16392","E01017259",8,10.06
"16393","E01017260",4,21.817
"16394","E01017261",5,17.751
"16395","E01017262",4,24.983
"16396","E01017263",4,26.32
"16397","E01017264",4,24.39
"16398","E01017265",2,44.248
"16399","E01017266",3,30.068
"16400","E01017267",4,23.297
"16401","E01017270",3,27.317
"16402","E01017271",6,14.499
"16403","E01017272",2,34.818
"16404","E01017273",7,14.127
"16405","E01017274",1,49.323
"16406","E01017275",5,20.657
"16407","E01017276",3,31.166
"16408","E01017277",4,24.167
"16409","E01017279",5,17.802
"16410","E01017280",1,48.543
"16411","E01017281",1,75.537
"16412","E01017282",4,25.502
"16413","E01017283",5,20.21
"16414","E01017284",8,10.692
"16415","E01017285",6,14.921
"16416","E01017286",7,11.324
"16417","E01017287",8,10.511
"16418","E01017288",5,18.424
"16419","E01017289",3,28.165
"16420","E01017290",3,26.624
"16421","E01017291",5,20.253
"16422","E01017292",6,15.51
"16423","E01017293",8,8.999
"16424","E01017294",6,15.21
"16425","E01017295",3,28.45
"16426","E01017296",4,23.502
"16427","E01017297",3,26.926
"16428","E01017298",4,22.303
"16429","E01017299",2,35.362
"16430","E01017300",6,16.987
"16431","E01017301",9,7.327
"16432","E01017302",8,10.887
"16433","E01017303",7,13.347
"16434","E01017304",6,16.894
"16435","E01017305",4,22.971
"16436","E01017306",4,25.218
"16437","E01017307",6,17.418
"16438","E01017308",4,23.913
"16439","E01017309",4,24.723
"16440","E01017310",6,17.375
"16441","E01017311",4,23.155
"16442","E01017312",3,29.06
"16443","E01017315",2,34.753
"16444","E01017316",7,12.199
"16445","E01017317",5,19.949
"16446","E01017318",2,34.012
"16447","E01017319",4,26.412
"16448","E01017320",7,12.641
"16449","E01017321",5,18.216
"16450","E01017322",2,37.817
"16451","E01017323",6,14.556
"16452","E01017324",5,21.162
"16453","E01017325",3,33.093
"16454","E01017326",2,39.196
"16455","E01017327",4,25.67
"16456","E01017328",2,33.711
"16457","E01017329",7,11.324
"16458","E01017331",2,41.593
"16459","E01017332",2,44.47
"16460","E01017333",6,17.436
"16461","E01017334",5,19.317
"16462","E01017335",3,31.824
"16463","E01017336",1,46.329
"16464","E01017337",2,34.624
"16465","E01017338",5,18.452
"16466","E01017339",4,25.476
"16467","E01017340",2,35.615
"16468","E01017341",3,30.877
"16469","E01017342",3,31.335
"16470","E01017343",2,35.238
"16471","E01017344",7,13.075
"16472","E01017345",1,53.15
"16473","E01017346",3,26.806
"16474","E01017347",3,29.956
"16475","E01017348",3,26.832
"16476","E01017349",3,32.417
"16477","E01017350",2,34.085
"16478","E01017351",6,15.756
"16479","E01017352",8,9.723
"16480","E01017353",4,23.633
"16481","E01017354",4,25.935
"16482","E01017355",5,19.839
"16483","E01017356",2,34.909
"16484","E01017357",3,31.108
"16485","E01017358",5,17.881
"16486","E01017359",5,17.926
"16487","E01017360",3,33.013
"16488","E01017361",5,17.492
"16489","E01017362",4,24.77
"16490","E01017363",1,49.968
"16491","E01017364",3,30.444
"16492","E01017365",5,20.807
"16493","E01017366",2,36.682
"16494","E01017367",7,12.582
"16495","E01017368",4,23.173
"16496","E01017369",5,20.138
"16497","E01017370",3,26.692
"16498","E01017371",10,2.865
"16499","E01017372",9,7.527
"16500","E01017373",10,3.783
"16501","E01017374",10,3.598
"16502","E01017375",8,8.432
"16503","E01017376",5,19.109
"16504","E01017377",7,13.001
"16505","E01017378",5,19.936
"16506","E01017379",6,16.811
"16507","E01017380",10,5.437
"16508","E01017381",9,7.239
"16509","E01017382",6,15.275
"16510","E01017383",8,10.663
"16511","E01017384",4,23.648
"16512","E01017385",4,22.807
"16513","E01017386",6,14.221
"16514","E01017387",8,11.039
"16515","E01017388",7,13.478
"16516","E01017391",6,17.061
"16517","E01017392",10,4.528
"16518","E01017393",9,8.336
"16519","E01017394",8,9.187
"16520","E01017397",8,8.43
"16521","E01017398",9,6.126
"16522","E01017399",9,5.798
"16523","E01017400",2,35.209
"16524","E01017401",9,6.776
"16525","E01017402",10,4.816
"16526","E01017403",9,8.263
"16527","E01017404",10,1.974
"16528","E01017405",9,6.826
"16529","E01017406",10,5.104
"16530","E01017407",9,5.914
"16531","E01017408",9,6.322
"16532","E01017409",9,6.936
"16533","E01017410",7,13.504
"16534","E01017412",4,25.25
"16535","E01017413",8,8.501
"16536","E01017414",6,14.524
"16537","E01017415",8,10.269
"16538","E01017418",4,24.054
"16539","E01017419",9,5.74
"16540","E01017420",6,16.473
"16541","E01017421",8,8.507
"16542","E01017422",6,15.639
"16543","E01017423",5,18.189
"16544","E01017424",5,21.408
"16545","E01017425",6,17.247
"16546","E01017426",7,12.475
"16547","E01017427",5,18.151
"16548","E01017428",6,14.44
"16549","E01017429",8,10.055
"16550","E01017430",3,26.926
"16551","E01017431",6,15.293
"16552","E01017432",9,7.037
"16553","E01017433",2,39.277
"16554","E01017434",7,12.434
"16555","E01017435",5,18.502
"16556","E01017436",10,5.115
"16557","E01017437",6,15.621
"16558","E01017438",10,4.746
"16559","E01017439",10,4.686
"16560","E01017440",4,22.729
"16561","E01017441",8,8.804
"16562","E01017442",8,8.573
"16563","E01017443",9,7.528
"16564","E01017444",7,13.693
"16565","E01017446",6,16.361
"16566","E01017447",9,7.128
"16567","E01017449",7,11.439
"16568","E01017450",7,11.216
"16569","E01017451",5,18.606
"16570","E01017452",8,10.665
"16571","E01017453",3,27.765
"16572","E01017454",9,7.324
"16573","E01017455",8,10.523
"16574","E01017456",10,4.459
"16575","E01017457",6,17.109
"16576","E01017458",8,8.489
"16577","E01017459",9,6.78
"16578","E01017460",10,5.129
"16579","E01017462",9,5.645
"16580","E01017463",9,6.533
"16581","E01017464",6,14.698
"16582","E01017465",7,11.24
"16583","E01017466",1,46.167
"16584","E01017467",7,12.226
"16585","E01017468",7,13.882
"16586","E01017470",9,6.836
"16587","E01017471",1,54.163
"16588","E01017472",2,40.88
"16589","E01017474",1,45.225
"16590","E01017475",4,25.373
"16591","E01017476",5,19.496
"16592","E01017477",1,51.398
"16593","E01017478",6,16.919
"16594","E01017479",6,17.388
"16595","E01017480",7,11.726
"16596","E01017481",7,12.597
"16597","E01017482",4,24.668
"16598","E01017483",9,6.682
"16599","E01017484",3,32.168
"16600","E01017485",7,12.798
"16601","E01017487",4,22.062
"16602","E01017488",9,7.652
"16603","E01017489",3,30.853
"16604","E01017490",2,41.988
"16605","E01017491",7,12.84
"16606","E01017492",2,35.973
"16607","E01017493",5,21.018
"16608","E01017495",7,14.088
"16609","E01017496",7,13.863
"16610","E01017497",4,25.438
"16611","E01017498",7,11.988
"16612","E01017499",4,26.075
"16613","E01017500",2,34.844
"16614","E01017501",3,29.544
"16615","E01017502",1,56.76
"16616","E01017503",4,24.632
"16617","E01017504",7,13.181
"16618","E01017505",5,18.848
"16619","E01017506",3,27.154
"16620","E01017507",6,15.671
"16621","E01017508",6,15.563
"16622","E01017509",2,33.628
"16623","E01017510",6,14.732
"16624","E01017511",6,14.95
"16625","E01017512",3,29.092
"16626","E01017513",6,14.931
"16627","E01017514",3,32.453
"16628","E01017515",3,27.257
"16629","E01017517",7,11.474
"16630","E01017518",4,26.445
"16631","E01017519",2,35.865
"16632","E01017520",4,22.304
"16633","E01017521",4,21.91
"16634","E01017522",3,30.69
"16635","E01017523",2,44.671
"16636","E01017524",6,14.314
"16637","E01017525",4,23.035
"16638","E01017526",9,5.983
"16639","E01017527",7,11.647
"16640","E01017528",9,7.304
"16641","E01017529",9,8.003
"16642","E01017530",10,3.4
"16643","E01017531",3,32.469
"16644","E01017532",10,2.705
"16645","E01017533",10,4.185
"16646","E01017534",10,4.111
"16647","E01017535",5,18.416
"16648","E01017536",2,38.039
"16649","E01017537",2,40.562
"16650","E01017538",2,41.763
"16651","E01017539",2,44.785
"16652","E01017540",6,14.517
"16653","E01017541",7,13.993
"16654","E01017542",4,21.757
"16655","E01017543",5,18.914
"16656","E01017544",8,8.843
"16657","E01017545",6,14.601
"16658","E01017546",6,14.286
"16659","E01017547",8,11.07
"16660","E01017549",8,9.599
"16661","E01017552",5,19.37
"16662","E01017553",9,6.895
"16663","E01017554",6,14.338
"16664","E01017555",4,25.541
"16665","E01017556",9,8.366
"16666","E01017557",5,18.98
"16667","E01017558",9,7.745
"16668","E01017559",9,8.354
"16669","E01017560",10,4.371
"16670","E01017561",5,18.829
"16671","E01017562",6,16.871
"16672","E01017563",9,5.47
"16673","E01017564",5,18.225
"16674","E01017565",9,5.82
"16675","E01017566",10,4.151
"16676","E01017567",5,20.894
"16677","E01017568",3,27.505
"16678","E01017569",6,16.572
"16679","E01017571",4,21.682
"16680","E01017572",8,8.804
"16681","E01017573",10,4.898
"16682","E01017576",9,7.483
"16683","E01017577",6,14.78
"16684","E01017578",6,15.486
"16685","E01017579",4,24.004
"16686","E01017580",4,22.143
"16687","E01017581",5,20.947
"16688","E01017582",9,7.112
"16689","E01017583",8,9.274
"16690","E01017584",7,13.949
"16691","E01017585",9,6.061
"16692","E01017586",5,18.512
"16693","E01017587",8,11.118
"16694","E01017588",6,15.998
"16695","E01017589",7,12.801
"16696","E01017590",9,5.897
"16697","E01017591",9,6.776
"16698","E01017592",6,16.182
"16699","E01017593",8,9.822
"16700","E01017594",2,39.871
"16701","E01017595",4,23.814
"16702","E01017596",3,27.171
"16703","E01017597",5,20.475
"16704","E01017598",9,6.388
"16705","E01017600",6,14.866
"16706","E01017601",3,29.411
"16707","E01017602",2,36.003
"16708","E01017603",9,6.146
"16709","E01017604",9,5.489
"16710","E01017605",3,31.796
"16711","E01017606",10,4.449
"16712","E01017607",10,3.299
"16713","E01017608",7,12.541
"16714","E01017609",3,28.856
"16715","E01017610",10,2.963
"16716","E01017611",10,3.866
"16717","E01017612",10,5.079
"16718","E01017613",10,4.523
"16719","E01017614",9,7.118
"16720","E01017616",6,15.595
"16721","E01017617",7,11.929
"16722","E01017618",4,25.78
"16723","E01017619",3,27.874
"16724","E01017620",8,10.528
"16725","E01017621",10,3.515
"16726","E01017622",6,17.018
"16727","E01017623",7,12.385
"16728","E01017624",9,6.492
"16729","E01017625",10,1.977
"16730","E01017626",10,3.973
"16731","E01017627",7,13.82
"16732","E01017628",8,8.767
"16733","E01017629",9,6.114
"16734","E01017630",8,8.409
"16735","E01017631",7,12.021
"16736","E01017634",6,15.998
"16737","E01017635",9,7.244
"16738","E01017636",10,5.283
"16739","E01017637",9,8.246
"16740","E01017638",10,3.428
"16741","E01017639",10,1.657
"16742","E01017640",10,3.643
"16743","E01017642",4,22.876
"16744","E01017643",8,10.576
"16745","E01017644",9,6.261
"16746","E01017645",5,19.762
"16747","E01017646",6,14.395
"16748","E01017647",10,1.766
"16749","E01017648",10,2.373
"16750","E01017649",7,14.029
"16751","E01017651",8,8.59
"16752","E01017652",6,15.094
"16753","E01017653",8,9.937
"16754","E01017654",3,27.893
"16755","E01017655",9,8.369
"16756","E01017657",8,10.439
"16757","E01017658",7,11.21
"16758","E01017659",4,25.175
"16759","E01017660",8,10.621
"16760","E01017661",4,21.814
"16761","E01017662",4,23.856
"16762","E01017663",3,29.217
"16763","E01017664",10,3.931
"16764","E01017665",3,28.889
"16765","E01017666",4,21.829
"16766","E01017667",5,20.278
"16767","E01017668",7,13.179
"16768","E01017669",8,11.102
"16769","E01017670",8,9.876
"16770","E01017671",7,12.261
"16771","E01017672",5,17.906
"16772","E01017673",7,12.501
"16773","E01017674",7,12.395
"16774","E01017675",10,4.918
"16775","E01017676",10,4.999
"16776","E01017677",9,6.431
"16777","E01017678",8,10.07
"16778","E01017679",8,8.499
"16779","E01017680",7,12.744
"16780","E01017681",8,10.044
"16781","E01017682",10,4.751
"16782","E01017683",8,9.824
"16783","E01017684",8,8.634
"16784","E01017687",7,13.316
"16785","E01017688",7,13.514
"16786","E01017689",10,2.85
"16787","E01017690",9,8.007
"16788","E01017691",10,2.617
"16789","E01017692",8,8.802
"16790","E01017693",7,11.535
"16791","E01017694",7,12.342
"16792","E01017695",8,9.969
"16793","E01017696",9,7.649
"16794","E01017697",9,7.449
"16795","E01017698",6,15.141
"16796","E01017699",4,21.652
"16797","E01017700",10,2.797
"16798","E01017701",8,9.136
"16799","E01017702",8,10.68
"16800","E01017703",6,14.388
"16801","E01017704",7,12.123
"16802","E01017706",4,23.429
"16803","E01017707",3,33.281
"16804","E01017708",3,29.672
"16805","E01017709",3,30.902
"16806","E01017710",4,21.679
"16807","E01017711",3,31.617
"16808","E01017712",3,30.239
"16809","E01017713",5,19.576
"16810","E01017714",8,10.069
"16811","E01017715",7,12.777
"16812","E01017716",7,11.772
"16813","E01017717",5,18.083
"16814","E01017718",8,10.848
"16815","E01017719",7,11.351
"16816","E01017720",6,14.694
"16817","E01017721",6,14.481
"16818","E01017722",8,9.112
"16819","E01017723",3,26.89
"16820","E01017724",3,28.947
"16821","E01017726",7,13.825
"16822","E01017727",10,3.14
"16823","E01017729",10,3.946
"16824","E01017730",7,13.534
"16825","E01017731",6,16.807
"16826","E01017732",9,7.749
"16827","E01017733",7,12.715
"16828","E01017734",8,9.129
"16829","E01017735",8,9.561
"16830","E01017736",6,16.302
"16831","E01017737",10,4.202
"16832","E01017738",7,13.034
"16833","E01017739",10,1.521
"16834","E01017740",9,5.469
"16835","E01017741",9,8.262
"16836","E01017742",10,4.006
"16837","E01017743",5,17.496
"16838","E01017744",8,9.826
"16839","E01017745",9,5.615
"16840","E01017746",10,2.373
"16841","E01017747",7,11.285
"16842","E01017748",4,25.619
"16843","E01017749",10,3.162
"16844","E01017750",7,11.164
"16845","E01017751",10,1.572
"16846","E01017752",8,10.034
"16847","E01017753",8,9.108
"16848","E01017754",9,5.499
"16849","E01017755",9,7.341
"16850","E01017756",10,1.768
"16851","E01017757",10,5.353
"16852","E01017758",9,6.733
"16853","E01017759",8,9.611
"16854","E01017760",10,2.328
"16855","E01017761",10,3.552
"16856","E01017762",10,3.117
"16857","E01017763",10,2.753
"16858","E01017764",10,1.895
"16859","E01017765",10,2.961
"16860","E01017766",7,12.424
"16861","E01017767",9,6.679
"16862","E01017768",9,6.18
"16863","E01017769",10,2.843
"16864","E01017770",6,16.878
"16865","E01017771",10,3.961
"16866","E01017773",9,7.387
"16867","E01017774",10,3.533
"16868","E01017775",8,9.374
"16869","E01017776",7,13.72
"16870","E01017777",10,1.562
"16871","E01017778",9,7.243
"16872","E01017779",9,7.225
"16873","E01017780",9,6.239
"16874","E01017781",3,27.324
"16875","E01017782",10,1.493
"16876","E01017783",8,8.602
"16877","E01017784",10,4.42
"16878","E01017785",9,5.662
"16879","E01017786",10,4.982
"16880","E01017787",10,3.76
"16881","E01017788",5,19.637
"16882","E01017789",5,18.476
"16883","E01017790",3,31.454
"16884","E01017791",6,14.346
"16885","E01017792",5,18.782
"16886","E01017793",7,13.531
"16887","E01017794",10,2.935
"16888","E01017795",5,18.272
"16889","E01017796",8,8.646
"16890","E01017797",10,0.882
"16891","E01017798",10,1.232
"16892","E01017799",10,3.086
"16893","E01017800",6,15.686
"16894","E01017801",10,2.538
"16895","E01017802",7,11.833
"16896","E01017803",8,9.39
"16897","E01017804",8,10.395
"16898","E01017805",5,18.747
"16899","E01017806",10,2.402
"16900","E01017807",10,5.44
"16901","E01017808",7,12.731
"16902","E01017809",6,14.185
"16903","E01017810",5,19.873
"16904","E01017811",8,10.283
"16905","E01017812",5,17.484
"16906","E01017813",8,8.511
"16907","E01017814",8,9.291
"16908","E01017815",10,3.656
"16909","E01017816",9,6.496
"16910","E01017817",8,9.9
"16911","E01017818",8,9.257
"16912","E01017819",10,1.368
"16913","E01017820",10,3.763
"16914","E01017821",8,9.656
"16915","E01017822",10,2.979
"16916","E01017823",6,17.058
"16917","E01017824",7,11.629
"16918","E01017825",9,7.964
"16919","E01017826",5,18.437
"16920","E01017827",5,18.926
"16921","E01017828",5,18.708
"16922","E01017829",9,6.219
"16923","E01017830",7,11.321
"16924","E01017831",10,5.06
"16925","E01017832",8,9.3
"16926","E01017833",9,8.287
"16927","E01017834",7,13.372
"16928","E01017835",5,20.163
"16929","E01017836",6,14.763
"16930","E01017837",4,25.873
"16931","E01017838",6,15.252
"16932","E01017839",6,16.843
"16933","E01017840",8,9.666
"16934","E01017841",8,8.774
"16935","E01017843",9,8.063
"16936","E01017844",5,19.248
"16937","E01017845",4,25.855
"16938","E01017846",6,16.06
"16939","E01017847",10,4.944
"16940","E01017848",10,2.079
"16941","E01017849",9,5.696
"16942","E01017850",3,28.3
"16943","E01017851",5,18.959
"16944","E01017852",5,18.751
"16945","E01017853",6,14.405
"16946","E01017854",6,15.201
"16947","E01017855",7,11.604
"16948","E01017856",4,25.634
"16949","E01017857",3,32.677
"16950","E01017858",6,16.968
"16951","E01017859",8,9.111
"16952","E01017860",5,19.959
"16953","E01017861",10,5.173
"16954","E01017862",8,9.147
"16955","E01017863",10,4.378
"16956","E01017864",10,2.112
"16957","E01017865",10,2.458
"16958","E01017866",9,6.463
"16959","E01017867",4,23.013
"16960","E01017868",10,5.323
"16961","E01017869",9,6.133
"16962","E01017870",9,6.162
"16963","E01017871",9,6.167
"16964","E01017872",10,4.529
"16965","E01017873",9,5.808
"16966","E01017874",10,5.456
"16967","E01017875",9,6.413
"16968","E01017876",10,2.075
"16969","E01017877",9,7.378
"16970","E01017878",6,15.58
"16971","E01017880",10,2.941
"16972","E01017881",10,5.429
"16973","E01017882",10,5.142
"16974","E01017883",10,4.115
"16975","E01017884",9,6.051
"16976","E01017885",8,10.325
"16977","E01017886",7,12.915
"16978","E01017887",10,5.195
"16979","E01017888",8,10.026
"16980","E01017889",7,11.694
"16981","E01017890",10,0.842
"16982","E01017891",10,1.727
"16983","E01017892",10,0.859
"16984","E01017893",7,13.518
"16985","E01017894",10,2.232
"16986","E01017895",9,6.619
"16987","E01017896",10,2.716
"16988","E01017897",9,5.69
"16989","E01017898",6,17.224
"16990","E01017899",5,21.494
"16991","E01017900",5,20.38
"16992","E01017901",3,27.456
"16993","E01017902",3,29.864
"16994","E01017903",3,30.499
"16995","E01017904",3,27.89
"16996","E01017905",2,40.675
"16997","E01017906",2,39.195
"16998","E01017907",5,19.352
"16999","E01017910",7,12.383
"17000","E01017911",5,18.995
"17001","E01017912",7,13.112
"17002","E01017913",3,27.475
"17003","E01017914",7,12.024
"17004","E01017915",4,23.171
"17005","E01017916",7,11.621
"17006","E01017917",7,12.788
"17007","E01017918",6,16.606
"17008","E01017919",6,15.207
"17009","E01017920",8,8.632
"17010","E01017921",8,10.93
"17011","E01017922",7,13.226
"17012","E01017923",5,21.52
"17013","E01017924",10,4.091
"17014","E01017925",6,17.413
"17015","E01017926",3,29.821
"17016","E01017927",8,10.554
"17017","E01017928",6,16.63
"17018","E01017929",5,20.786
"17019","E01017930",10,2.873
"17020","E01017931",6,14.316
"17021","E01017932",10,4.445
"17022","E01017933",8,10.434
"17023","E01017934",5,19.335
"17024","E01017935",8,9.696
"17025","E01017936",10,4.724
"17026","E01017937",10,2.757
"17027","E01017938",10,1.573
"17028","E01017939",8,8.876
"17029","E01017940",8,9.447
"17030","E01017941",7,12.889
"17031","E01017942",10,2.326
"17032","E01017943",8,9.172
"17033","E01017944",4,25.085
"17034","E01017945",7,13.538
"17035","E01017946",3,28.088
"17036","E01017947",5,19.445
"17037","E01017948",2,40.006
"17038","E01017949",6,15.012
"17039","E01017950",8,8.475
"17040","E01017951",6,15.384
"17041","E01017952",4,23.062
"17042","E01017953",5,18.397
"17043","E01017954",6,16.278
"17044","E01017955",10,1.893
"17045","E01017959",10,4.007
"17046","E01017960",5,19.661
"17047","E01017961",6,16.769
"17048","E01017962",7,11.5
"17049","E01017963",7,13.345
"17050","E01017964",10,2.456
"17051","E01017965",8,10.603
"17052","E01017967",6,16.576
"17053","E01017968",10,5.287
"17054","E01017969",9,8.319
"17055","E01017971",4,24.743
"17056","E01017972",6,16.297
"17057","E01017973",4,22.786
"17058","E01017974",5,20.612
"17059","E01017975",4,22.367
"17060","E01017976",7,11.79
"17061","E01017977",3,29.888
"17062","E01017978",3,29.899
"17063","E01017979",3,31.102
"17064","E01017980",8,10.544
"17065","E01017983",9,7.038
"17066","E01017985",9,5.753
"17067","E01017987",8,9.249
"17068","E01017988",8,10.261
"17069","E01017989",8,10.669
"17070","E01017990",8,9.064
"17071","E01017991",6,16.342
"17072","E01017992",8,9.563
"17073","E01017994",7,11.966
"17074","E01017995",10,1.409
"17075","E01017996",10,4.269
"17076","E01017997",7,11.396
"17077","E01017998",9,7.499
"17078","E01017999",6,15.001
"17079","E01018000",9,8.02
"17080","E01018001",9,6.121
"17081","E01018005",6,15.267
"17082","E01018006",9,6.149
"17083","E01018007",10,3.651
"17084","E01018008",9,7.694
"17085","E01018009",5,19.549
"17086","E01018010",10,5.245
"17087","E01018011",8,10.248
"17088","E01018012",8,8.677
"17089","E01018013",9,5.811
"17090","E01018014",9,7.015
"17091","E01018015",10,5.109
"17092","E01018016",6,17.096
"17093","E01018017",6,16.807
"17094","E01018019",10,2.576
"17095","E01018020",7,13.236
"17096","E01018021",7,13.143
"17097","E01018022",6,14.823
"17098","E01018023",7,13.389
"17099","E01018024",6,16.214
"17100","E01018025",7,12.272
"17101","E01018026",9,6.093
"17102","E01018027",10,3.8
"17103","E01018032",10,5.039
"17104","E01018033",6,14.551
"17105","E01018034",8,9.979
"17106","E01018035",6,17.323
"17107","E01018036",5,18.657
"17108","E01018037",8,10.979
"17109","E01018038",8,10.774
"17110","E01018039",7,13.072
"17111","E01018040",9,7.555
"17112","E01018041",5,20.969
"17113","E01018042",5,20.144
"17114","E01018043",7,12.286
"17115","E01018044",5,18.346
"17116","E01018045",6,14.921
"17117","E01018047",6,15.28
"17118","E01018049",7,12.583
"17119","E01018050",6,14.727
"17120","E01018051",7,13.466
"17121","E01018052",5,20.078
"17122","E01018053",4,24.499
"17123","E01018054",7,13.995
"17124","E01018055",9,7.728
"17125","E01018056",5,19.363
"17126","E01018057",7,13.241
"17127","E01018058",7,13.961
"17128","E01018059",5,18.329
"17129","E01018060",4,23.835
"17130","E01018061",5,20.211
"17131","E01018062",5,20.213
"17132","E01018063",2,36.614
"17133","E01018064",7,13.87
"17134","E01018065",6,14.742
"17135","E01018066",3,31.143
"17136","E01018067",5,21.176
"17137","E01018068",2,36.138
"17138","E01018069",6,17.046
"17139","E01018070",2,36.125
"17140","E01018071",3,32.896
"17141","E01018072",4,24.031
"17142","E01018073",3,28.509
"17143","E01018074",6,14.955
"17144","E01018075",2,36.604
"17145","E01018076",4,22.511
"17146","E01018077",3,27.56
"17147","E01018078",1,48.324
"17148","E01018079",4,23.639
"17149","E01018080",5,21.311
"17150","E01018081",4,25.125
"17151","E01018082",5,18.248
"17152","E01018083",4,25.485
"17153","E01018084",5,20.163
"17154","E01018085",7,13.227
"17155","E01018086",3,32.343
"17156","E01018087",4,25.831
"17157","E01018088",6,16.564
"17158","E01018090",3,30.566
"17159","E01018091",3,31.224
"17160","E01018092",3,32.352
"17161","E01018093",3,29.106
"17162","E01018094",3,29.464
"17163","E01018095",3,27.024
"17164","E01018096",5,19.337
"17165","E01018097",3,32.693
"17166","E01018098",7,13.937
"17167","E01018099",6,15.302
"17168","E01018100",4,22.059
"17169","E01018101",5,19.207
"17170","E01018103",1,51.485
"17171","E01018104",4,24.036
"17172","E01018105",5,19.982
"17173","E01018106",6,15.289
"17174","E01018107",1,51.676
"17175","E01018108",1,45.171
"17176","E01018109",3,29.535
"17177","E01018110",7,13.189
"17178","E01018111",5,18.139
"17179","E01018113",9,7.825
"17180","E01018115",7,11.888
"17181","E01018116",7,11.888
"17182","E01018117",7,12.777
"17183","E01018118",9,8.293
"17184","E01018119",8,9.289
"17185","E01018120",8,11.079
"17186","E01018121",9,6.243
"17187","E01018122",8,9.038
"17188","E01018123",8,9.404
"17189","E01018124",8,8.98
"17190","E01018125",7,12.437
"17191","E01018126",7,11.78
"17192","E01018127",7,12.126
"17193","E01018128",6,15.494
"17194","E01018129",8,10.322
"17195","E01018130",9,7.405
"17196","E01018131",5,17.732
"17197","E01018133",9,7.82
"17198","E01018134",9,5.709
"17199","E01018136",8,10.405
"17200","E01018137",8,9.769
"17201","E01018138",6,15.868
"17202","E01018139",6,16.912
"17203","E01018140",8,9.57
"17204","E01018141",10,2.57
"17205","E01018142",6,14.875
"17206","E01018143",4,24.822
"17207","E01018144",3,29.934
"17208","E01018145",4,26.545
"17209","E01018146",5,21.073
"17210","E01018147",4,22.714
"17211","E01018148",9,6.977
"17212","E01018149",10,2.042
"17213","E01018150",7,12.762
"17214","E01018152",8,9.845
"17215","E01018153",8,10.713
"17216","E01018154",9,8.148
"17217","E01018155",10,4.52
"17218","E01018156",8,9.454
"17219","E01018157",5,19.417
"17220","E01018158",4,21.71
"17221","E01018159",8,11.081
"17222","E01018160",3,28.089
"17223","E01018161",10,5.264
"17224","E01018162",10,5.293
"17225","E01018163",6,14.334
"17226","E01018164",9,7.057
"17227","E01018165",8,9.556
"17228","E01018166",8,10.384
"17229","E01018167",10,3.434
"17230","E01018168",7,13.681
"17231","E01018169",7,13.825
"17232","E01018170",8,8.832
"17233","E01018171",9,6.637
"17234","E01018172",10,5.459
"17235","E01018173",10,4.659
"17236","E01018174",9,6.243
"17237","E01018175",10,2.457
"17238","E01018176",10,1.91
"17239","E01018177",9,6.1
"17240","E01018178",9,6.265
"17241","E01018179",5,20.64
"17242","E01018180",3,29.911
"17243","E01018182",7,12.185
"17244","E01018183",5,20.41
"17245","E01018184",4,23.496
"17246","E01018185",6,14.242
"17247","E01018186",7,13.327
"17248","E01018187",5,18.671
"17249","E01018188",8,10.197
"17250","E01018189",10,1.279
"17251","E01018190",6,15.505
"17252","E01018191",9,6.537
"17253","E01018192",6,15.208
"17254","E01018193",10,5.361
"17255","E01018194",8,9.656
"17256","E01018195",5,18.185
"17257","E01018196",7,12.334
"17258","E01018197",6,14.248
"17259","E01018198",9,7.193
"17260","E01018199",7,11.181
"17261","E01018200",8,9.378
"17262","E01018201",8,10.92
"17263","E01018202",10,4.394
"17264","E01018203",9,8.134
"17265","E01018204",9,8.008
"17266","E01018205",9,6.838
"17267","E01018206",8,8.591
"17268","E01018207",6,15.109
"17269","E01018208",6,16.827
"17270","E01018209",8,10.373
"17271","E01018210",6,15.546
"17272","E01018211",8,8.791
"17273","E01018212",5,18.537
"17274","E01018213",6,16.093
"17275","E01018214",5,20.988
"17276","E01018215",7,11.6
"17277","E01018216",9,6.046
"17278","E01018217",8,11.097
"17279","E01018218",8,10.251
"17280","E01018219",7,12.935
"17281","E01018220",7,12.314
"17282","E01018221",9,7.174
"17283","E01018222",10,4.236
"17284","E01018223",8,9.452
"17285","E01018224",9,8.325
"17286","E01018225",7,12.415
"17287","E01018226",4,22.397
"17288","E01018227",6,16.37
"17289","E01018228",7,11.628
"17290","E01018231",9,6.727
"17291","E01018232",9,6.874
"17292","E01018233",6,15.657
"17293","E01018234",9,5.809
"17294","E01018235",9,6.635
"17295","E01018236",6,16.186
"17296","E01018237",8,9.704
"17297","E01018238",7,11.683
"17298","E01018239",9,6.389
"17299","E01018240",9,6.937
"17300","E01018241",8,9.224
"17301","E01018242",8,9.231
"17302","E01018243",8,10.065
"17303","E01018244",10,4.43
"17304","E01018245",8,9.016
"17305","E01018246",6,16.344
"17306","E01018247",6,15.446
"17307","E01018248",10,2.175
"17308","E01018251",10,5.08
"17309","E01018252",9,5.725
"17310","E01018253",10,3.916
"17311","E01018254",9,7.197
"17312","E01018255",8,9.888
"17313","E01018256",8,8.901
"17314","E01018257",8,10.792
"17315","E01018258",10,2.86
"17316","E01018259",10,4.053
"17317","E01018260",10,2.962
"17318","E01018262",10,4.621
"17319","E01018263",9,6.6
"17320","E01018264",6,15.683
"17321","E01018265",10,4.082
"17322","E01018267",10,3.671
"17323","E01018268",8,10.431
"17324","E01018269",6,17.316
"17325","E01018270",8,8.836
"17326","E01018271",6,15.946
"17327","E01018272",10,2.41
"17328","E01018273",5,19.648
"17329","E01018274",9,5.985
"17330","E01018275",7,11.55
"17331","E01018276",6,15.469
"17332","E01018277",8,10.36
"17333","E01018278",9,7.872
"17334","E01018279",8,10.799
"17335","E01018280",8,9.219
"17336","E01018281",5,17.793
"17337","E01018282",10,4.474
"17338","E01018283",10,3.244
"17339","E01018284",9,5.5
"17340","E01018285",9,6.421
"17341","E01018286",7,12.943
"17342","E01018287",10,3.03
"17343","E01018288",8,8.996
"17344","E01018289",8,8.569
"17345","E01018290",7,13.584
"17346","E01018291",8,8.791
"17347","E01018292",10,2.53
"17348","E01018293",10,1.985
"17349","E01018294",8,10.901
"17350","E01018295",10,2.955
"17351","E01018296",7,12.719
"17352","E01018297",8,10.992
"17353","E01018298",8,10.407
"17354","E01018299",7,12.218
"17355","E01018300",6,15.909
"17356","E01018301",8,8.821
"17357","E01018302",8,9.83
"17358","E01018303",9,7.21
"17359","E01018304",5,17.48
"17360","E01018305",10,5.113
"17361","E01018306",10,3.877
"17362","E01018307",9,6.663
"17363","E01018308",5,18.553
"17364","E01018309",4,25.413
"17365","E01018310",1,47.106
"17366","E01018311",1,55.493
"17367","E01018312",2,34.175
"17368","E01018313",5,19.989
"17369","E01018314",1,47.386
"17370","E01018315",5,20.698
"17371","E01018316",1,51.225
"17372","E01018317",1,56.357
"17373","E01018319",5,20.409
"17374","E01018320",10,3.125
"17375","E01018321",10,5.121
"17376","E01018322",10,2.246
"17377","E01018323",8,10.317
"17378","E01018324",9,7.132
"17379","E01018325",10,4.309
"17380","E01018328",8,10.032
"17381","E01018330",8,8.959
"17382","E01018331",7,13.183
"17383","E01018332",7,11.182
"17384","E01018333",10,3.219
"17385","E01018334",10,3.868
"17386","E01018335",7,13.391
"17387","E01018336",6,15.284
"17388","E01018337",3,27.262
"17389","E01018338",5,17.989
"17390","E01018339",9,8.272
"17391","E01018340",8,11.095
"17392","E01018341",10,5.111
"17393","E01018342",8,10.172
"17394","E01018343",5,21.408
"17395","E01018344",8,9.42
"17396","E01018345",9,8.076
"17397","E01018346",10,3.803
"17398","E01018347",3,29.484
"17399","E01018349",8,8.804
"17400","E01018350",10,5.371
"17401","E01018351",1,70.525
"17402","E01018352",7,13.694
"17403","E01018353",9,7.066
"17404","E01018354",3,27.997
"17405","E01018355",5,19.058
"17406","E01018356",6,15.624
"17407","E01018357",8,10.839
"17408","E01018358",8,9.41
"17409","E01018359",9,6.259
"17410","E01018360",8,8.481
"17411","E01018361",8,10.63
"17412","E01018362",10,4.107
"17413","E01018363",10,4.969
"17414","E01018364",2,39.362
"17415","E01018365",9,5.962
"17416","E01018366",9,6.114
"17417","E01018367",5,18
"17418","E01018368",8,9.567
"17419","E01018369",6,16.256
"17420","E01018370",10,4.588
"17421","E01018371",7,12.748
"17422","E01018372",7,11.72
"17423","E01018373",6,15.744
"17424","E01018374",9,7.666
"17425","E01018375",9,7.922
"17426","E01018376",10,5.158
"17427","E01018377",10,4.383
"17428","E01018378",3,30.861
"17429","E01018379",8,9.797
"17430","E01018380",7,12.96
"17431","E01018381",8,10.819
"17432","E01018382",7,12.276
"17433","E01018383",10,3.409
"17434","E01018384",10,3.896
"17435","E01018385",9,6.439
"17436","E01018386",9,6.641
"17437","E01018387",10,1.591
"17438","E01018388",2,43
"17439","E01018389",9,5.822
"17440","E01018390",9,5.685
"17441","E01018391",7,11.257
"17442","E01018392",10,2.614
"17443","E01018395",7,11.183
"17444","E01018396",4,24.531
"17445","E01018397",10,4.238
"17446","E01018398",3,31.999
"17447","E01018399",6,14.794
"17448","E01018400",2,39.756
"17449","E01018401",3,28.575
"17450","E01018402",3,27.604
"17451","E01018403",9,7.373
"17452","E01018404",10,3.352
"17453","E01018405",10,4.573
"17454","E01018406",10,3.714
"17455","E01018407",10,2.098
"17456","E01018408",10,4.082
"17457","E01018409",8,10.31
"17458","E01018410",10,5.277
"17459","E01018411",10,4.563
"17460","E01018412",7,12.521
"17461","E01018413",10,2.562
"17462","E01018414",10,3.866
"17463","E01018415",7,11.178
"17464","E01018416",9,5.763
"17465","E01018417",8,8.943
"17466","E01018418",5,18.854
"17467","E01018419",8,10.309
"17468","E01018420",9,6.043
"17469","E01018421",6,16.988
"17470","E01018422",6,15.814
"17471","E01018423",2,37.394
"17472","E01018424",8,10.982
"17473","E01018425",7,13.014
"17474","E01018426",5,18.068
"17475","E01018427",10,5.073
"17476","E01018428",6,15.626
"17477","E01018429",6,16.444
"17478","E01018430",7,11.804
"17479","E01018431",8,8.695
"17480","E01018432",7,11.84
"17481","E01018433",7,12.345
"17482","E01018434",9,6.095
"17483","E01018435",3,30.905
"17484","E01018436",10,4.894
"17485","E01018437",5,20.502
"17486","E01018438",10,3.182
"17487","E01018439",10,2.328
"17488","E01018440",8,9.544
"17489","E01018441",9,5.676
"17490","E01018443",9,7.87
"17491","E01018445",2,39.224
"17492","E01018446",5,19.643
"17493","E01018447",2,35.812
"17494","E01018448",7,14.064
"17495","E01018449",7,12.469
"17496","E01018450",7,14.059
"17497","E01018451",4,26.515
"17498","E01018452",4,23.757
"17499","E01018454",3,28.452
"17500","E01018455",8,8.406
"17501","E01018456",10,2.405
"17502","E01018457",8,10.445
"17503","E01018458",7,12.812
"17504","E01018459",2,44.42
"17505","E01018460",5,20.528
"17506","E01018461",3,31.64
"17507","E01018462",1,53.147
"17508","E01018463",2,42.413
"17509","E01018464",2,34.617
"17510","E01018466",1,54.491
"17511","E01018468",10,4.295
"17512","E01018469",7,11.73
"17513","E01018470",9,7.168
"17514","E01018471",10,3.72
"17515","E01018472",6,15.212
"17516","E01018473",8,10.306
"17517","E01018474",9,5.597
"17518","E01018475",10,4.709
"17519","E01018476",1,47.283
"17520","E01018477",4,26.524
"17521","E01018478",3,28.893
"17522","E01018479",6,16.287
"17523","E01018481",5,19.905
"17524","E01018482",3,30.758
"17525","E01018483",4,22.669
"17526","E01018484",3,31.838
"17527","E01018485",2,44.172
"17528","E01018486",1,52.111
"17529","E01018487",2,42.048
"17530","E01018488",7,12.335
"17531","E01018489",3,29.975
"17532","E01018490",10,4.902
"17533","E01018491",9,6.089
"17534","E01018492",10,4.581
"17535","E01018493",7,13.742
"17536","E01018494",9,7.619
"17537","E01018495",8,9.268
"17538","E01018496",5,20.729
"17539","E01018497",2,38.712
"17540","E01018498",2,41.82
"17541","E01018499",7,11.885
"17542","E01018500",9,6.827
"17543","E01018501",4,24.87
"17544","E01018502",10,5.093
"17545","E01018503",10,2.407
"17546","E01018504",5,19.272
"17547","E01018505",10,3.851
"17548","E01018506",10,1.951
"17549","E01018507",10,5.105
"17550","E01018508",10,5.39
"17551","E01018509",7,13.432
"17552","E01018510",9,8.118
"17553","E01018511",3,32.087
"17554","E01018512",4,24.038
"17555","E01018513",9,6.044
"17556","E01018514",5,18.754
"17557","E01018515",8,9.444
"17558","E01018516",9,7.152
"17559","E01018518",9,6.828
"17560","E01018519",1,45.504
"17561","E01018520",2,37.951
"17562","E01018521",1,46.081
"17563","E01018522",2,41.654
"17564","E01018523",2,41.932
"17565","E01018524",1,57.887
"17566","E01018525",2,34.649
"17567","E01018526",9,6.897
"17568","E01018527",9,8.234
"17569","E01018528",9,7.034
"17570","E01018529",9,7.535
"17571","E01018530",10,4.999
"17572","E01018531",9,7.213
"17573","E01018532",6,17.196
"17574","E01018533",10,2.49
"17575","E01018534",3,28.968
"17576","E01018535",5,19.425
"17577","E01018536",9,5.704
"17578","E01018537",10,4.137
"17579","E01018538",2,36.147
"17580","E01018539",2,33.822
"17581","E01018540",7,13.734
"17582","E01018541",4,24.274
"17583","E01018542",1,49.245
"17584","E01018543",4,24.38
"17585","E01018544",10,4.643
"17586","E01018545",9,7.442
"17587","E01018546",3,31.916
"17588","E01018547",6,16.145
"17589","E01018548",3,27.526
"17590","E01018549",5,17.647
"17591","E01018550",1,53.458
"17592","E01018551",1,46.491
"17593","E01018552",3,26.655
"17594","E01018553",2,37.065
"17595","E01018554",10,3.79
"17596","E01018555",9,6.301
"17597","E01018556",8,10.741
"17598","E01018557",2,35.854
"17599","E01018558",9,8.167
"17600","E01018559",10,3.573
"17601","E01018560",10,4.504
"17602","E01018561",10,2.81
"17603","E01018562",9,5.525
"17604","E01018565",9,7.738
"17605","E01018566",8,8.396
"17606","E01018567",8,8.456
"17607","E01018568",10,3.064
"17608","E01018569",10,3.441
"17609","E01018570",8,10.524
"17610","E01018571",7,13.067
"17611","E01018572",10,3.578
"17612","E01018573",10,2.826
"17613","E01018574",8,10.864
"17614","E01018575",10,4.869
"17615","E01018576",9,8.059
"17616","E01018577",8,9.678
"17617","E01018578",10,4.858
"17618","E01018579",4,21.719
"17619","E01018580",9,7.396
"17620","E01018581",9,5.463
"17621","E01018582",9,6.044
"17622","E01018583",10,2.452
"17623","E01018584",10,1.397
"17624","E01018585",8,10.856
"17625","E01018586",8,9.295
"17626","E01018587",10,4.875
"17627","E01018588",10,2.876
"17628","E01018589",10,0.964
"17629","E01018590",10,2.682
"17630","E01018591",8,8.593
"17631","E01018592",8,8.792
"17632","E01018593",9,6.111
"17633","E01018594",3,29.112
"17634","E01018595",6,15.128
"17635","E01018596",2,38.718
"17636","E01018598",8,11.06
"17637","E01018599",9,5.915
"17638","E01018600",10,1.685
"17639","E01018601",9,6.801
"17640","E01018602",10,4.807
"17641","E01018603",10,0.694
"17642","E01018604",9,8.035
"17643","E01018605",10,2.06
"17644","E01018606",7,13.238
"17645","E01018607",10,1.584
"17646","E01018608",10,1.127
"17647","E01018609",8,9.252
"17648","E01018610",6,14.952
"17649","E01018611",2,37.902
"17650","E01018612",7,13.013
"17651","E01018613",5,18.639
"17652","E01018614",10,2.042
"17653","E01018615",8,10.003
"17654","E01018616",10,4.383
"17655","E01018617",6,14.15
"17656","E01018618",3,28.021
"17657","E01018619",10,3.255
"17658","E01018620",4,21.922
"17659","E01018621",10,3.962
"17660","E01018622",4,26.22
"17661","E01018623",8,9.171
"17662","E01018624",3,29.214
"17663","E01018625",6,16.841
"17664","E01018627",4,25.32
"17665","E01018628",10,4.402
"17666","E01018629",4,26.382
"17667","E01018630",5,20.326
"17668","E01018631",3,30.825
"17669","E01018632",10,4.215
"17670","E01018633",10,3.326
"17671","E01018634",9,5.793
"17672","E01018635",6,16.328
"17673","E01018636",9,5.852
"17674","E01018637",3,28.414
"17675","E01018638",4,25.944
"17676","E01018639",4,22.015
"17677","E01018640",1,45.846
"17678","E01018641",10,3.152
"17679","E01018642",10,2.11
"17680","E01018643",10,2.643
"17681","E01018644",10,5.437
"17682","E01018645",2,38.336
"17683","E01018646",3,29.742
"17684","E01018647",4,21.793
"17685","E01018648",5,18.123
"17686","E01018649",7,12.646
"17687","E01018650",8,8.598
"17688","E01018651",5,20.264
"17689","E01018652",10,1.713
"17690","E01018653",10,2.224
"17691","E01018654",6,15.411
"17692","E01018655",9,5.482
"17693","E01018657",4,22.901
"17694","E01018658",10,2.266
"17695","E01018659",10,1.222
"17696","E01018661",9,5.945
"17697","E01018662",10,3.27
"17698","E01018663",10,3.213
"17699","E01018664",10,1.592
"17700","E01018665",9,6.878
"17701","E01018666",10,3.17
"17702","E01018667",9,7.197
"17703","E01018668",9,6.586
"17704","E01018669",8,9.026
"17705","E01018670",7,11.533
"17706","E01018671",10,4.911
"17707","E01018672",3,29.565
"17708","E01018673",6,16.514
"17709","E01018674",5,18.804
"17710","E01018675",8,8.651
"17711","E01018676",10,5.043
"17712","E01018677",7,11.487
"17713","E01018678",10,2.825
"17714","E01018679",6,15.073
"17715","E01018680",9,7.498
"17716","E01018681",7,11.271
"17717","E01018682",6,16.702
"17718","E01018683",10,2.967
"17719","E01018684",8,8.955
"17720","E01018685",1,45.717
"17721","E01018686",8,10.856
"17722","E01018687",10,2.188
"17723","E01018688",9,7.984
"17724","E01018689",6,14.79
"17725","E01018690",10,4.271
"17726","E01018691",9,6.024
"17727","E01018692",9,5.8
"17728","E01018693",10,3.644
"17729","E01018694",10,4.529
"17730","E01018695",9,6.729
"17731","E01018696",9,7.79
"17732","E01018697",8,9.653
"17733","E01018698",9,7.777
"17734","E01018699",8,10.004
"17735","E01018700",10,2.115
"17736","E01018701",2,38.706
"17737","E01018702",10,5.277
"17738","E01018703",9,8.284
"17739","E01018704",5,19.424
"17740","E01018705",9,7.255
"17741","E01018706",5,17.848
"17742","E01018707",7,13.854
"17743","E01018708",7,12.587
"17744","E01018709",4,24.401
"17745","E01018710",3,33.269
"17746","E01018711",8,9.717
"17747","E01018712",4,24.657
"17748","E01018714",2,42.89
"17749","E01018715",3,28.24
"17750","E01018716",2,39.393
"17751","E01018717",4,23.461
"17752","E01018718",7,11.399
"17753","E01018719",6,16.659
"17754","E01018720",4,24.503
"17755","E01018721",7,13.448
"17756","E01018722",7,13.576
"17757","E01018723",9,6.411
"17758","E01018724",10,3.952
"17759","E01018725",6,16.192
"17760","E01018726",4,24.211
"17761","E01018727",9,6.406
"17762","E01018728",5,17.965
"17763","E01018729",3,27.167
"17764","E01018730",3,31.632
"17765","E01018731",4,22.496
"17766","E01018732",3,28.478
"17767","E01018733",4,22.247
"17768","E01018734",3,32.89
"17769","E01018735",6,15.071
"17770","E01018736",6,16.51
"17771","E01018737",7,11.464
"17772","E01018738",1,61.83
"17773","E01018739",1,47.531
"17774","E01018740",1,63.449
"17775","E01018741",7,13.405
"17776","E01018742",7,13.623
"17777","E01018743",7,11.968
"17778","E01018744",4,24.412
"17779","E01018745",1,48.202
"17780","E01018746",2,37.545
"17781","E01018747",3,29.958
"17782","E01018748",1,64.075
"17783","E01018749",4,21.883
"17784","E01018750",7,13.521
"17785","E01018751",2,38.502
"17786","E01018752",5,17.49
"17787","E01018753",5,19.386
"17788","E01018754",3,26.754
"17789","E01018755",6,16.218
"17790","E01018756",3,27.467
"17791","E01018757",5,18.037
"17792","E01018759",4,25.461
"17793","E01018760",4,24.804
"17794","E01018761",2,35.125
"17795","E01018762",4,24.375
"17796","E01018763",5,19.452
"17797","E01018764",7,13.327
"17798","E01018765",4,23.835
"17799","E01018766",3,32.15
"17800","E01018767",1,47.84
"17801","E01018768",5,18.57
"17802","E01018770",2,37.44
"17803","E01018771",2,39.839
"17804","E01018772",6,15.666
"17805","E01018773",4,21.827
"17806","E01018774",3,28.337
"17807","E01018777",4,23.499
"17808","E01018778",4,24.591
"17809","E01018779",4,24.245
"17810","E01018780",3,26.715
"17811","E01018781",4,22.53
"17812","E01018782",4,25.128
"17813","E01018783",4,22.512
"17814","E01018784",4,23.917
"17815","E01018785",4,23.264
"17816","E01018786",7,12.657
"17817","E01018787",8,10.101
"17818","E01018788",3,27.015
"17819","E01018789",7,12.977
"17820","E01018790",4,25.765
"17821","E01018791",5,19.477
"17822","E01018792",7,11.53
"17823","E01018793",5,20.395
"17824","E01018794",6,15.534
"17825","E01018795",9,8.322
"17826","E01018796",9,7.955
"17827","E01018797",2,35.622
"17828","E01018798",6,14.34
"17829","E01018799",3,30.251
"17830","E01018800",7,12.451
"17831","E01018803",9,5.874
"17832","E01018804",7,13.602
"17833","E01018805",9,5.553
"17834","E01018806",8,9.347
"17835","E01018807",7,11.568
"17836","E01018808",7,13.018
"17837","E01018810",7,12.594
"17838","E01018811",9,5.737
"17839","E01018812",6,16.08
"17840","E01018813",8,10.759
"17841","E01018814",8,9.061
"17842","E01018815",4,24.812
"17843","E01018816",8,10.824
"17844","E01018817",7,11.247
"17845","E01018818",7,12.738
"17846","E01018819",6,16.424
"17847","E01018820",4,24.523
"17848","E01018821",6,14.615
"17849","E01018822",8,9.667
"17850","E01018823",8,8.636
"17851","E01018824",7,12.857
"17852","E01018825",5,20.932
"17853","E01018826",5,19.044
"17854","E01018827",7,12.486
"17855","E01018828",5,21.116
"17856","E01018829",4,24.351
"17857","E01018830",7,11.449
"17858","E01018831",5,21.231
"17859","E01018832",6,15.064
"17860","E01018833",5,20.569
"17861","E01018834",7,13.454
"17862","E01018835",7,13.887
"17863","E01018836",3,31.49
"17864","E01018837",7,13.47
"17865","E01018838",3,26.996
"17866","E01018839",7,12.206
"17867","E01018840",6,15.2
"17868","E01018841",2,39.752
"17869","E01018842",5,18.215
"17870","E01018843",6,16.462
"17871","E01018844",4,25.564
"17872","E01018845",6,15.955
"17873","E01018846",5,19.2
"17874","E01018847",5,20.962
"17875","E01018848",8,9.316
"17876","E01018849",5,19.155
"17877","E01018850",4,24.555
"17878","E01018851",5,20.365
"17879","E01018853",6,17.184
"17880","E01018854",3,28.954
"17881","E01018856",4,24.586
"17882","E01018857",3,27.437
"17883","E01018858",7,12.793
"17884","E01018859",9,6.509
"17885","E01018860",2,35.874
"17886","E01018861",4,25.241
"17887","E01018862",5,17.635
"17888","E01018863",5,21.365
"17889","E01018864",5,18.681
"17890","E01018865",3,27.684
"17891","E01018866",5,19.259
"17892","E01018868",3,32.834
"17893","E01018869",3,29.722
"17894","E01018870",1,56.814
"17895","E01018871",6,16.718
"17896","E01018872",4,24.637
"17897","E01018873",4,26.057
"17898","E01018874",5,18.061
"17899","E01018875",1,49.54
"17900","E01018876",5,21.1
"17901","E01018877",5,18.842
"17902","E01018878",1,45.469
"17903","E01018879",7,13.682
"17904","E01018880",4,22.857
"17905","E01018881",3,27.113
"17906","E01018882",9,7.202
"17907","E01018883",8,11.086
"17908","E01018884",9,7.852
"17909","E01018885",5,20.006
"17910","E01018886",8,11.107
"17911","E01018887",4,24.351
"17912","E01018888",4,26.258
"17913","E01018889",7,12.477
"17914","E01018890",5,20.661
"17915","E01018891",4,25.071
"17916","E01018892",5,19.642
"17917","E01018893",3,33.36
"17918","E01018894",3,28.288
"17919","E01018895",4,23.77
"17920","E01018896",5,19.3
"17921","E01018897",3,29.409
"17922","E01018898",2,42.629
"17923","E01018899",8,10.113
"17924","E01018900",7,12.977
"17925","E01018901",6,15.798
"17926","E01018902",3,27.526
"17927","E01018903",4,22.29
"17928","E01018904",4,22.007
"17929","E01018905",4,24.401
"17930","E01018906",4,22.249
"17931","E01018907",3,30.574
"17932","E01018908",4,23.569
"17933","E01018909",6,17.017
"17934","E01018910",1,47.125
"17935","E01018911",2,33.891
"17936","E01018912",6,14.56
"17937","E01018913",4,24.408
"17938","E01018914",5,17.819
"17939","E01018915",7,12.202
"17940","E01018916",3,29.236
"17941","E01018917",6,14.579
"17942","E01018918",3,27.848
"17943","E01018919",4,22.833
"17944","E01018920",3,28.822
"17945","E01018921",5,20.943
"17946","E01018922",4,23.543
"17947","E01018923",5,21.253
"17948","E01018924",5,18.579
"17949","E01018925",3,26.97
"17950","E01018926",4,24.242
"17951","E01018927",3,28.429
"17952","E01018928",2,41.087
"17953","E01018929",4,21.54
"17954","E01018930",1,54.988
"17955","E01018931",6,16.226
"17956","E01018932",3,28.334
"17957","E01018933",2,42.014
"17958","E01018934",8,10.854
"17959","E01018935",6,17
"17960","E01018936",5,18.969
"17961","E01018937",3,30.141
"17962","E01018938",4,22.543
"17963","E01018940",5,20.765
"17964","E01018941",3,29.416
"17965","E01018942",4,23.755
"17966","E01018943",3,26.99
"17967","E01018944",4,25.224
"17968","E01018945",4,23.61
"17969","E01018946",5,19.129
"17970","E01018948",4,24.132
"17971","E01018949",2,43.028
"17972","E01018950",3,28.514
"17973","E01018951",4,23.806
"17974","E01018952",4,21.852
"17975","E01018953",4,25.954
"17976","E01018954",6,17.336
"17977","E01018955",5,19.441
"17978","E01018956",5,17.751
"17979","E01018957",5,17.601
"17980","E01018958",3,28.269
"17981","E01018959",7,14.114
"17982","E01018960",5,20.986
"17983","E01018961",5,21.118
"17984","E01018962",4,25.349
"17985","E01018965",4,25.428
"17986","E01018966",5,19.338
"17987","E01018967",5,19.777
"17988","E01018968",4,25.357
"17989","E01018969",4,25.376
"17990","E01018970",7,11.18
"17991","E01018971",7,11.618
"17992","E01018972",3,26.737
"17993","E01018973",6,14.295
"17994","E01018974",4,26.517
"17995","E01018975",5,20.236
"17996","E01018976",5,17.707
"17997","E01018977",2,33.935
"17998","E01018978",4,25.024
"17999","E01018979",5,20.579
"18000","E01018980",5,20.633
"18001","E01018981",7,13.928
"18002","E01018982",5,20.881
"18003","E01018983",8,9.314
"18004","E01018985",7,13.711
"18005","E01018986",6,14.569
"18006","E01018987",4,21.722
"18007","E01018988",4,23.728
"18008","E01018989",3,26.89
"18009","E01018990",3,29.601
"18010","E01018991",3,32.926
"18011","E01018992",4,21.682
"18012","E01018993",3,28.137
"18013","E01018994",4,21.624
"18014","E01018995",1,47.973
"18015","E01018996",3,31.316
"18016","E01018997",1,58.571
"18017","E01018998",3,26.738
"18018","E01018999",2,41.107
"18019","E01019000",5,19.442
"18020","E01019001",3,30.771
"18021","E01019002",4,23.917
"18022","E01019003",7,13.268
"18023","E01019004",2,40.886
"18024","E01019005",3,27.107
"18025","E01019006",4,23.983
"18026","E01019007",4,22.739
"18027","E01019008",2,34.239
"18028","E01019009",3,32.489
"18029","E01019010",7,12.049
"18030","E01019011",7,11.375
"18031","E01019012",4,23.544
"18032","E01019013",4,22.232
"18033","E01019014",7,12.84
"18034","E01019015",8,9.428
"18035","E01019016",7,12.205
"18036","E01019018",9,7.618
"18037","E01019019",7,13.649
"18038","E01019020",2,34.749
"18039","E01019021",8,10.837
"18040","E01019022",3,27.324
"18041","E01019023",6,15.057
"18042","E01019024",5,21.53
"18043","E01019025",6,14.607
"18044","E01019026",5,18.138
"18045","E01019027",6,16.364
"18046","E01019028",4,22.31
"18047","E01019029",2,35.122
"18048","E01019030",8,10.38
"18049","E01019031",7,13.758
"18050","E01019032",5,19.101
"18051","E01019033",2,43.926
"18052","E01019034",3,32.76
"18053","E01019035",7,13.516
"18054","E01019036",3,27.688
"18055","E01019037",4,22.991
"18056","E01019038",4,23.813
"18057","E01019039",5,18.963
"18058","E01019040",5,21.041
"18059","E01019041",1,45.08
"18060","E01019042",4,23.474
"18061","E01019043",5,18.836
"18062","E01019044",7,11.839
"18063","E01019045",6,14.948
"18064","E01019046",2,36.736
"18065","E01019047",3,31.061
"18066","E01019048",7,12.333
"18067","E01019050",5,19.496
"18068","E01019051",4,25.685
"18069","E01019052",3,28.382
"18070","E01019053",2,33.725
"18071","E01019054",3,29.983
"18072","E01019055",1,46.734
"18073","E01019056",1,51.512
"18074","E01019057",5,20.654
"18075","E01019058",7,13.982
"18076","E01019059",4,24.987
"18077","E01019060",5,18.434
"18078","E01019061",5,18.904
"18079","E01019062",3,32.931
"18080","E01019063",4,26.382
"18081","E01019064",4,25.906
"18082","E01019065",4,23.425
"18083","E01019066",6,16.642
"18084","E01019067",6,15.785
"18085","E01019068",6,14.583
"18086","E01019069",3,31.169
"18087","E01019070",3,32.258
"18088","E01019071",4,25.842
"18089","E01019072",3,33.23
"18090","E01019073",5,21.37
"18091","E01019074",2,40.315
"18092","E01019075",4,25.114
"18093","E01019076",2,38.925
"18094","E01019077",7,12.65
"18095","E01019078",10,3.176
"18096","E01019079",9,6.168
"18097","E01019080",5,20.817
"18098","E01019081",2,35.923
"18099","E01019082",5,21.216
"18100","E01019083",5,19.178
"18101","E01019084",6,17.363
"18102","E01019085",9,7.651
"18103","E01019086",7,11.19
"18104","E01019087",10,2.985
"18105","E01019088",6,15.557
"18106","E01019089",3,27.311
"18107","E01019090",5,18.868
"18108","E01019091",7,14.003
"18109","E01019092",7,12.013
"18110","E01019093",6,16.127
"18111","E01019094",5,17.892
"18112","E01019095",1,54.755
"18113","E01019096",6,14.738
"18114","E01019097",1,62.275
"18115","E01019098",3,31.195
"18116","E01019099",3,31.144
"18117","E01019100",7,12.422
"18118","E01019101",9,7.871
"18119","E01019102",3,32.498
"18120","E01019104",6,14.444
"18121","E01019106",9,7.75
"18122","E01019107",5,20.681
"18123","E01019108",1,45.558
"18124","E01019109",2,40.127
"18125","E01019110",1,50.894
"18126","E01019111",2,39.484
"18127","E01019112",1,55.657
"18128","E01019113",1,66.93
"18129","E01019114",4,24.462
"18130","E01019115",2,41.926
"18131","E01019116",2,43.603
"18132","E01019117",8,10.944
"18133","E01019118",3,28.301
"18134","E01019119",9,5.756
"18135","E01019120",3,27.75
"18136","E01019121",1,52.783
"18137","E01019122",1,51.322
"18138","E01019123",4,22.059
"18139","E01019124",9,5.8
"18140","E01019125",6,14.759
"18141","E01019126",3,28.382
"18142","E01019127",5,18.849
"18143","E01019128",4,25.107
"18144","E01019129",9,6.679
"18145","E01019130",7,12.418
"18146","E01019131",5,19.08
"18147","E01019132",5,18.321
"18148","E01019133",5,18.129
"18149","E01019134",6,16.896
"18150","E01019135",2,35.044
"18151","E01019136",7,12.253
"18152","E01019137",2,35.275
"18153","E01019138",2,35.495
"18154","E01019139",1,68.494
"18155","E01019141",1,57.678
"18156","E01019142",1,55.95
"18157","E01019143",1,66.427
"18158","E01019144",5,19.183
"18159","E01019145",6,14.589
"18160","E01019146",7,12.659
"18161","E01019147",4,22.027
"18162","E01019148",8,8.524
"18163","E01019149",6,14.909
"18164","E01019150",4,25.747
"18165","E01019151",5,18.703
"18166","E01019152",8,10.077
"18167","E01019153",9,6.274
"18168","E01019154",9,6.624
"18169","E01019155",8,8.537
"18170","E01019156",1,62.772
"18171","E01019157",1,53.091
"18172","E01019158",1,57.803
"18173","E01019159",3,27.557
"18174","E01019160",2,39.419
"18175","E01019161",5,17.978
"18176","E01019162",10,5.022
"18177","E01019163",9,6.463
"18178","E01019164",1,58.706
"18179","E01019165",2,38.261
"18180","E01019166",2,35.812
"18181","E01019167",5,19.287
"18182","E01019168",5,18.81
"18183","E01019169",8,9.862
"18184","E01019170",6,15.927
"18185","E01019171",3,33.138
"18186","E01019172",2,38.669
"18187","E01019173",2,36.506
"18188","E01019175",3,28.214
"18189","E01019176",10,4.291
"18190","E01019177",3,31.822
"18191","E01019178",7,14.102
"18192","E01019179",9,5.684
"18193","E01019180",6,14.879
"18194","E01019182",5,18.185
"18195","E01019184",4,23.15
"18196","E01019185",8,9.353
"18197","E01019186",5,20.296
"18198","E01019187",4,26.524
"18199","E01019188",5,21.448
"18200","E01019189",4,22.445
"18201","E01019190",10,5.11
"18202","E01019191",9,7.668
"18203","E01019192",9,5.547
"18204","E01019193",1,46.35
"18205","E01019194",3,28.87
"18206","E01019195",9,7.706
"18207","E01019196",6,17.066
"18208","E01019197",1,49.791
"18209","E01019198",3,33.145
"18210","E01019199",2,44.035
"18211","E01019200",6,14.848
"18212","E01019201",3,26.752
"18213","E01019202",4,24.416
"18214","E01019203",7,12.077
"18215","E01019204",3,31.255
"18216","E01019205",3,30
"18217","E01019206",2,40.056
"18218","E01019207",2,44.817
"18219","E01019208",3,32.788
"18220","E01019209",2,33.979
"18221","E01019210",2,34.129
"18222","E01019211",2,36.78
"18223","E01019212",8,10.827
"18224","E01019215",3,30.213
"18225","E01019216",3,27.263
"18226","E01019217",4,23.046
"18227","E01019218",4,25.621
"18228","E01019219",7,11.738
"18229","E01019220",6,16.642
"18230","E01019221",3,27.263
"18231","E01019222",3,29.834
"18232","E01019223",7,11.229
"18233","E01019224",7,11.528
"18234","E01019225",4,22.194
"18235","E01019226",4,23.008
"18236","E01019227",2,44.556
"18237","E01019228",4,23.107
"18238","E01019229",4,23.53
"18239","E01019230",2,38.455
"18240","E01019231",2,44.372
"18241","E01019232",5,20.526
"18242","E01019233",5,19.018
"18243","E01019234",1,49.606
"18244","E01019235",5,17.626
"18245","E01019236",2,33.793
"18246","E01019237",5,18.771
"18247","E01019238",9,6.404
"18248","E01019239",6,16.547
"18249","E01019240",8,10.066
"18250","E01019241",9,5.789
"18251","E01019242",6,14.146
"18252","E01019243",10,5.283
"18253","E01019244",10,5.141
"18254","E01019245",1,58.553
"18255","E01019246",3,33.007
"18256","E01019247",4,22.394
"18257","E01019248",1,50.279
"18258","E01019249",9,6.082
"18259","E01019250",8,9.556
"18260","E01019251",9,6.573
"18261","E01019252",4,25.837
"18262","E01019253",8,8.672
"18263","E01019254",8,9.42
"18264","E01019255",9,7.066
"18265","E01019256",6,16.101
"18266","E01019257",4,25.058
"18267","E01019258",8,10.857
"18268","E01019259",4,25.758
"18269","E01019260",4,23.843
"18270","E01019261",10,5.14
"18271","E01019262",9,7.016
"18272","E01019264",6,14.188
"18273","E01019265",2,34.537
"18274","E01019266",3,30.293
"18275","E01019267",1,50.386
"18276","E01019269",2,40.681
"18277","E01019270",3,31.194
"18278","E01019271",3,32.9
"18279","E01019272",2,35.962
"18280","E01019273",6,15.854
"18281","E01019274",2,33.859
"18282","E01019275",5,17.972
"18283","E01019277",1,46.042
"18284","E01019278",6,16.562
"18285","E01019279",6,15.525
"18286","E01019280",1,56.683
"18287","E01019281",5,21.264
"18288","E01019282",5,19.287
"18289","E01019283",5,17.936
"18290","E01019284",3,32.461
"18291","E01019285",3,30.013
"18292","E01019286",6,17.203
"18293","E01019287",9,5.549
"18294","E01019288",10,3.368
"18295","E01019289",4,24.957
"18296","E01019290",4,23.214
"18297","E01019291",3,27.514
"18298","E01019292",6,16.981
"18299","E01019293",4,22.481
"18300","E01019294",2,34.107
"18301","E01019295",1,52.377
"18302","E01019296",2,34.766
"18303","E01019298",4,22.828
"18304","E01019299",2,37.29
"18305","E01019300",8,10.59
"18306","E01019301",1,71.296
"18307","E01019302",6,14.96
"18308","E01019303",8,10.706
"18309","E01019304",5,20.074
"18310","E01019305",4,22.993
"18311","E01019306",4,24.7
"18312","E01019307",7,13.835
"18313","E01019308",4,22.727
"18314","E01019309",5,20.967
"18315","E01019310",5,18.219
"18316","E01019311",7,13.926
"18317","E01019312",8,9.845
"18318","E01019313",6,15.836
"18319","E01019314",6,15.582
"18320","E01019315",6,16.337
"18321","E01019316",6,14.901
"18322","E01019317",7,12.518
"18323","E01019318",3,29.681
"18324","E01019319",5,18.613
"18325","E01019320",6,17.219
"18326","E01019321",6,15.551
"18327","E01019322",7,13.242
"18328","E01019323",5,20.333
"18329","E01019324",6,16.579
"18330","E01019325",5,21.397
"18331","E01019326",9,6.696
"18332","E01019327",6,17.014
"18333","E01019328",9,7.187
"18334","E01019329",8,9.858
"18335","E01019330",8,10.875
"18336","E01019331",7,11.688
"18337","E01019332",4,23.914
"18338","E01019333",3,28.563
"18339","E01019334",8,10.822
"18340","E01019335",6,17.127
"18341","E01019336",4,22.571
"18342","E01019337",5,19.71
"18343","E01019338",5,18.396
"18344","E01019339",6,16.989
"18345","E01019340",4,21.553
"18346","E01019343",8,9.9
"18347","E01019344",6,16.769
"18348","E01019345",6,16.292
"18349","E01019346",6,14.871
"18350","E01019347",8,10.115
"18351","E01019348",9,7.577
"18352","E01019349",8,9.491
"18353","E01019350",6,16.37
"18354","E01019351",6,15.413
"18355","E01019352",7,12.257
"18356","E01019353",8,9.175
"18357","E01019354",7,13.304
"18358","E01019355",9,5.94
"18359","E01019356",5,19.178
"18360","E01019357",6,14.485
"18361","E01019358",9,7.122
"18362","E01019359",5,18.956
"18363","E01019360",6,15.559
"18364","E01019361",10,4.225
"18365","E01019362",10,2.625
"18366","E01019363",5,19.013
"18367","E01019364",4,25.804
"18368","E01019365",8,9.335
"18369","E01019366",9,7.793
"18370","E01019368",10,4.386
"18371","E01019369",9,7.066
"18372","E01019370",9,8.1
"18373","E01019371",5,20.724
"18374","E01019372",8,10.879
"18375","E01019373",9,7.51
"18376","E01019374",7,13.331
"18377","E01019375",8,11.113
"18378","E01019376",5,19.167
"18379","E01019377",9,6.752
"18380","E01019378",9,7.549
"18381","E01019379",6,16.139
"18382","E01019380",5,19.379
"18383","E01019381",6,16.146
"18384","E01019382",7,14.065
"18385","E01019383",9,7.337
"18386","E01019384",6,14.277
"18387","E01019385",8,11.073
"18388","E01019386",5,18.012
"18389","E01019387",7,11.67
"18390","E01019388",6,15.476
"18391","E01019389",5,21.322
"18392","E01019390",8,8.798
"18393","E01019391",9,7.842
"18394","E01019392",5,19.643
"18395","E01019393",10,3.137
"18396","E01019394",6,16.919
"18397","E01019395",8,10.767
"18398","E01019396",8,8.422
"18399","E01019397",6,14.534
"18400","E01019400",2,34.646
"18401","E01019401",2,36.122
"18402","E01019402",5,18.56
"18403","E01019403",2,42.749
"18404","E01019404",4,21.748
"18405","E01019405",7,13.021
"18406","E01019406",7,11.398
"18407","E01019407",5,17.498
"18408","E01019408",8,10.651
"18409","E01019409",8,8.417
"18410","E01019410",9,8.066
"18411","E01019411",6,17.221
"18412","E01019412",9,5.987
"18413","E01019413",10,4.865
"18414","E01019414",9,5.93
"18415","E01019415",7,11.404
"18416","E01019416",10,5.321
"18417","E01019417",4,24.153
"18418","E01019418",7,11.452
"18419","E01019419",8,9.675
"18420","E01019420",3,27.576
"18421","E01019421",6,16.245
"18422","E01019422",8,10.1
"18423","E01019423",8,10.085
"18424","E01019424",5,19.264
"18425","E01019425",10,2.685
"18426","E01019426",9,5.847
"18427","E01019427",10,4.571
"18428","E01019428",5,18.031
"18429","E01019429",7,12.099
"18430","E01019430",8,9.426
"18431","E01019431",4,24.241
"18432","E01019432",5,18.366
"18433","E01019433",5,19.135
"18434","E01019434",5,18.259
"18435","E01019435",5,18.006
"18436","E01019436",5,20.013
"18437","E01019437",3,27.543
"18438","E01019438",5,21.413
"18439","E01019439",6,14.705
"18440","E01019440",4,26.259
"18441","E01019441",2,41.895
"18442","E01019442",4,23.994
"18443","E01019443",7,13.198
"18444","E01019444",1,70.954
"18445","E01019445",4,22.118
"18446","E01019446",8,9.426
"18447","E01019447",9,7.852
"18448","E01019448",8,9.037
"18449","E01019449",9,8.36
"18450","E01019450",3,27.842
"18451","E01019451",5,17.553
"18452","E01019452",2,40.85
"18453","E01019453",1,47.561
"18454","E01019454",7,12.499
"18455","E01019455",4,26.256
"18456","E01019456",5,19.938
"18457","E01019457",7,11.666
"18458","E01019458",4,23.29
"18459","E01019459",3,32.389
"18460","E01019460",7,13.308
"18461","E01019461",4,21.549
"18462","E01019462",8,9.277
"18463","E01019463",1,49.345
"18464","E01019464",10,4.021
"18465","E01019465",5,18.641
"18466","E01019467",8,10.556
"18467","E01019468",2,33.794
"18468","E01019469",2,39.6
"18469","E01019470",4,22.261
"18470","E01019471",2,41.392
"18471","E01019473",10,4.304
"18472","E01019474",9,7.348
"18473","E01019475",4,22.539
"18474","E01019476",9,6.058
"18475","E01019477",7,13.521
"18476","E01019478",8,9.377
"18477","E01019479",8,10.919
"18478","E01019480",5,19.591
"18479","E01019481",4,26.136
"18480","E01019482",6,17.008
"18481","E01019483",2,40.523
"18482","E01019484",4,25.321
"18483","E01019485",4,25.736
"18484","E01019486",8,8.866
"18485","E01019487",3,29.047
"18486","E01019488",1,55.772
"18487","E01019489",6,16.514
"18488","E01019490",7,13.974
"18489","E01019491",4,21.588
"18490","E01019492",3,29.315
"18491","E01019493",6,14.702
"18492","E01019495",4,24.644
"18493","E01019496",3,27.715
"18494","E01019497",2,35.04
"18495","E01019498",2,44.376
"18496","E01019499",4,25.216
"18497","E01019500",2,37.778
"18498","E01019501",5,19.109
"18499","E01019502",5,19.95
"18500","E01019503",4,24.092
"18501","E01019504",5,20.611
"18502","E01019505",2,44.574
"18503","E01019506",4,24.671
"18504","E01019507",1,52.045
"18505","E01019508",2,35.693
"18506","E01019509",1,54.857
"18507","E01019510",2,44.855
"18508","E01019511",3,32.97
"18509","E01019513",7,13.776
"18510","E01019514",5,18.789
"18511","E01019515",2,33.551
"18512","E01019516",4,24.075
"18513","E01019517",8,8.544
"18514","E01019518",9,7.376
"18515","E01019519",4,24.826
"18516","E01019520",5,19.745
"18517","E01019521",7,13.976
"18518","E01019522",4,26.309
"18519","E01019523",2,40.48
"18520","E01019524",5,18.25
"18521","E01019525",4,23.374
"18522","E01019526",4,26.564
"18523","E01019527",1,51.131
"18524","E01019528",7,13.421
"18525","E01019529",4,24.088
"18526","E01019530",3,29.842
"18527","E01019531",3,32.149
"18528","E01019532",4,22.082
"18529","E01019533",10,5.135
"18530","E01019534",5,21.329
"18531","E01019535",7,11.919
"18532","E01019536",4,25.743
"18533","E01019537",8,8.486
"18534","E01019538",4,24.022
"18535","E01019539",6,14.663
"18536","E01019540",9,7.038
"18537","E01019541",3,32.604
"18538","E01019542",2,42.746
"18539","E01019543",3,32.588
"18540","E01019544",4,25.349
"18541","E01019545",6,14.687
"18542","E01019546",6,16.241
"18543","E01019547",2,40.307
"18544","E01019548",7,13.283
"18545","E01019549",2,34.981
"18546","E01019550",4,23.804
"18547","E01019551",6,14.825
"18548","E01019552",4,23.37
"18549","E01019553",7,11.616
"18550","E01019554",3,31.126
"18551","E01019555",3,27.452
"18552","E01019556",2,39.062
"18553","E01019557",6,15.227
"18554","E01019558",10,4.824
"18555","E01019559",9,6.207
"18556","E01019560",3,29.536
"18557","E01019561",1,60.179
"18558","E01019562",3,32.672
"18559","E01019563",1,45.782
"18560","E01019564",6,15.073
"18561","E01019565",2,37.006
"18562","E01019566",1,48.952
"18563","E01019567",2,37.124
"18564","E01019568",1,47.862
"18565","E01019569",3,29.005
"18566","E01019570",5,20.285
"18567","E01019571",2,33.889
"18568","E01019572",1,45.971
"18569","E01019573",3,28.086
"18570","E01019574",3,28.039
"18571","E01019575",1,54.531
"18572","E01019576",2,41.414
"18573","E01019577",3,31.526
"18574","E01019578",1,64.939
"18575","E01019579",3,31.154
"18576","E01019580",3,29.29
"18577","E01019581",2,38.24
"18578","E01019582",6,16.858
"18579","E01019583",8,9.261
"18580","E01019585",7,12.008
"18581","E01019586",10,4.97
"18582","E01019587",9,5.994
"18583","E01019588",10,3.18
"18584","E01019589",9,6.473
"18585","E01019590",10,4.996
"18586","E01019591",7,11.32
"18587","E01019592",10,3.042
"18588","E01019593",10,3.874
"18589","E01019594",4,21.66
"18590","E01019595",8,8.417
"18591","E01019596",9,7.554
"18592","E01019597",9,6.369
"18593","E01019598",5,19.159
"18594","E01019599",8,8.988
"18595","E01019600",7,11.152
"18596","E01019601",6,17.203
"18597","E01019602",7,12.205
"18598","E01019603",8,8.67
"18599","E01019604",8,8.972
"18600","E01019605",6,17.349
"18601","E01019606",9,7.981
"18602","E01019607",7,12.473
"18603","E01019608",5,21.264
"18604","E01019609",8,9.655
"18605","E01019610",9,7.057
"18606","E01019611",5,19.573
"18607","E01019612",7,11.842
"18608","E01019613",5,20.198
"18609","E01019614",9,6.531
"18610","E01019615",7,12.573
"18611","E01019616",8,10.526
"18612","E01019617",6,15.836
"18613","E01019618",7,13.363
"18614","E01019619",6,16.16
"18615","E01019620",6,17.067
"18616","E01019621",8,10.593
"18617","E01019622",9,8.044
"18618","E01019623",4,25.993
"18619","E01019624",8,10.279
"18620","E01019625",1,48.702
"18621","E01019626",8,8.653
"18622","E01019627",8,8.998
"18623","E01019628",7,11.54
"18624","E01019629",6,15.388
"18625","E01019630",7,12.985
"18626","E01019631",6,16.046
"18627","E01019632",7,13.225
"18628","E01019633",4,23.712
"18629","E01019634",6,14.369
"18630","E01019635",10,5.048
"18631","E01019636",6,14.165
"18632","E01019638",9,7.199
"18633","E01019639",5,20.738
"18634","E01019640",9,5.785
"18635","E01019641",10,3.901
"18636","E01019642",7,14.046
"18637","E01019643",9,7.077
"18638","E01019644",1,51.426
"18639","E01019645",3,26.852
"18640","E01019646",1,56.299
"18641","E01019647",2,35.27
"18642","E01019648",6,15.121
"18643","E01019649",5,20.352
"18644","E01019650",1,54.219
"18645","E01019651",7,11.492
"18646","E01019652",8,9.881
"18647","E01019653",10,3.574
"18648","E01019654",5,19.83
"18649","E01019655",5,18.317
"18650","E01019656",7,11.494
"18651","E01019657",3,28.336
"18652","E01019658",5,20.085
"18653","E01019659",9,7.335
"18654","E01019660",6,15.648
"18655","E01019661",2,37.693
"18656","E01019662",1,52.638
"18657","E01019663",1,74.051
"18658","E01019664",2,44.247
"18659","E01019665",3,31.48
"18660","E01019666",3,27.937
"18661","E01019667",3,26.751
"18662","E01019668",1,49.61
"18663","E01019669",5,18.15
"18664","E01019670",8,8.749
"18665","E01019671",8,9.329
"18666","E01019672",2,34.456
"18667","E01019673",8,10.41
"18668","E01019674",6,14.261
"18669","E01019675",3,28.62
"18670","E01019676",4,22.139
"18671","E01019677",6,15.395
"18672","E01019678",9,5.784
"18673","E01019679",4,24.91
"18674","E01019680",7,12.458
"18675","E01019681",7,11.252
"18676","E01019682",2,43.488
"18677","E01019683",8,9.372
"18678","E01019684",10,3.774
"18679","E01019685",8,10.591
"18680","E01019686",9,7.404
"18681","E01019687",3,32.674
"18682","E01019688",2,36.014
"18683","E01019689",4,22.228
"18684","E01019690",3,27.205
"18685","E01019691",7,11.468
"18686","E01019692",2,38.22
"18687","E01019693",4,25.29
"18688","E01019694",10,5.099
"18689","E01019695",8,10.37
"18690","E01019696",7,11.235
"18691","E01019697",6,15.686
"18692","E01019698",8,10.016
"18693","E01019699",2,42.924
"18694","E01019700",6,14.516
"18695","E01019701",5,21.396
"18696","E01019702",9,6.299
"18697","E01019703",9,8.123
"18698","E01019704",9,8.096
"18699","E01019705",7,12.293
"18700","E01019706",9,5.55
"18701","E01019707",9,7.817
"18702","E01019708",10,3.849
"18703","E01019709",3,28.66
"18704","E01019710",2,35.598
"18705","E01019711",6,17.422
"18706","E01019712",8,8.383
"18707","E01019713",8,9.545
"18708","E01019714",8,9.458
"18709","E01019715",3,30.509
"18710","E01019716",7,14.024
"18711","E01019717",2,33.994
"18712","E01019718",5,17.481
"18713","E01019719",6,15.241
"18714","E01019720",8,9.314
"18715","E01019721",8,9.217
"18716","E01019722",8,10.187
"18717","E01019723",4,21.75
"18718","E01019724",3,29.66
"18719","E01019725",7,13.996
"18720","E01019726",5,18.046
"18721","E01019727",10,3.362
"18722","E01019728",1,58.943
"18723","E01019729",1,56.644
"18724","E01019730",3,28.338
"18725","E01019731",9,5.881
"18726","E01019732",6,15.043
"18727","E01019733",5,19.537
"18728","E01019734",7,11.45
"18729","E01019735",8,10.364
"18730","E01019736",6,17.396
"18731","E01019737",7,12.597
"18732","E01019738",5,20.026
"18733","E01019739",4,25.464
"18734","E01019740",6,16.838
"18735","E01019741",5,19.921
"18736","E01019742",4,23.435
"18737","E01019743",2,33.928
"18738","E01019744",4,21.694
"18739","E01019745",4,24.887
"18740","E01019746",8,9.445
"18741","E01019747",8,9.112
"18742","E01019748",7,13.75
"18743","E01019749",10,4.241
"18744","E01019750",5,20.968
"18745","E01019751",10,4.24
"18746","E01019752",5,20.864
"18747","E01019753",8,10.99
"18748","E01019754",7,13.847
"18749","E01019755",7,11.841
"18750","E01019756",10,2.775
"18751","E01019757",7,11.138
"18752","E01019758",10,4.792
"18753","E01019759",3,32.645
"18754","E01019760",6,15.965
"18755","E01019761",1,52.113
"18756","E01019762",10,4.937
"18757","E01019763",5,18.895
"18758","E01019764",7,13.609
"18759","E01019765",6,14.781
"18760","E01019766",7,13.166
"18761","E01019767",8,9.515
"18762","E01019768",3,31.495
"18763","E01019769",7,13.165
"18764","E01019770",7,13.631
"18765","E01019771",7,13.004
"18766","E01019772",9,6.067
"18767","E01019774",8,10.787
"18768","E01019775",3,27.692
"18769","E01019776",4,25.684
"18770","E01019777",2,42.463
"18771","E01019778",10,4.682
"18772","E01019779",10,3.813
"18773","E01019780",4,25.199
"18774","E01019781",9,8.223
"18775","E01019782",5,18.881
"18776","E01019783",10,1.796
"18777","E01019784",10,3.372
"18778","E01019785",10,1.69
"18779","E01019786",6,16.418
"18780","E01019787",9,6.327
"18781","E01019788",10,2.813
"18782","E01019790",9,7.979
"18783","E01019791",5,19.174
"18784","E01019792",3,29.851
"18785","E01019793",10,2.444
"18786","E01019794",10,3.586
"18787","E01019795",9,6.587
"18788","E01019796",1,58.438
"18789","E01019797",3,26.815
"18790","E01019798",5,17.511
"18791","E01019799",2,38.996
"18792","E01019800",4,24.934
"18793","E01019801",6,17.064
"18794","E01019802",6,16.794
"18795","E01019803",3,27.243
"18796","E01019804",8,8.456
"18797","E01019805",8,9.098
"18798","E01019806",7,12.781
"18799","E01019807",2,38.458
"18800","E01019808",1,50.051
"18801","E01019809",4,22.907
"18802","E01019810",3,27.475
"18803","E01019811",9,7.063
"18804","E01019812",7,13.385
"18805","E01019813",3,26.699
"18806","E01019814",7,12.653
"18807","E01019815",5,21.482
"18808","E01019816",5,18.07
"18809","E01019817",2,39.09
"18810","E01019818",2,35.846
"18811","E01019819",6,14.557
"18812","E01019820",6,15.061
"18813","E01019821",6,17.231
"18814","E01019822",4,22.017
"18815","E01019823",3,28.799
"18816","E01019824",6,15.483
"18817","E01019825",8,10.078
"18818","E01019826",3,32.68
"18819","E01019827",5,21.12
"18820","E01019828",10,4.565
"18821","E01019829",9,5.985
"18822","E01019830",10,4.626
"18823","E01019831",10,3.509
"18824","E01019832",7,13.172
"18825","E01019833",9,5.537
"18826","E01019834",7,11.321
"18827","E01019837",4,22.151
"18828","E01019838",3,27.883
"18829","E01019839",10,5.298
"18830","E01019840",8,9.933
"18831","E01019841",9,7.797
"18832","E01019842",2,37.556
"18833","E01019843",7,13.843
"18834","E01019844",4,24.468
"18835","E01019845",8,10.557
"18836","E01019846",6,17.395
"18837","E01019847",9,7.704
"18838","E01019848",9,6.462
"18839","E01019850",8,10.824
"18840","E01019851",4,24.067
"18841","E01019852",5,19.13
"18842","E01019853",9,7.019
"18843","E01019854",8,9.639
"18844","E01019855",10,5.223
"18845","E01019856",3,28.741
"18846","E01019857",9,5.736
"18847","E01019858",3,32.015
"18848","E01019859",8,10.461
"18849","E01019860",9,7.529
"18850","E01019861",4,22.799
"18851","E01019862",5,17.613
"18852","E01019863",1,45.692
"18853","E01019864",3,27.656
"18854","E01019865",5,17.94
"18855","E01019866",5,18.874
"18856","E01019867",9,8.275
"18857","E01019868",8,8.921
"18858","E01019869",10,4.676
"18859","E01019870",4,24.685
"18860","E01019871",7,13.56
"18861","E01019872",7,11.423
"18862","E01019873",7,12.719
"18863","E01019874",9,7.917
"18864","E01019875",8,8.559
"18865","E01019876",4,23.417
"18866","E01019877",2,37.559
"18867","E01019878",5,18.334
"18868","E01019879",10,5.271
"18869","E01019880",10,5.075
"18870","E01019882",6,16.353
"18871","E01019885",7,13.279
"18872","E01019887",4,23.119
"18873","E01019888",5,17.801
"18874","E01019889",7,12.645
"18875","E01019890",6,15.892
"18876","E01019891",6,16.902
"18877","E01019894",9,7.318
"18878","E01019895",9,8.065
"18879","E01019896",9,7.97
"18880","E01019897",5,19.732
"18881","E01019898",8,9.349
"18882","E01019899",6,15.922
"18883","E01019900",9,8.067
"18884","E01019901",5,17.862
"18885","E01019902",5,18.941
"18886","E01019903",6,15.896
"18887","E01019904",4,24.534
"18888","E01019905",10,5.447
"18889","E01019906",7,11.633
"18890","E01019907",8,8.648
"18891","E01019908",5,17.541
"18892","E01019909",10,5.201
"18893","E01019910",7,11.188
"18894","E01019911",8,9.103
"18895","E01019912",6,14.449
"18896","E01019913",9,8.055
"18897","E01019914",2,33.941
"18898","E01019915",9,7.576
"18899","E01019916",3,30.377
"18900","E01019917",6,14.744
"18901","E01019918",4,25.187
"18902","E01019919",4,22.272
"18903","E01019920",5,18.817
"18904","E01019921",8,8.677
"18905","E01019922",4,25.447
"18906","E01019923",5,18.726
"18907","E01019924",4,22.747
"18908","E01019925",8,10.039
"18909","E01019927",4,25.501
"18910","E01019928",6,15.134
"18911","E01019929",7,11.542
"18912","E01019930",7,11.155
"18913","E01019931",10,4.581
"18914","E01019932",3,27.047
"18915","E01019933",6,15.378
"18916","E01019934",8,9.581
"18917","E01019935",6,17.297
"18918","E01019936",5,17.732
"18919","E01019937",7,12.27
"18920","E01019938",5,18.92
"18921","E01019939",9,7.702
"18922","E01019940",9,7.632
"18923","E01019942",6,16.792
"18924","E01019943",8,8.422
"18925","E01019944",7,12.321
"18926","E01019945",5,17.98
"18927","E01019946",9,7.096
"18928","E01019947",6,14.848
"18929","E01019948",8,9.454
"18930","E01019949",9,7.082
"18931","E01019950",5,18.404
"18932","E01019951",8,9.856
"18933","E01019952",8,9.729
"18934","E01019953",8,10.123
"18935","E01019954",4,21.544
"18936","E01019955",6,17.394
"18937","E01019956",8,9.282
"18938","E01019957",9,6.068
"18939","E01019958",9,8.216
"18940","E01019959",6,15.867
"18941","E01019960",6,15.582
"18942","E01019961",7,11.88
"18943","E01019962",6,16.487
"18944","E01019963",8,9.862
"18945","E01019964",9,6.622
"18946","E01019965",7,11.444
"18947","E01019966",7,12.163
"18948","E01019967",5,18.683
"18949","E01019968",8,8.795
"18950","E01019969",8,9.087
"18951","E01019970",7,11.412
"18952","E01019971",6,16.533
"18953","E01019972",5,18.301
"18954","E01019973",8,10.848
"18955","E01019974",7,14.093
"18956","E01019975",3,28.368
"18957","E01019976",8,9.059
"18958","E01019977",7,11.474
"18959","E01019980",4,25.261
"18960","E01019981",4,24.192
"18961","E01019982",5,20.524
"18962","E01019983",7,13.348
"18963","E01019984",8,8.774
"18964","E01019985",2,37.244
"18965","E01019986",9,6.134
"18966","E01019987",7,12.207
"18967","E01019988",8,10.105
"18968","E01019989",9,7.645
"18969","E01019990",2,36.211
"18970","E01019991",4,26.353
"18971","E01019992",5,21.503
"18972","E01019993",9,6.396
"18973","E01019994",6,17.431
"18974","E01019995",3,28.305
"18975","E01019996",7,13.892
"18976","E01019997",7,11.841
"18977","E01019998",10,4.328
"18978","E01019999",10,2.612
"18979","E01020000",4,24.878
"18980","E01020001",10,4.68
"18981","E01020002",5,18.556
"18982","E01020003",8,9.767
"18983","E01020004",8,9.65
"18984","E01020005",3,27.745
"18985","E01020006",5,19.904
"18986","E01020007",8,10.704
"18987","E01020008",8,10.595
"18988","E01020009",9,7.495
"18989","E01020010",4,23.675
"18990","E01020011",7,12.223
"18991","E01020012",3,28.711
"18992","E01020013",6,17.143
"18993","E01020014",2,38.115
"18994","E01020015",2,41.407
"18995","E01020017",6,15.84
"18996","E01020018",3,27.543
"18997","E01020019",10,5.247
"18998","E01020020",7,13.332
"18999","E01020021",6,16.645
"19000","E01020022",4,24.78
"19001","E01020023",10,5.021
"19002","E01020024",9,8.034
"19003","E01020025",7,13.207
"19004","E01020026",10,5.223
"19005","E01020027",8,9.982
"19006","E01020029",7,12.563
"19007","E01020030",4,22.233
"19008","E01020031",7,11.659
"19009","E01020032",4,22.366
"19010","E01020036",6,16.722
"19011","E01020037",3,27.464
"19012","E01020038",9,8.244
"19013","E01020039",3,33.125
"19014","E01020040",6,14.828
"19015","E01020041",4,24.872
"19016","E01020042",8,9.456
"19017","E01020043",5,20.068
"19018","E01020044",6,16.232
"19019","E01020045",7,12.696
"19020","E01020046",5,21.245
"19021","E01020047",7,11.873
"19022","E01020048",3,27.71
"19023","E01020049",5,20.868
"19024","E01020050",4,23.423
"19025","E01020051",8,9.368
"19026","E01020052",3,28.967
"19027","E01020053",3,28.493
"19028","E01020054",8,11.102
"19029","E01020055",4,25.047
"19030","E01020056",7,11.23
"19031","E01020057",5,19.779
"19032","E01020058",8,8.898
"19033","E01020059",6,15.682
"19034","E01020060",4,25.033
"19035","E01020061",7,13.603
"19036","E01020062",8,9.482
"19037","E01020063",6,17.449
"19038","E01020064",5,19.502
"19039","E01020065",4,25.498
"19040","E01020067",2,35.763
"19041","E01020068",5,19.997
"19042","E01020069",4,21.989
"19043","E01020070",5,19.931
"19044","E01020071",6,16.325
"19045","E01020072",5,20.045
"19046","E01020073",3,28.048
"19047","E01020074",6,15.075
"19048","E01020075",6,15.423
"19049","E01020076",4,22.191
"19050","E01020077",5,18.133
"19051","E01020078",2,34.576
"19052","E01020079",3,32.517
"19053","E01020080",7,11.556
"19054","E01020081",3,26.99
"19055","E01020082",4,22.153
"19056","E01020083",6,17.375
"19057","E01020084",5,20.633
"19058","E01020085",7,12.084
"19059","E01020087",4,25.049
"19060","E01020088",4,23.345
"19061","E01020089",7,11.889
"19062","E01020090",9,6.659
"19063","E01020091",8,10.536
"19064","E01020092",8,8.812
"19065","E01020093",6,15.905
"19066","E01020094",1,55.175
"19067","E01020095",3,30.749
"19068","E01020096",3,27.749
"19069","E01020097",4,22.222
"19070","E01020098",4,25.371
"19071","E01020099",4,23.426
"19072","E01020100",4,25.489
"19073","E01020101",4,22.601
"19074","E01020102",7,11.251
"19075","E01020103",1,49.867
"19076","E01020104",2,38.207
"19077","E01020105",5,18.866
"19078","E01020106",6,16.524
"19079","E01020107",7,12.652
"19080","E01020108",6,14.981
"19081","E01020109",6,14.967
"19082","E01020110",7,12.302
"19083","E01020111",2,42.895
"19084","E01020112",1,53.032
"19085","E01020113",2,39.607
"19086","E01020114",5,21.222
"19087","E01020115",6,16.236
"19088","E01020116",5,20.796
"19089","E01020117",5,18.46
"19090","E01020118",3,30.802
"19091","E01020119",5,20.226
"19092","E01020120",8,10.206
"19093","E01020121",5,18.015
"19094","E01020122",5,17.583
"19095","E01020123",3,28.825
"19096","E01020124",7,13.526
"19097","E01020125",9,7.108
"19098","E01020126",4,23.678
"19099","E01020127",4,21.716
"19100","E01020128",8,10.573
"19101","E01020129",3,29.872
"19102","E01020130",4,24.753
"19103","E01020131",4,25.338
"19104","E01020132",6,14.221
"19105","E01020133",8,9.431
"19106","E01020134",3,33.506
"19107","E01020135",4,26.503
"19108","E01020136",6,16.089
"19109","E01020137",4,23.835
"19110","E01020138",4,26.235
"19111","E01020139",2,35.192
"19112","E01020140",5,20.697
"19113","E01020141",2,37.389
"19114","E01020142",5,17.642
"19115","E01020143",5,18.625
"19116","E01020144",10,3.884
"19117","E01020145",6,14.373
"19118","E01020146",9,6.332
"19119","E01020147",5,19.311
"19120","E01020148",4,24.982
"19121","E01020149",5,19.434
"19122","E01020150",6,14.527
"19123","E01020151",8,10.226
"19124","E01020152",5,20.12
"19125","E01020153",5,21.13
"19126","E01020154",6,15.961
"19127","E01020155",3,33.087
"19128","E01020156",7,11.978
"19129","E01020157",4,21.972
"19130","E01020158",7,11.162
"19131","E01020159",5,20.621
"19132","E01020160",7,11.777
"19133","E01020161",5,17.495
"19134","E01020162",9,7.138
"19135","E01020163",10,5.125
"19136","E01020164",7,13.981
"19137","E01020165",9,7.438
"19138","E01020166",10,5.11
"19139","E01020167",9,5.764
"19140","E01020168",7,11.716
"19141","E01020169",7,11.914
"19142","E01020170",8,10.317
"19143","E01020171",8,10.538
"19144","E01020172",6,16.174
"19145","E01020173",7,12.712
"19146","E01020174",5,21.249
"19147","E01020175",5,17.578
"19148","E01020176",6,15.844
"19149","E01020177",3,26.632
"19150","E01020178",6,16.614
"19151","E01020179",6,15.522
"19152","E01020180",5,19.429
"19153","E01020181",6,15.544
"19154","E01020182",5,20.338
"19155","E01020183",5,17.714
"19156","E01020184",5,18.048
"19157","E01020185",9,8.071
"19158","E01020186",9,6.847
"19159","E01020187",6,15.21
"19160","E01020188",5,21.11
"19161","E01020189",5,20.983
"19162","E01020190",7,13.208
"19163","E01020191",7,13.981
"19164","E01020192",8,9.724
"19165","E01020193",5,18.707
"19166","E01020194",10,5.349
"19167","E01020195",5,18.886
"19168","E01020196",4,22.13
"19169","E01020197",6,15.761
"19170","E01020198",3,30.834
"19171","E01020199",5,19.259
"19172","E01020200",8,10.175
"19173","E01020201",8,9.174
"19174","E01020202",6,15.707
"19175","E01020203",9,6.631
"19176","E01020204",4,21.899
"19177","E01020205",6,16.374
"19178","E01020206",5,18.093
"19179","E01020208",4,25.476
"19180","E01020209",6,14.233
"19181","E01020210",8,8.543
"19182","E01020211",2,36.394
"19183","E01020212",3,33.269
"19184","E01020213",5,19.621
"19185","E01020214",7,13.266
"19186","E01020215",10,5.183
"19187","E01020216",2,33.991
"19188","E01020217",3,27.707
"19189","E01020218",2,35.667
"19190","E01020219",7,12.84
"19191","E01020220",6,16.494
"19192","E01020221",6,14.98
"19193","E01020222",8,8.464
"19194","E01020223",5,17.893
"19195","E01020224",4,24.962
"19196","E01020225",3,28.062
"19197","E01020226",9,8.128
"19198","E01020227",6,15.569
"19199","E01020228",3,29.192
"19200","E01020230",5,21.215
"19201","E01020231",6,16.761
"19202","E01020232",7,13.84
"19203","E01020233",9,8.047
"19204","E01020234",3,27.991
"19205","E01020235",5,21.181
"19206","E01020236",8,8.754
"19207","E01020237",4,22.891
"19208","E01020238",7,12.825
"19209","E01020239",8,10.361
"19210","E01020240",7,13.414
"19211","E01020241",6,14.6
"19212","E01020242",8,9.409
"19213","E01020243",7,12.481
"19214","E01020244",5,19.866
"19215","E01020245",6,15.389
"19216","E01020246",6,16.034
"19217","E01020247",4,25.261
"19218","E01020248",8,8.399
"19219","E01020249",8,11.108
"19220","E01020250",8,8.393
"19221","E01020251",8,10.877
"19222","E01020252",5,21.272
"19223","E01020253",8,8.944
"19224","E01020254",4,24.047
"19225","E01020255",6,16.274
"19226","E01020256",8,9.737
"19227","E01020257",9,6.201
"19228","E01020258",5,17.594
"19229","E01020259",5,21.503
"19230","E01020260",8,8.737
"19231","E01020261",8,10.347
"19232","E01020262",4,21.886
"19233","E01020263",4,22.009
"19234","E01020264",4,23.505
"19235","E01020265",8,8.675
"19236","E01020266",9,7.801
"19237","E01020267",8,11.083
"19238","E01020268",8,10.181
"19239","E01020269",2,34.161
"19240","E01020270",8,9.278
"19241","E01020271",4,24.299
"19242","E01020272",2,35.678
"19243","E01020273",5,19.522
"19244","E01020274",5,19.812
"19245","E01020275",5,20.575
"19246","E01020276",6,15.061
"19247","E01020277",2,41.648
"19248","E01020278",5,19.92
"19249","E01020279",4,23.96
"19250","E01020280",2,44.611
"19251","E01020281",8,10.236
"19252","E01020282",3,31.714
"19253","E01020283",7,13.362
"19254","E01020284",4,25.929
"19255","E01020285",2,34.142
"19256","E01020286",4,26.501
"19257","E01020287",4,26.495
"19258","E01020288",4,25.767
"19259","E01020289",4,26.14
"19260","E01020290",3,26.794
"19261","E01020291",4,25.224
"19262","E01020292",3,27.742
"19263","E01020293",3,26.703
"19264","E01020294",3,30.954
"19265","E01020295",4,24.036
"19266","E01020296",5,19.069
"19267","E01020297",3,29.544
"19268","E01020298",7,13.297
"19269","E01020299",7,13.969
"19270","E01020300",8,8.978
"19271","E01020301",5,21.525
"19272","E01020302",4,24.364
"19273","E01020303",4,23.768
"19274","E01020304",5,20.707
"19275","E01020305",3,26.783
"19276","E01020306",7,11.878
"19277","E01020307",4,26.531
"19278","E01020308",5,19.051
"19279","E01020309",4,23.375
"19280","E01020311",4,26.242
"19281","E01020312",6,16.68
"19282","E01020313",4,26.364
"19283","E01020314",4,22.42
"19284","E01020315",6,17.302
"19285","E01020316",8,8.926
"19286","E01020317",7,12.62
"19287","E01020318",6,15.79
"19288","E01020319",4,23.624
"19289","E01020320",4,24.127
"19290","E01020321",3,30.094
"19291","E01020323",4,22.281
"19292","E01020324",5,18.541
"19293","E01020325",4,24.763
"19294","E01020326",5,17.948
"19295","E01020327",6,14.313
"19296","E01020328",4,23.686
"19297","E01020329",5,17.959
"19298","E01020330",4,24.723
"19299","E01020331",4,23.023
"19300","E01020332",5,18.342
"19301","E01020333",9,7.684
"19302","E01020334",5,18.955
"19303","E01020335",6,14.36
"19304","E01020336",10,3.899
"19305","E01020337",5,20.091
"19306","E01020338",6,15.116
"19307","E01020339",4,22.395
"19308","E01020340",4,22.154
"19309","E01020341",7,12.53
"19310","E01020342",4,22.38
"19311","E01020343",7,11.458
"19312","E01020344",6,15.727
"19313","E01020345",6,16.075
"19314","E01020346",4,26.516
"19315","E01020347",2,43.535
"19316","E01020348",2,42.066
"19317","E01020349",7,12.681
"19318","E01020350",9,7.665
"19319","E01020351",8,8.512
"19320","E01020352",9,7.895
"19321","E01020353",4,22.667
"19322","E01020354",7,13.705
"19323","E01020355",10,4.122
"19324","E01020356",9,7.34
"19325","E01020357",7,12.733
"19326","E01020358",9,7.484
"19327","E01020359",7,14.003
"19328","E01020360",8,10.798
"19329","E01020361",6,14.859
"19330","E01020362",10,5.311
"19331","E01020363",4,24.272
"19332","E01020364",4,22.936
"19333","E01020365",6,15.332
"19334","E01020366",10,3.277
"19335","E01020367",7,11.245
"19336","E01020369",8,8.729
"19337","E01020370",9,7.41
"19338","E01020371",10,4.692
"19339","E01020372",9,7.156
"19340","E01020373",6,14.352
"19341","E01020374",9,6.323
"19342","E01020375",7,12.44
"19343","E01020376",9,7.522
"19344","E01020377",10,3.194
"19345","E01020378",9,7.946
"19346","E01020379",6,14.735
"19347","E01020380",9,6.215
"19348","E01020381",10,3.404
"19349","E01020382",10,5.059
"19350","E01020383",10,3.613
"19351","E01020384",9,7.657
"19352","E01020385",8,9.266
"19353","E01020386",10,5.042
"19354","E01020387",10,2.896
"19355","E01020388",7,12.923
"19356","E01020389",4,21.677
"19357","E01020390",8,10.911
"19358","E01020391",10,5.229
"19359","E01020392",7,12.025
"19360","E01020393",2,33.722
"19361","E01020394",3,27.522
"19362","E01020395",10,4.975
"19363","E01020396",5,21.219
"19364","E01020397",5,19.83
"19365","E01020398",6,16.007
"19366","E01020400",9,7.207
"19367","E01020401",10,4.06
"19368","E01020402",10,4.316
"19369","E01020403",8,8.718
"19370","E01020404",9,7.967
"19371","E01020405",6,14.226
"19372","E01020406",10,5.31
"19373","E01020407",9,6.601
"19374","E01020408",8,9.274
"19375","E01020409",8,8.504
"19376","E01020410",5,21.195
"19377","E01020411",4,26.263
"19378","E01020412",4,22.893
"19379","E01020413",10,4.693
"19380","E01020414",8,10.71
"19381","E01020415",10,4.128
"19382","E01020416",8,10.239
"19383","E01020417",9,7.777
"19384","E01020418",10,5.408
"19385","E01020419",9,7.934
"19386","E01020420",9,6.989
"19387","E01020421",7,11.35
"19388","E01020422",5,18.212
"19389","E01020423",8,9.439
"19390","E01020424",7,12.949
"19391","E01020425",6,14.519
"19392","E01020426",10,4.637
"19393","E01020427",4,22.58
"19394","E01020428",6,16.172
"19395","E01020429",6,15.343
"19396","E01020430",6,16.582
"19397","E01020431",5,19.048
"19398","E01020432",5,18.461
"19399","E01020433",7,13.592
"19400","E01020434",5,20.399
"19401","E01020435",9,6.703
"19402","E01020436",7,11.434
"19403","E01020437",7,13.634
"19404","E01020438",4,23.204
"19405","E01020439",5,18.207
"19406","E01020440",6,15.188
"19407","E01020441",5,19.005
"19408","E01020442",7,14.041
"19409","E01020443",4,23.985
"19410","E01020444",5,20.722
"19411","E01020445",6,15.06
"19412","E01020446",7,13.076
"19413","E01020447",4,21.59
"19414","E01020448",5,18.669
"19415","E01020449",7,14.014
"19416","E01020450",8,9.63
"19417","E01020452",6,16.125
"19418","E01020453",7,12.614
"19419","E01020454",4,21.826
"19420","E01020456",5,17.894
"19421","E01020457",8,8.495
"19422","E01020458",8,9.041
"19423","E01020460",6,16.919
"19424","E01020462",6,15.401
"19425","E01020463",9,6.082
"19426","E01020464",8,10.155
"19427","E01020465",5,19.298
"19428","E01020466",6,16.203
"19429","E01020467",7,11.567
"19430","E01020468",5,17.508
"19431","E01020469",5,17.638
"19432","E01020470",9,6.112
"19433","E01020471",4,23.794
"19434","E01020472",4,21.877
"19435","E01020473",7,11.472
"19436","E01020474",8,10.059
"19437","E01020475",8,9.912
"19438","E01020476",6,17.197
"19439","E01020477",6,14.377
"19440","E01020478",7,13.776
"19441","E01020479",7,14.077
"19442","E01020480",6,16.3
"19443","E01020481",6,15.447
"19444","E01020482",6,16.504
"19445","E01020483",4,24.892
"19446","E01020484",5,21.056
"19447","E01020485",4,23.926
"19448","E01020486",6,16.359
"19449","E01020487",8,9.086
"19450","E01020488",6,15.623
"19451","E01020489",5,18.608
"19452","E01020490",5,20.946
"19453","E01020491",7,12.775
"19454","E01020492",6,16.663
"19455","E01020493",5,21.041
"19456","E01020494",5,18.409
"19457","E01020495",6,14.726
"19458","E01020496",3,27.687
"19459","E01020497",7,12.65
"19460","E01020498",6,14.44
"19461","E01020499",2,36.71
"19462","E01020500",5,19.837
"19463","E01020501",8,10.266
"19464","E01020502",3,31.236
"19465","E01020503",6,17.341
"19466","E01020504",9,7.623
"19467","E01020505",7,12.401
"19468","E01020506",4,22.127
"19469","E01020507",7,13.904
"19470","E01020508",5,17.686
"19471","E01020509",7,12.801
"19472","E01020510",6,16.333
"19473","E01020511",6,17.17
"19474","E01020512",4,23.731
"19475","E01020513",5,18.718
"19476","E01020514",6,14.296
"19477","E01020515",5,20.692
"19478","E01020516",6,16.656
"19479","E01020517",6,15.745
"19480","E01020518",3,27.874
"19481","E01020519",7,13.604
"19482","E01020520",9,6.85
"19483","E01020523",10,3.971
"19484","E01020524",8,9.454
"19485","E01020525",10,1.986
"19486","E01020526",8,10.292
"19487","E01020527",6,15.725
"19488","E01020528",6,16.879
"19489","E01020529",5,18.608
"19490","E01020530",5,19.931
"19491","E01020531",6,16.27
"19492","E01020532",8,10.791
"19493","E01020533",4,22.033
"19494","E01020534",5,20.643
"19495","E01020535",4,23.727
"19496","E01020536",5,20.468
"19497","E01020537",6,16.777
"19498","E01020538",6,16.896
"19499","E01020539",5,19.288
"19500","E01020540",7,13.601
"19501","E01020541",6,15.936
"19502","E01020542",7,11.209
"19503","E01020543",4,26.349
"19504","E01020544",8,8.797
"19505","E01020546",6,15.614
"19506","E01020547",5,20.786
"19507","E01020549",6,17.108
"19508","E01020550",5,17.971
"19509","E01020551",4,26.047
"19510","E01020552",1,59.337
"19511","E01020553",2,39.18
"19512","E01020554",1,48.015
"19513","E01020555",1,51.171
"19514","E01020556",4,25.262
"19515","E01020557",9,7.024
"19516","E01020558",8,9.854
"19517","E01020559",10,4.561
"19518","E01020560",9,6.261
"19519","E01020561",6,14.628
"19520","E01020562",5,17.702
"19521","E01020563",4,23.304
"19522","E01020564",3,31.804
"19523","E01020565",4,23.091
"19524","E01020566",6,15.907
"19525","E01020569",1,52.258
"19526","E01020570",8,9.128
"19527","E01020571",5,21.286
"19528","E01020572",4,21.953
"19529","E01020573",3,33.296
"19530","E01020574",4,22.025
"19531","E01020575",1,46.875
"19532","E01020576",8,9.032
"19533","E01020577",5,19.192
"19534","E01020578",4,23.057
"19535","E01020579",7,11.478
"19536","E01020580",9,7.101
"19537","E01020581",5,21.082
"19538","E01020582",2,43.312
"19539","E01020583",8,10.967
"19540","E01020584",5,17.566
"19541","E01020585",4,25.753
"19542","E01020586",4,21.603
"19543","E01020587",5,20.251
"19544","E01020588",7,13.386
"19545","E01020589",3,26.859
"19546","E01020590",4,23.351
"19547","E01020591",2,35.567
"19548","E01020592",1,67.248
"19549","E01020593",2,39.401
"19550","E01020594",4,23.776
"19551","E01020595",8,10.678
"19552","E01020596",3,32.877
"19553","E01020597",8,8.653
"19554","E01020598",7,11.221
"19555","E01020599",2,39.862
"19556","E01020600",10,4.59
"19557","E01020601",7,12.86
"19558","E01020602",2,41.998
"19559","E01020603",10,2.093
"19560","E01020604",4,24.55
"19561","E01020605",10,5.09
"19562","E01020606",1,50.069
"19563","E01020607",3,28.771
"19564","E01020608",5,20.78
"19565","E01020609",5,21.272
"19566","E01020610",8,8.599
"19567","E01020611",10,5.226
"19568","E01020612",10,4.823
"19569","E01020613",10,5.356
"19570","E01020614",4,22.324
"19571","E01020615",2,41.048
"19572","E01020616",2,37.146
"19573","E01020617",7,12.458
"19574","E01020618",3,31.919
"19575","E01020619",4,24.053
"19576","E01020620",3,30.7
"19577","E01020621",3,30.906
"19578","E01020622",7,11.968
"19579","E01020623",8,10.217
"19580","E01020624",2,40.653
"19581","E01020625",2,36.49
"19582","E01020626",1,54.09
"19583","E01020627",7,13.528
"19584","E01020628",9,5.724
"19585","E01020629",6,16.761
"19586","E01020630",3,31.403
"19587","E01020631",3,29.41
"19588","E01020632",5,21.53
"19589","E01020633",2,36.455
"19590","E01020634",8,8.991
"19591","E01020635",8,8.806
"19592","E01020636",4,24.665
"19593","E01020637",6,15.413
"19594","E01020638",2,34.687
"19595","E01020639",2,42.752
"19596","E01020640",4,24.05
"19597","E01020641",4,23.959
"19598","E01020642",5,20.747
"19599","E01020643",3,31.62
"19600","E01020645",2,44.001
"19601","E01020646",3,28.215
"19602","E01020647",1,49.868
"19603","E01020648",3,32.729
"19604","E01020649",2,35.138
"19605","E01020650",4,21.601
"19606","E01020651",3,26.732
"19607","E01020652",3,30.288
"19608","E01020653",2,35.553
"19609","E01020654",6,14.148
"19610","E01020655",6,15.917
"19611","E01020656",3,28.676
"19612","E01020657",6,15.773
"19613","E01020658",2,35.083
"19614","E01020659",6,14.802
"19615","E01020660",4,23.264
"19616","E01020661",3,31.787
"19617","E01020662",3,32.269
"19618","E01020663",5,18.474
"19619","E01020664",8,10.319
"19620","E01020665",4,21.972
"19621","E01020666",8,9.648
"19622","E01020667",3,28.943
"19623","E01020668",2,38.004
"19624","E01020669",2,39.908
"19625","E01020670",2,41.675
"19626","E01020671",1,61.23
"19627","E01020672",1,47.878
"19628","E01020673",1,56.742
"19629","E01020674",2,38.147
"19630","E01020675",2,40.963
"19631","E01020676",5,19.79
"19632","E01020677",3,32.451
"19633","E01020678",4,25.292
"19634","E01020679",2,35.264
"19635","E01020680",8,8.45
"19636","E01020681",4,26.249
"19637","E01020682",10,4.275
"19638","E01020683",9,6.51
"19639","E01020685",6,16.011
"19640","E01020686",1,45.909
"19641","E01020687",4,22.748
"19642","E01020688",4,26.109
"19643","E01020689",2,41.233
"19644","E01020690",8,9.557
"19645","E01020691",5,21.429
"19646","E01020692",10,4.917
"19647","E01020693",4,23
"19648","E01020694",2,36.126
"19649","E01020695",5,19.288
"19650","E01020696",3,31.079
"19651","E01020697",5,20.509
"19652","E01020698",7,12.67
"19653","E01020699",3,33.025
"19654","E01020700",2,39.11
"19655","E01020701",7,13.965
"19656","E01020702",10,2.421
"19657","E01020703",6,15.628
"19658","E01020704",10,4.718
"19659","E01020705",2,41.092
"19660","E01020706",3,27.667
"19661","E01020708",9,6.242
"19662","E01020709",8,8.907
"19663","E01020710",7,11.404
"19664","E01020711",4,22.029
"19665","E01020712",10,3.203
"19666","E01020714",7,11.935
"19667","E01020716",1,48.391
"19668","E01020717",10,4.151
"19669","E01020718",8,9.356
"19670","E01020719",10,4.357
"19671","E01020720",6,16.605
"19672","E01020721",10,3.527
"19673","E01020722",3,31.359
"19674","E01020723",4,22.936
"19675","E01020724",1,56.649
"19676","E01020725",6,16.722
"19677","E01020726",6,17.192
"19678","E01020727",2,43.224
"19679","E01020729",2,35.472
"19680","E01020730",3,28.94
"19681","E01020731",6,15.654
"19682","E01020732",10,5.365
"19683","E01020733",1,45.252
"19684","E01020734",1,49.582
"19685","E01020735",4,24.453
"19686","E01020737",3,31.399
"19687","E01020739",1,74.25
"19688","E01020740",3,26.666
"19689","E01020741",1,51.164
"19690","E01020742",2,43.484
"19691","E01020743",2,37.808
"19692","E01020744",3,32.363
"19693","E01020745",1,65.159
"19694","E01020746",2,37.293
"19695","E01020747",1,62.863
"19696","E01020748",2,44.89
"19697","E01020749",1,52.666
"19698","E01020750",8,9.876
"19699","E01020751",2,43.339
"19700","E01020752",1,80.183
"19701","E01020753",2,38.787
"19702","E01020754",4,23.048
"19703","E01020756",7,12.213
"19704","E01020757",1,60.228
"19705","E01020758",1,68.849
"19706","E01020759",1,60.671
"19707","E01020760",5,20.217
"19708","E01020761",1,46.239
"19709","E01020762",1,55.347
"19710","E01020763",2,41.066
"19711","E01020764",1,72.359
"19712","E01020765",1,47.138
"19713","E01020766",2,39.692
"19714","E01020767",1,67.071
"19715","E01020768",2,36.07
"19716","E01020769",3,32.539
"19717","E01020770",2,35.992
"19718","E01020771",2,41.562
"19719","E01020772",4,23.042
"19720","E01020773",2,42.877
"19721","E01020775",1,56.13
"19722","E01020776",5,19.234
"19723","E01020777",1,49.669
"19724","E01020778",6,15.456
"19725","E01020779",9,6.105
"19726","E01020780",2,35.467
"19727","E01020782",5,18.575
"19728","E01020783",3,27.333
"19729","E01020784",1,47.793
"19730","E01020786",9,7.597
"19731","E01020787",2,33.814
"19732","E01020788",2,41.473
"19733","E01020789",3,30.188
"19734","E01020790",2,39.101
"19735","E01020791",2,36.476
"19736","E01020792",1,46.064
"19737","E01020793",1,47.36
"19738","E01020794",5,18.052
"19739","E01020795",2,39.977
"19740","E01020796",6,16.309
"19741","E01020797",2,44.911
"19742","E01020798",1,52.27
"19743","E01020799",2,36.23
"19744","E01020801",2,38.985
"19745","E01020802",1,49.022
"19746","E01020805",1,50.538
"19747","E01020806",1,47.344
"19748","E01020807",1,75.567
"19749","E01020808",2,36.751
"19750","E01020809",2,43.167
"19751","E01020810",3,27.805
"19752","E01020811",2,35.338
"19753","E01020812",4,25.145
"19754","E01020813",8,8.962
"19755","E01020814",5,17.477
"19756","E01020815",4,24.606
"19757","E01020816",1,69.536
"19758","E01020817",9,8.037
"19759","E01020818",3,29.15
"19760","E01020819",2,44.331
"19761","E01020820",2,34.966
"19762","E01020821",6,16.463
"19763","E01020822",7,13.548
"19764","E01020823",2,41.408
"19765","E01020824",3,32.139
"19766","E01020825",3,28.314
"19767","E01020826",3,29.351
"19768","E01020827",2,34.435
"19769","E01020828",8,10.913
"19770","E01020829",10,5.053
"19771","E01020830",7,13.508
"19772","E01020831",2,35.883
"19773","E01020832",3,28.668
"19774","E01020833",4,25.555
"19775","E01020834",2,37.451
"19776","E01020835",2,41.885
"19777","E01020837",9,6.186
"19778","E01020838",1,45.707
"19779","E01020839",1,48.585
"19780","E01020840",3,28.051
"19781","E01020841",1,68.571
"19782","E01020843",6,15.108
"19783","E01020844",1,59.942
"19784","E01020845",2,44.181
"19785","E01020846",3,29.196
"19786","E01020847",1,59.356
"19787","E01020848",5,18.274
"19788","E01020849",1,53.502
"19789","E01020850",8,8.561
"19790","E01020851",8,10.814
"19791","E01020852",3,27.069
"19792","E01020853",7,12.81
"19793","E01020854",7,13.654
"19794","E01020855",9,6.099
"19795","E01020856",2,37.515
"19796","E01020857",5,18.814
"19797","E01020858",5,20.835
"19798","E01020859",6,17.246
"19799","E01020860",1,53.9
"19800","E01020861",2,35.988
"19801","E01020862",6,16.733
"19802","E01020863",5,21.448
"19803","E01020864",4,26.275
"19804","E01020867",5,17.507
"19805","E01020868",3,29.405
"19806","E01020869",2,44.64
"19807","E01020870",9,5.714
"19808","E01020871",2,36.987
"19809","E01020872",3,28.19
"19810","E01020873",1,65.405
"19811","E01020874",1,46.494
"19812","E01020875",3,27.314
"19813","E01020876",3,30.397
"19814","E01020877",2,40.593
"19815","E01020878",2,43.018
"19816","E01020879",7,11.346
"19817","E01020880",1,55.982
"19818","E01020881",4,25.602
"19819","E01020882",4,25.38
"19820","E01020883",9,6.598
"19821","E01020884",2,36.716
"19822","E01020885",1,46.578
"19823","E01020886",2,39.316
"19824","E01020887",4,24.859
"19825","E01020888",5,18.755
"19826","E01020889",4,24.586
"19827","E01020890",4,23.034
"19828","E01020891",4,25.588
"19829","E01020892",2,38.373
"19830","E01020893",4,25.726
"19831","E01020894",2,38.999
"19832","E01020895",2,44.446
"19833","E01020896",3,27.292
"19834","E01020898",1,58.084
"19835","E01020899",3,28.661
"19836","E01020900",4,21.854
"19837","E01020901",1,64.879
"19838","E01020902",1,65.29
"19839","E01020903",4,22.646
"19840","E01020904",4,22.47
"19841","E01020905",5,18.747
"19842","E01020906",5,21.025
"19843","E01020907",1,48.613
"19844","E01020908",2,38.015
"19845","E01020909",1,77.142
"19846","E01020910",2,42.849
"19847","E01020911",1,47.882
"19848","E01020912",1,67.94
"19849","E01020913",3,29.98
"19850","E01020914",4,26.43
"19851","E01020915",3,27.567
"19852","E01020916",4,24.917
"19853","E01020917",1,45.983
"19854","E01020918",4,25.594
"19855","E01020919",3,26.921
"19856","E01020920",1,53.274
"19857","E01020921",4,23.233
"19858","E01020922",1,46.179
"19859","E01020923",1,54.415
"19860","E01020924",4,26.182
"19861","E01020925",1,48.352
"19862","E01020926",6,15.721
"19863","E01020927",3,27.991
"19864","E01020928",3,26.689
"19865","E01020929",1,45.036
"19866","E01020930",2,39.565
"19867","E01020931",9,6.524
"19868","E01020932",6,14.192
"19869","E01020935",3,29.131
"19870","E01020936",3,29.982
"19871","E01020937",3,29.001
"19872","E01020938",6,15.27
"19873","E01020939",9,6.429
"19874","E01020940",10,4.189
"19875","E01020941",3,30.806
"19876","E01020942",9,6.67
"19877","E01020943",6,15.941
"19878","E01020944",9,5.819
"19879","E01020945",9,6.372
"19880","E01020946",10,3.942
"19881","E01020947",4,21.699
"19882","E01020948",8,8.845
"19883","E01020949",6,17.335
"19884","E01020950",7,14.073
"19885","E01020951",5,21.398
"19886","E01020952",4,25.998
"19887","E01020953",9,8.371
"19888","E01020954",8,9.609
"19889","E01020955",3,32.167
"19890","E01020956",6,17.087
"19891","E01020957",3,29.998
"19892","E01020959",6,14.493
"19893","E01020960",7,13.994
"19894","E01020961",7,11.991
"19895","E01020962",7,12.977
"19896","E01020963",7,12.727
"19897","E01020964",7,12.403
"19898","E01020965",5,18.295
"19899","E01020966",4,22.171
"19900","E01020967",5,19.313
"19901","E01020968",4,23.721
"19902","E01020969",4,21.944
"19903","E01020970",7,11.705
"19904","E01020971",3,32.184
"19905","E01020972",1,86.312
"19906","E01020973",2,34.832
"19907","E01020974",3,29.823
"19908","E01020975",3,29.141
"19909","E01020976",4,24.015
"19910","E01020977",2,42.079
"19911","E01020978",1,52.444
"19912","E01020979",1,66.447
"19913","E01020980",1,47.458
"19914","E01020981",3,29.703
"19915","E01020982",1,61.211
"19916","E01020983",1,63.055
"19917","E01020984",1,48.77
"19918","E01020985",1,45.247
"19919","E01020986",6,16.756
"19920","E01020987",5,18.5
"19921","E01020988",7,12.683
"19922","E01020989",1,51.387
"19923","E01020990",1,48.162
"19924","E01020991",4,24.138
"19925","E01020992",1,51.064
"19926","E01020993",1,68.023
"19927","E01020994",1,58.739
"19928","E01020995",1,62.404
"19929","E01020996",2,34.487
"19930","E01020997",4,26.344
"19931","E01020998",2,34.731
"19932","E01020999",5,20.389
"19933","E01021000",5,17.906
"19934","E01021001",4,22.008
"19935","E01021002",3,26.768
"19936","E01021003",2,39.095
"19937","E01021004",3,26.93
"19938","E01021005",1,64.583
"19939","E01021006",3,32.365
"19940","E01021007",8,10.325
"19941","E01021008",4,22.573
"19942","E01021009",7,13.391
"19943","E01021010",6,15.266
"19944","E01021011",3,30.322
"19945","E01021012",2,36.85
"19946","E01021013",3,27.104
"19947","E01021014",2,39.116
"19948","E01021015",1,82.133
"19949","E01021016",2,36.813
"19950","E01021017",4,26.381
"19951","E01021018",5,17.553
"19952","E01021019",1,67.307
"19953","E01021020",1,51.232
"19954","E01021021",4,23.215
"19955","E01021022",6,16.3
"19956","E01021023",9,6.813
"19957","E01021024",4,22.897
"19958","E01021025",8,10.443
"19959","E01021026",9,5.593
"19960","E01021027",8,8.94
"19961","E01021028",7,12.217
"19962","E01021029",8,10.103
"19963","E01021030",8,9.489
"19964","E01021031",4,22.806
"19965","E01021032",7,12.464
"19966","E01021033",7,13.426
"19967","E01021034",6,16.072
"19968","E01021035",7,12.577
"19969","E01021036",8,8.848
"19970","E01021037",2,41.535
"19971","E01021038",6,14.792
"19972","E01021039",7,13.496
"19973","E01021040",6,17.11
"19974","E01021041",9,7.321
"19975","E01021042",9,7.089
"19976","E01021043",5,18.029
"19977","E01021044",3,32.92
"19978","E01021045",4,26.199
"19979","E01021046",7,12.971
"19980","E01021047",4,22.904
"19981","E01021048",3,33.461
"19982","E01021049",2,43.523
"19983","E01021050",3,32.076
"19984","E01021051",3,26.766
"19985","E01021052",10,4.997
"19986","E01021053",7,12.523
"19987","E01021054",6,15.778
"19988","E01021055",7,13.139
"19989","E01021056",9,7.678
"19990","E01021057",3,33.126
"19991","E01021058",5,18.737
"19992","E01021059",5,18.705
"19993","E01021060",3,29.109
"19994","E01021061",7,13.478
"19995","E01021062",3,29.9
"19996","E01021063",6,16.767
"19997","E01021064",5,18.733
"19998","E01021065",3,30.16
"19999","E01021066",5,19.101
"20000","E01021067",8,9.278
"20001","E01021068",7,12.456
"20002","E01021069",9,6.636
"20003","E01021070",6,15.352
"20004","E01021071",4,26.419
"20005","E01021072",10,4.951
"20006","E01021073",8,9.134
"20007","E01021074",4,23.847
"20008","E01021075",7,11.335
"20009","E01021076",4,25.828
"20010","E01021077",9,8.322
"20011","E01021078",9,6.416
"20012","E01021079",6,17
"20013","E01021080",6,14.9
"20014","E01021081",8,10.435
"20015","E01021082",9,7.932
"20016","E01021083",10,5.069
"20017","E01021084",3,26.874
"20018","E01021085",9,6.931
"20019","E01021086",5,17.528
"20020","E01021087",7,13.699
"20021","E01021088",6,15.605
"20022","E01021089",3,31.976
"20023","E01021090",2,34.007
"20024","E01021091",3,32.435
"20025","E01021092",2,38.062
"20026","E01021093",8,10.404
"20027","E01021094",7,13.016
"20028","E01021095",8,9.388
"20029","E01021096",4,25.341
"20030","E01021097",5,18.559
"20031","E01021098",5,18.506
"20032","E01021099",5,18.443
"20033","E01021100",4,21.914
"20034","E01021101",3,27.638
"20035","E01021102",3,32.294
"20036","E01021103",2,37.59
"20037","E01021104",5,19.13
"20038","E01021105",4,23.51
"20039","E01021106",6,14.358
"20040","E01021107",9,7.903
"20041","E01021108",6,15.432
"20042","E01021109",4,21.764
"20043","E01021110",6,15.257
"20044","E01021111",5,21.241
"20045","E01021112",7,12.264
"20046","E01021113",5,21.167
"20047","E01021114",4,24.217
"20048","E01021115",7,11.91
"20049","E01021116",4,24.722
"20050","E01021117",4,23.299
"20051","E01021118",5,19.058
"20052","E01021119",1,53.843
"20053","E01021120",5,17.763
"20054","E01021121",5,19.33
"20055","E01021122",3,31.743
"20056","E01021123",8,10.358
"20057","E01021124",7,12.373
"20058","E01021125",7,13.824
"20059","E01021126",4,21.676
"20060","E01021127",3,30.048
"20061","E01021128",5,17.767
"20062","E01021129",8,10.994
"20063","E01021130",7,13.227
"20064","E01021131",2,38.548
"20065","E01021132",8,10.244
"20066","E01021133",3,26.688
"20067","E01021134",5,18.882
"20068","E01021135",1,55.879
"20069","E01021136",1,62.884
"20070","E01021137",2,38.327
"20071","E01021138",5,19.707
"20072","E01021139",3,29.284
"20073","E01021140",6,15.944
"20074","E01021141",6,14.855
"20075","E01021142",5,18.227
"20076","E01021143",6,15.096
"20077","E01021144",9,6.646
"20078","E01021145",7,13.9
"20079","E01021146",7,13.318
"20080","E01021147",6,14.277
"20081","E01021148",5,18.611
"20082","E01021149",7,13.808
"20083","E01021150",8,9.588
"20084","E01021151",9,6.025
"20085","E01021152",5,20.229
"20086","E01021153",9,8.182
"20087","E01021154",5,17.457
"20088","E01021155",8,10.348
"20089","E01021156",8,10.283
"20090","E01021157",9,5.757
"20091","E01021158",9,7.415
"20092","E01021159",10,4.111
"20093","E01021160",7,13.985
"20094","E01021161",10,4.27
"20095","E01021162",10,3.511
"20096","E01021163",8,10.375
"20097","E01021164",6,15.819
"20098","E01021165",7,12.055
"20099","E01021166",9,8.102
"20100","E01021167",7,13.76
"20101","E01021168",8,8.558
"20102","E01021169",7,11.136
"20103","E01021170",8,10.956
"20104","E01021171",8,10.558
"20105","E01021172",8,9.28
"20106","E01021173",8,9.043
"20107","E01021174",8,10.324
"20108","E01021175",9,7.009
"20109","E01021176",7,12.278
"20110","E01021177",4,23.227
"20111","E01021178",2,34.545
"20112","E01021179",2,42.408
"20113","E01021180",8,9.12
"20114","E01021181",8,10.886
"20115","E01021182",7,12.52
"20116","E01021183",2,37.725
"20117","E01021184",8,8.838
"20118","E01021185",3,30.834
"20119","E01021186",7,12.395
"20120","E01021187",7,13.726
"20121","E01021188",6,15.971
"20122","E01021189",7,14.08
"20123","E01021190",9,8.083
"20124","E01021191",8,9.03
"20125","E01021192",9,6.244
"20126","E01021193",6,15.845
"20127","E01021194",10,4.586
"20128","E01021196",9,8.353
"20129","E01021198",5,18.533
"20130","E01021199",6,15.677
"20131","E01021200",6,16.391
"20132","E01021201",8,8.402
"20133","E01021202",8,9.931
"20134","E01021203",8,8.694
"20135","E01021204",6,17.29
"20136","E01021205",6,15.633
"20137","E01021206",5,18.493
"20138","E01021207",5,18.855
"20139","E01021208",7,12.14
"20140","E01021209",7,11.179
"20141","E01021210",9,5.48
"20142","E01021211",6,17.351
"20143","E01021213",5,17.456
"20144","E01021214",7,12.489
"20145","E01021215",8,9.75
"20146","E01021216",5,20.732
"20147","E01021217",9,8.263
"20148","E01021218",8,8.55
"20149","E01021219",10,2.185
"20150","E01021220",7,13.977
"20151","E01021221",8,11.027
"20152","E01021222",6,15.941
"20153","E01021223",9,6.404
"20154","E01021224",4,23.203
"20155","E01021225",8,10.055
"20156","E01021226",8,9.512
"20157","E01021227",9,7.23
"20158","E01021228",10,4.775
"20159","E01021229",8,9.089
"20160","E01021230",9,7.343
"20161","E01021231",6,14.269
"20162","E01021232",8,8.924
"20163","E01021233",7,13.003
"20164","E01021234",10,4.797
"20165","E01021235",10,4.288
"20166","E01021236",6,15.655
"20167","E01021237",10,2.643
"20168","E01021238",10,4.002
"20169","E01021239",10,0.832
"20170","E01021240",8,8.404
"20171","E01021241",5,20.514
"20172","E01021242",9,5.693
"20173","E01021243",10,2.293
"20174","E01021244",10,2.668
"20175","E01021245",3,30.453
"20176","E01021246",10,3.692
"20177","E01021247",10,3.521
"20178","E01021248",10,4.742
"20179","E01021249",10,2.868
"20180","E01021250",10,2.292
"20181","E01021251",10,2.272
"20182","E01021252",9,5.883
"20183","E01021253",10,1.581
"20184","E01021254",9,6.164
"20185","E01021255",10,4.708
"20186","E01021256",10,2.325
"20187","E01021257",9,7.42
"20188","E01021258",5,18.167
"20189","E01021259",8,10.428
"20190","E01021260",3,32.693
"20191","E01021261",6,14.485
"20192","E01021262",5,20.916
"20193","E01021263",6,16.292
"20194","E01021264",7,11.569
"20195","E01021265",4,24.088
"20196","E01021266",3,28.018
"20197","E01021267",3,28.129
"20198","E01021268",2,37.608
"20199","E01021269",4,22.037
"20200","E01021270",3,32.006
"20201","E01021271",1,60.689
"20202","E01021272",4,26.586
"20203","E01021273",3,30.605
"20204","E01021274",4,25.976
"20205","E01021275",7,13.954
"20206","E01021276",4,21.735
"20207","E01021277",4,24.922
"20208","E01021279",2,34.362
"20209","E01021280",9,5.88
"20210","E01021281",9,6.405
"20211","E01021282",9,7.493
"20212","E01021283",2,34.512
"20213","E01021284",10,5.136
"20214","E01021285",10,5.278
"20215","E01021286",2,36.655
"20216","E01021287",5,19.05
"20217","E01021288",1,46.373
"20218","E01021289",3,31.849
"20219","E01021290",1,47.585
"20220","E01021291",4,26.17
"20221","E01021292",3,32.316
"20222","E01021293",3,27.275
"20223","E01021294",8,9.417
"20224","E01021295",4,25.997
"20225","E01021297",6,15.074
"20226","E01021298",5,17.646
"20227","E01021299",8,9.009
"20228","E01021300",2,35.462
"20229","E01021301",2,42.879
"20230","E01021302",1,58.423
"20231","E01021303",3,30.705
"20232","E01021304",1,51.883
"20233","E01021305",2,43.373
"20234","E01021306",1,49.336
"20235","E01021307",3,30.079
"20236","E01021308",6,15.934
"20237","E01021309",4,24.35
"20238","E01021310",4,23.748
"20239","E01021311",2,41.179
"20240","E01021312",2,40.194
"20241","E01021313",6,15.048
"20242","E01021314",2,39.74
"20243","E01021315",2,41.119
"20244","E01021316",2,42.273
"20245","E01021317",2,41.462
"20246","E01021318",2,42.559
"20247","E01021319",3,27.72
"20248","E01021320",2,37.123
"20249","E01021321",3,29.845
"20250","E01021322",2,43.141
"20251","E01021323",1,48.089
"20252","E01021324",1,48.45
"20253","E01021325",1,52.076
"20254","E01021326",3,30.456
"20255","E01021327",2,41.122
"20256","E01021328",3,31.568
"20257","E01021329",5,18.115
"20258","E01021330",8,10.24
"20259","E01021331",6,16.476
"20260","E01021332",9,5.742
"20261","E01021333",9,6.591
"20262","E01021334",8,10.599
"20263","E01021335",9,7.223
"20264","E01021336",8,9.489
"20265","E01021337",9,7.07
"20266","E01021338",6,15.346
"20267","E01021339",3,27.032
"20268","E01021340",9,8.372
"20269","E01021341",9,7.701
"20270","E01021342",3,26.914
"20271","E01021343",6,15.655
"20272","E01021344",5,20.999
"20273","E01021345",9,5.973
"20274","E01021346",10,5.069
"20275","E01021347",7,11.276
"20276","E01021348",6,16.627
"20277","E01021349",7,11.679
"20278","E01021350",8,9.897
"20279","E01021351",9,5.683
"20280","E01021352",8,8.972
"20281","E01021353",6,15.991
"20282","E01021354",2,35.858
"20283","E01021355",5,17.646
"20284","E01021356",6,17.44
"20285","E01021357",5,20.124
"20286","E01021358",4,25.454
"20287","E01021359",3,29.922
"20288","E01021360",4,25.453
"20289","E01021361",7,13.754
"20290","E01021362",6,14.271
"20291","E01021364",8,8.547
"20292","E01021365",4,23.875
"20293","E01021366",10,4.042
"20294","E01021367",3,27.387
"20295","E01021368",4,23.198
"20296","E01021369",7,13.63
"20297","E01021370",2,34.987
"20298","E01021371",9,7.872
"20299","E01021372",7,13.532
"20300","E01021374",3,28.235
"20301","E01021375",6,15.624
"20302","E01021376",9,8.321
"20303","E01021377",6,15.526
"20304","E01021378",4,23.068
"20305","E01021379",9,7.687
"20306","E01021380",4,21.61
"20307","E01021381",8,11.101
"20308","E01021382",9,7.967
"20309","E01021383",8,8.577
"20310","E01021384",10,5.378
"20311","E01021385",7,11.508
"20312","E01021386",10,4.388
"20313","E01021387",4,22.693
"20314","E01021388",5,18.792
"20315","E01021389",8,8.923
"20316","E01021390",9,6.393
"20317","E01021391",2,33.571
"20318","E01021392",5,18.358
"20319","E01021393",5,20.641
"20320","E01021394",5,20.203
"20321","E01021395",8,9.497
"20322","E01021396",7,11.921
"20323","E01021397",7,12.383
"20324","E01021398",6,17.296
"20325","E01021399",5,19.289
"20326","E01021400",6,14.352
"20327","E01021401",4,23.093
"20328","E01021402",8,8.454
"20329","E01021403",10,5.305
"20330","E01021404",6,14.766
"20331","E01021405",8,9.912
"20332","E01021406",6,16.454
"20333","E01021407",7,12.91
"20334","E01021408",7,11.484
"20335","E01021409",8,8.657
"20336","E01021410",4,23.928
"20337","E01021411",6,16.423
"20338","E01021412",6,16.633
"20339","E01021413",5,19.214
"20340","E01021414",4,23.395
"20341","E01021415",4,22.392
"20342","E01021416",7,13.698
"20343","E01021417",5,18.569
"20344","E01021418",2,34.527
"20345","E01021419",5,19.738
"20346","E01021420",5,20.768
"20347","E01021422",4,21.572
"20348","E01021423",3,28.222
"20349","E01021424",7,11.36
"20350","E01021425",3,29.163
"20351","E01021426",4,24.473
"20352","E01021427",3,28.068
"20353","E01021428",9,6.945
"20354","E01021429",4,22.724
"20355","E01021430",5,18.996
"20356","E01021431",9,5.516
"20357","E01021432",5,21.228
"20358","E01021433",7,13.681
"20359","E01021434",8,10.365
"20360","E01021435",6,14.277
"20361","E01021437",4,26.272
"20362","E01021438",10,3.404
"20363","E01021441",8,10.342
"20364","E01021442",10,4.326
"20365","E01021443",4,22.977
"20366","E01021444",6,16.652
"20367","E01021445",9,7.04
"20368","E01021446",7,11.679
"20369","E01021447",10,1.797
"20370","E01021448",5,18.227
"20371","E01021449",6,14.938
"20372","E01021450",10,4.016
"20373","E01021451",3,28.488
"20374","E01021452",10,4.542
"20375","E01021453",10,4.184
"20376","E01021454",9,6.536
"20377","E01021455",10,1.285
"20378","E01021456",10,4.461
"20379","E01021457",7,13.897
"20380","E01021458",9,7.9
"20381","E01021459",10,2.09
"20382","E01021460",6,14.866
"20383","E01021461",3,28.997
"20384","E01021462",9,8.376
"20385","E01021463",7,13.388
"20386","E01021464",6,14.519
"20387","E01021465",10,4.901
"20388","E01021466",10,0.924
"20389","E01021467",10,2.716
"20390","E01021468",8,10.85
"20391","E01021469",7,12.03
"20392","E01021470",7,13.789
"20393","E01021471",9,6.527
"20394","E01021472",6,15.039
"20395","E01021473",6,15.202
"20396","E01021474",10,2.37
"20397","E01021475",9,6.019
"20398","E01021476",6,15.148
"20399","E01021477",8,8.464
"20400","E01021478",9,7.753
"20401","E01021479",9,7.307
"20402","E01021480",9,6.839
"20403","E01021481",9,5.707
"20404","E01021482",7,11.906
"20405","E01021483",9,5.708
"20406","E01021484",5,17.956
"20407","E01021485",2,41.882
"20408","E01021486",2,40.856
"20409","E01021487",5,19.631
"20410","E01021488",2,35.35
"20411","E01021489",5,19.479
"20412","E01021490",2,35.173
"20413","E01021491",5,19.175
"20414","E01021492",4,25.433
"20415","E01021493",5,17.867
"20416","E01021494",5,20.442
"20417","E01021495",4,23.74
"20418","E01021496",4,24.18
"20419","E01021497",5,19.945
"20420","E01021498",3,31.037
"20421","E01021499",5,17.66
"20422","E01021500",2,35.807
"20423","E01021501",4,22.588
"20424","E01021502",6,15.864
"20425","E01021503",3,27.754
"20426","E01021504",4,21.868
"20427","E01021505",6,15.391
"20428","E01021506",3,27.483
"20429","E01021507",1,51.94
"20430","E01021508",4,26.248
"20431","E01021509",6,14.211
"20432","E01021510",7,11.841
"20433","E01021511",8,8.379
"20434","E01021512",8,8.977
"20435","E01021513",8,10.476
"20436","E01021514",7,11.539
"20437","E01021515",7,12.79
"20438","E01021516",8,9.356
"20439","E01021517",9,6.954
"20440","E01021518",5,20.711
"20441","E01021519",9,6.447
"20442","E01021520",7,14.072
"20443","E01021521",7,12.494
"20444","E01021522",4,21.757
"20445","E01021523",8,9.161
"20446","E01021524",7,11.206
"20447","E01021525",5,18.147
"20448","E01021526",9,6.746
"20449","E01021527",8,8.495
"20450","E01021528",8,11.092
"20451","E01021529",3,27.021
"20452","E01021530",8,9.096
"20453","E01021531",8,10.968
"20454","E01021532",8,8.893
"20455","E01021533",7,12.101
"20456","E01021535",5,18.337
"20457","E01021536",4,22.931
"20458","E01021537",8,10.663
"20459","E01021538",6,14.809
"20460","E01021539",5,19.304
"20461","E01021540",5,18.126
"20462","E01021542",7,11.421
"20463","E01021543",9,5.693
"20464","E01021544",7,13.699
"20465","E01021545",10,4.747
"20466","E01021546",8,9.335
"20467","E01021547",9,7.107
"20468","E01021548",9,5.898
"20469","E01021550",6,15.628
"20470","E01021551",5,18.601
"20471","E01021552",8,9.206
"20472","E01021553",6,16.124
"20473","E01021554",3,28.589
"20474","E01021555",9,5.727
"20475","E01021556",9,6.644
"20476","E01021557",10,3.352
"20477","E01021558",10,5.245
"20478","E01021559",10,3.476
"20479","E01021560",10,5.39
"20480","E01021561",10,5.347
"20481","E01021562",6,15.893
"20482","E01021563",3,30.503
"20483","E01021564",9,5.848
"20484","E01021565",2,35.303
"20485","E01021566",9,6.204
"20486","E01021568",8,10.064
"20487","E01021569",10,5.391
"20488","E01021570",9,6.618
"20489","E01021571",8,10.613
"20490","E01021572",4,24.441
"20491","E01021573",7,13.685
"20492","E01021575",5,17.952
"20493","E01021576",2,41.053
"20494","E01021577",9,7.586
"20495","E01021578",7,11.75
"20496","E01021579",9,7.207
"20497","E01021580",10,2.245
"20498","E01021582",9,7.983
"20499","E01021583",8,8.763
"20500","E01021584",10,3.395
"20501","E01021585",10,3.34
"20502","E01021586",10,3.096
"20503","E01021587",10,3.584
"20504","E01021588",3,32.53
"20505","E01021589",7,14.028
"20506","E01021590",10,2.167
"20507","E01021591",10,3.673
"20508","E01021592",3,33.187
"20509","E01021593",9,7.705
"20510","E01021595",6,15.242
"20511","E01021596",2,37.586
"20512","E01021597",5,20.205
"20513","E01021598",3,27.119
"20514","E01021599",9,7.582
"20515","E01021600",10,2.256
"20516","E01021601",2,34.506
"20517","E01021602",5,21.263
"20518","E01021604",8,9.581
"20519","E01021605",9,6.313
"20520","E01021606",6,16.993
"20521","E01021607",7,12.58
"20522","E01021608",6,14.918
"20523","E01021609",9,5.764
"20524","E01021610",7,11.853
"20525","E01021611",9,6.958
"20526","E01021612",9,6.512
"20527","E01021613",6,15.92
"20528","E01021614",8,8.872
"20529","E01021615",8,8.642
"20530","E01021617",5,17.819
"20531","E01021618",9,5.557
"20532","E01021619",9,5.929
"20533","E01021620",7,11.198
"20534","E01021621",7,12.299
"20535","E01021622",10,4.59
"20536","E01021623",9,5.85
"20537","E01021624",10,2.124
"20538","E01021625",10,5.397
"20539","E01021626",10,2.858
"20540","E01021627",6,16.328
"20541","E01021628",8,10.081
"20542","E01021629",5,18.371
"20543","E01021631",3,29.499
"20544","E01021632",9,7.335
"20545","E01021633",10,5.228
"20546","E01021634",8,9.069
"20547","E01021635",6,14.674
"20548","E01021636",3,27.091
"20549","E01021637",4,22.917
"20550","E01021638",3,27.168
"20551","E01021639",4,24.043
"20552","E01021640",4,22.68
"20553","E01021641",4,25.744
"20554","E01021642",4,25.482
"20555","E01021643",8,9.08
"20556","E01021644",5,20.59
"20557","E01021645",9,7.188
"20558","E01021646",8,10.923
"20559","E01021647",6,15.175
"20560","E01021648",4,25.447
"20561","E01021650",5,18.654
"20562","E01021651",6,14.92
"20563","E01021652",9,5.92
"20564","E01021653",10,3.589
"20565","E01021655",7,12.064
"20566","E01021656",7,12.657
"20567","E01021657",7,12.986
"20568","E01021658",3,28.077
"20569","E01021659",7,14.125
"20570","E01021660",7,12.178
"20571","E01021661",8,10.272
"20572","E01021662",7,11.899
"20573","E01021663",6,16.643
"20574","E01021664",6,17.325
"20575","E01021665",2,42.429
"20576","E01021666",5,18.173
"20577","E01021667",2,35.485
"20578","E01021668",6,17.313
"20579","E01021669",3,30.204
"20580","E01021670",4,23.041
"20581","E01021671",8,8.609
"20582","E01021673",10,3.667
"20583","E01021674",4,26.032
"20584","E01021675",9,8.178
"20585","E01021676",9,7.642
"20586","E01021677",8,10.479
"20587","E01021678",4,21.993
"20588","E01021683",4,23.479
"20589","E01021684",5,18.591
"20590","E01021687",4,24.342
"20591","E01021688",6,14.939
"20592","E01021689",5,17.918
"20593","E01021690",9,7.917
"20594","E01021691",9,7.456
"20595","E01021692",10,4.609
"20596","E01021693",10,4.546
"20597","E01021694",6,17.283
"20598","E01021695",8,10.795
"20599","E01021696",1,60.425
"20600","E01021697",2,35.859
"20601","E01021698",4,25.793
"20602","E01021699",2,43.577
"20603","E01021700",1,56.947
"20604","E01021702",6,16.547
"20605","E01021703",2,43.66
"20606","E01021704",3,26.954
"20607","E01021705",6,15.204
"20608","E01021706",4,23.668
"20609","E01021707",4,22.759
"20610","E01021708",8,10.69
"20611","E01021709",8,9.232
"20612","E01021710",9,6.592
"20613","E01021711",2,34.209
"20614","E01021713",3,29.359
"20615","E01021714",6,16.598
"20616","E01021715",6,17.355
"20617","E01021717",8,8.771
"20618","E01021718",6,14.224
"20619","E01021719",8,9.807
"20620","E01021720",5,19.881
"20621","E01021721",8,9.237
"20622","E01021722",7,11.626
"20623","E01021723",7,12.946
"20624","E01021724",7,11.226
"20625","E01021725",8,10.355
"20626","E01021726",3,31.267
"20627","E01021727",8,10.164
"20628","E01021728",10,4.049
"20629","E01021729",6,14.232
"20630","E01021730",7,13.083
"20631","E01021731",8,9.765
"20632","E01021732",4,22.122
"20633","E01021733",6,15.159
"20634","E01021734",9,8.366
"20635","E01021735",8,9.896
"20636","E01021736",9,6.281
"20637","E01021737",7,13.404
"20638","E01021738",9,7.268
"20639","E01021739",10,5.318
"20640","E01021740",7,11.527
"20641","E01021741",5,17.853
"20642","E01021742",6,15.194
"20643","E01021743",7,11.604
"20644","E01021744",8,9.828
"20645","E01021745",10,5.219
"20646","E01021746",10,4.924
"20647","E01021747",10,3.64
"20648","E01021748",9,6.802
"20649","E01021749",7,13.08
"20650","E01021750",9,7.532
"20651","E01021751",10,3.449
"20652","E01021752",8,8.777
"20653","E01021753",5,18.748
"20654","E01021754",10,4.8
"20655","E01021755",9,7.915
"20656","E01021756",9,6.295
"20657","E01021757",9,5.815
"20658","E01021758",6,16.607
"20659","E01021759",8,10.669
"20660","E01021760",9,7.795
"20661","E01021761",7,12.826
"20662","E01021762",6,16.959
"20663","E01021763",8,10.239
"20664","E01021764",3,32.324
"20665","E01021765",7,12.293
"20666","E01021766",9,7.778
"20667","E01021767",9,6.207
"20668","E01021768",6,15.739
"20669","E01021769",5,17.869
"20670","E01021770",5,17.945
"20671","E01021771",3,28.504
"20672","E01021772",7,12.231
"20673","E01021773",6,15.766
"20674","E01021774",5,18.929
"20675","E01021775",5,19.452
"20676","E01021776",3,26.628
"20677","E01021777",6,16.728
"20678","E01021778",6,14.194
"20679","E01021779",4,23.716
"20680","E01021780",10,2.259
"20681","E01021781",9,5.539
"20682","E01021782",10,5.028
"20683","E01021783",9,5.569
"20684","E01021784",9,5.512
"20685","E01021785",6,17.283
"20686","E01021786",10,5.37
"20687","E01021787",9,6.063
"20688","E01021788",9,6.167
"20689","E01021789",10,3.335
"20690","E01021790",6,16.532
"20691","E01021791",8,9.364
"20692","E01021792",7,11.496
"20693","E01021793",9,7.715
"20694","E01021794",5,18.438
"20695","E01021795",10,4.65
"20696","E01021796",5,19.665
"20697","E01021797",7,11.455
"20698","E01021798",8,9.564
"20699","E01021799",4,22.405
"20700","E01021800",4,22.807
"20701","E01021801",6,16.31
"20702","E01021802",5,20.88
"20703","E01021803",8,9.255
"20704","E01021804",9,7.285
"20705","E01021805",10,1.942
"20706","E01021806",4,25.585
"20707","E01021807",6,14.22
"20708","E01021808",4,25.5
"20709","E01021809",5,20.195
"20710","E01021810",6,15.938
"20711","E01021811",4,23.623
"20712","E01021812",4,25.028
"20713","E01021813",8,10.032
"20714","E01021814",6,17.032
"20715","E01021815",4,22.74
"20716","E01021816",3,32.309
"20717","E01021817",5,20.102
"20718","E01021818",4,25.593
"20719","E01021819",5,21.022
"20720","E01021820",5,20.948
"20721","E01021821",3,30.888
"20722","E01021822",5,19.592
"20723","E01021823",2,33.561
"20724","E01021824",9,6.276
"20725","E01021825",9,7.016
"20726","E01021826",9,6.446
"20727","E01021827",6,15.056
"20728","E01021828",9,6.436
"20729","E01021829",4,22.119
"20730","E01021830",8,8.544
"20731","E01021831",4,22.46
"20732","E01021832",6,15.233
"20733","E01021833",5,21.499
"20734","E01021834",4,25.47
"20735","E01021835",5,20.714
"20736","E01021836",3,30.428
"20737","E01021837",5,20.645
"20738","E01021838",6,17.312
"20739","E01021839",5,20.959
"20740","E01021840",3,30.026
"20741","E01021841",5,20.756
"20742","E01021842",4,25.202
"20743","E01021843",5,19.865
"20744","E01021844",4,24.787
"20745","E01021845",3,28.367
"20746","E01021846",2,37.648
"20747","E01021847",5,21.487
"20748","E01021848",3,29.051
"20749","E01021849",4,25.544
"20750","E01021850",3,28.48
"20751","E01021851",3,29.628
"20752","E01021852",4,24.895
"20753","E01021853",5,17.951
"20754","E01021854",5,17.767
"20755","E01021855",6,16.281
"20756","E01021856",6,14.813
"20757","E01021858",4,24.644
"20758","E01021859",3,32.374
"20759","E01021860",3,33.154
"20760","E01021861",5,20.191
"20761","E01021862",4,25.302
"20762","E01021863",4,24.64
"20763","E01021864",3,33.115
"20764","E01021865",4,24.993
"20765","E01021866",4,23.055
"20766","E01021867",8,9.712
"20767","E01021868",4,23.828
"20768","E01021869",5,19.116
"20769","E01021870",4,23.756
"20770","E01021871",3,33.285
"20771","E01021873",6,14.435
"20772","E01021874",4,21.617
"20773","E01021875",6,16.236
"20774","E01021878",8,9.404
"20775","E01021879",6,15.907
"20776","E01021880",5,20.64
"20777","E01021881",7,11.847
"20778","E01021882",7,12.367
"20779","E01021883",8,8.562
"20780","E01021884",6,16.198
"20781","E01021885",9,8.262
"20782","E01021886",8,9.651
"20783","E01021887",9,8.066
"20784","E01021888",3,27.649
"20785","E01021889",4,23.366
"20786","E01021890",4,22.635
"20787","E01021891",8,11.119
"20788","E01021892",3,27.079
"20789","E01021893",10,4.163
"20790","E01021894",5,20.801
"20791","E01021895",6,14.421
"20792","E01021896",8,8.454
"20793","E01021897",9,7.051
"20794","E01021898",7,13.578
"20795","E01021899",7,13.121
"20796","E01021900",5,18.166
"20797","E01021901",4,22.881
"20798","E01021902",8,10.522
"20799","E01021903",6,14.905
"20800","E01021904",6,16.754
"20801","E01021905",4,24.879
"20802","E01021906",5,20.049
"20803","E01021907",3,26.616
"20804","E01021908",6,17.283
"20805","E01021909",5,19.535
"20806","E01021910",4,22.897
"20807","E01021911",8,10.793
"20808","E01021912",9,7.386
"20809","E01021913",6,16.342
"20810","E01021914",8,10.136
"20811","E01021915",4,24.281
"20812","E01021916",6,15.93
"20813","E01021917",5,17.898
"20814","E01021918",10,4.635
"20815","E01021919",10,5.24
"20816","E01021920",6,14.688
"20817","E01021921",5,21.159
"20818","E01021922",4,24.769
"20819","E01021923",7,12.328
"20820","E01021924",7,11.894
"20821","E01021925",9,7.576
"20822","E01021926",9,6.833
"20823","E01021927",9,5.935
"20824","E01021928",7,12.188
"20825","E01021929",9,5.819
"20826","E01021930",6,14.766
"20827","E01021931",8,10.034
"20828","E01021932",7,11.258
"20829","E01021933",8,9.533
"20830","E01021934",10,5.252
"20831","E01021935",10,4.725
"20832","E01021936",8,9.104
"20833","E01021937",9,7.081
"20834","E01021938",10,4.958
"20835","E01021939",10,4.053
"20836","E01021940",10,5.286
"20837","E01021941",10,4.332
"20838","E01021942",4,23.033
"20839","E01021943",8,9.103
"20840","E01021944",9,8.084
"20841","E01021945",9,8.225
"20842","E01021946",10,4.004
"20843","E01021947",9,8.083
"20844","E01021948",9,7.825
"20845","E01021949",9,5.472
"20846","E01021950",7,12.252
"20847","E01021951",9,5.66
"20848","E01021952",8,10.906
"20849","E01021953",1,46.124
"20850","E01021954",6,17.244
"20851","E01021955",2,33.587
"20852","E01021956",4,24.278
"20853","E01021957",4,23.939
"20854","E01021958",10,4.217
"20855","E01021959",8,8.897
"20856","E01021960",10,3.216
"20857","E01021961",10,3.927
"20858","E01021962",4,23.064
"20859","E01021963",10,3.477
"20860","E01021964",9,7.305
"20861","E01021965",10,4.066
"20862","E01021966",7,12.624
"20863","E01021967",7,12.96
"20864","E01021968",1,52.854
"20865","E01021969",2,43.091
"20866","E01021970",1,68.528
"20867","E01021971",8,8.879
"20868","E01021972",5,17.742
"20869","E01021973",7,12.632
"20870","E01021974",3,29.554
"20871","E01021975",2,33.965
"20872","E01021976",4,23.178
"20873","E01021977",2,34.729
"20874","E01021978",7,13.827
"20875","E01021979",4,22.288
"20876","E01021980",6,16.6
"20877","E01021981",6,15.926
"20878","E01021982",4,25.37
"20879","E01021983",7,13.706
"20880","E01021984",4,24.076
"20881","E01021985",6,15.148
"20882","E01021986",5,18.536
"20883","E01021987",6,15.195
"20884","E01021988",1,94.223
"20885","E01021989",2,35.588
"20886","E01021990",1,60.512
"20887","E01021991",4,22.994
"20888","E01021992",4,25.269
"20889","E01021993",6,16.358
"20890","E01021994",5,20.632
"20891","E01021995",7,13.977
"20892","E01021996",4,23.653
"20893","E01021997",1,62.618
"20894","E01021998",1,46.882
"20895","E01021999",3,30.638
"20896","E01022000",5,20.201
"20897","E01022001",1,54.148
"20898","E01022002",4,21.981
"20899","E01022004",4,26.008
"20900","E01022005",7,12.754
"20901","E01022006",1,45.363
"20902","E01022007",2,39.072
"20903","E01022008",5,20.249
"20904","E01022009",5,20.865
"20905","E01022010",5,19.856
"20906","E01022011",4,26.003
"20907","E01022012",4,23.309
"20908","E01022013",9,7.309
"20909","E01022014",5,18.773
"20910","E01022015",8,10.348
"20911","E01022016",3,26.718
"20912","E01022017",5,20.943
"20913","E01022018",3,29.678
"20914","E01022019",5,20.031
"20915","E01022020",6,16.439
"20916","E01022021",4,25.121
"20917","E01022022",3,26.921
"20918","E01022023",2,38.737
"20919","E01022024",3,29.595
"20920","E01022025",1,85.631
"20921","E01022026",1,72.896
"20922","E01022027",1,56.833
"20923","E01022028",4,26.336
"20924","E01022030",1,63.673
"20925","E01022031",1,81.129
"20926","E01022032",1,53.674
"20927","E01022033",4,22.893
"20928","E01022034",4,22.514
"20929","E01022035",5,19.989
"20930","E01022036",4,24.561
"20931","E01022037",3,28.355
"20932","E01022038",2,34.051
"20933","E01022039",2,44.306
"20934","E01022040",3,28.34
"20935","E01022041",4,25.793
"20936","E01022042",1,61.379
"20937","E01022043",1,56.317
"20938","E01022044",2,35.455
"20939","E01022045",1,60.737
"20940","E01022046",2,44.593
"20941","E01022047",3,26.898
"20942","E01022048",5,21.224
"20943","E01022049",3,30.48
"20944","E01022050",4,25.294
"20945","E01022051",5,17.955
"20946","E01022052",6,15.769
"20947","E01022053",6,15.525
"20948","E01022054",2,37.22
"20949","E01022055",2,39.991
"20950","E01022056",1,47.11
"20951","E01022057",8,9.817
"20952","E01022058",7,14.128
"20953","E01022059",7,12.001
"20954","E01022060",8,10.535
"20955","E01022061",8,9.247
"20956","E01022062",9,6.912
"20957","E01022063",8,10.175
"20958","E01022064",9,8.022
"20959","E01022067",7,12.257
"20960","E01022068",8,8.556
"20961","E01022069",9,5.616
"20962","E01022070",9,8.168
"20963","E01022071",7,13.206
"20964","E01022072",9,7.69
"20965","E01022073",8,9.755
"20966","E01022074",8,8.56
"20967","E01022075",10,2.163
"20968","E01022076",8,9.387
"20969","E01022077",10,5.22
"20970","E01022078",6,16.297
"20971","E01022079",10,4.848
"20972","E01022080",9,5.818
"20973","E01022081",9,7.962
"20974","E01022082",9,6.193
"20975","E01022083",9,7.732
"20976","E01022084",10,5.221
"20977","E01022085",9,7.904
"20978","E01022086",6,15.209
"20979","E01022087",8,10.243
"20980","E01022088",7,11.769
"20981","E01022089",7,12.984
"20982","E01022092",7,12.9
"20983","E01022093",6,15.458
"20984","E01022094",9,6.733
"20985","E01022095",7,14.134
"20986","E01022096",6,15.737
"20987","E01022097",7,13.795
"20988","E01022098",7,13.762
"20989","E01022099",8,9.833
"20990","E01022100",10,5.163
"20991","E01022101",9,7.567
"20992","E01022102",5,18.445
"20993","E01022104",9,6.127
"20994","E01022105",10,1.656
"20995","E01022106",10,3.124
"20996","E01022107",10,4.524
"20997","E01022108",9,7.01
"20998","E01022109",10,1.093
"20999","E01022110",8,9.494
"21000","E01022111",10,3.913
"21001","E01022112",10,1.651
"21002","E01022113",10,1.072
"21003","E01022114",10,1.771
"21004","E01022115",10,2.951
"21005","E01022116",10,5.442
"21006","E01022117",5,17.871
"21007","E01022118",10,1.699
"21008","E01022119",10,4.52
"21009","E01022120",2,38.531
"21010","E01022121",3,32.69
"21011","E01022122",2,43.45
"21012","E01022123",9,8.092
"21013","E01022124",4,22.296
"21014","E01022125",10,4.16
"21015","E01022126",6,14.502
"21016","E01022127",7,12.495
"21017","E01022128",10,1.049
"21018","E01022129",10,3.453
"21019","E01022130",10,2.617
"21020","E01022131",3,31.875
"21021","E01022132",3,30.785
"21022","E01022133",3,33.323
"21023","E01022134",4,23.149
"21024","E01022135",10,2.693
"21025","E01022136",9,6.905
"21026","E01022137",9,7.227
"21027","E01022138",10,2.855
"21028","E01022139",9,6.101
"21029","E01022140",9,7.884
"21030","E01022141",7,12.776
"21031","E01022142",6,15.66
"21032","E01022143",10,3.077
"21033","E01022144",10,5.143
"21034","E01022145",10,2.395
"21035","E01022146",10,1.909
"21036","E01022147",1,55.262
"21037","E01022148",7,13.115
"21038","E01022149",4,23.908
"21039","E01022150",5,20.377
"21040","E01022151",5,20.729
"21041","E01022152",1,50.412
"21042","E01022153",3,29.565
"21043","E01022154",5,19.496
"21044","E01022155",8,9.461
"21045","E01022156",5,17.841
"21046","E01022157",3,31.171
"21047","E01022159",4,22.495
"21048","E01022160",3,27.732
"21049","E01022161",6,14.465
"21050","E01022162",7,13.352
"21051","E01022163",8,10.076
"21052","E01022164",2,35.105
"21053","E01022165",9,7.796
"21054","E01022166",9,5.673
"21055","E01022167",10,2.059
"21056","E01022168",10,3.286
"21057","E01022169",8,10.731
"21058","E01022170",10,1.923
"21059","E01022171",10,1.587
"21060","E01022172",10,2.887
"21061","E01022173",4,21.874
"21062","E01022174",10,4.259
"21063","E01022175",6,16.481
"21064","E01022176",6,14.855
"21065","E01022177",7,11.7
"21066","E01022178",6,15.025
"21067","E01022179",7,12.899
"21068","E01022181",9,8.27
"21069","E01022182",7,12.988
"21070","E01022183",8,9.903
"21071","E01022184",8,11.099
"21072","E01022185",7,11.941
"21073","E01022186",6,17.045
"21074","E01022187",6,15.061
"21075","E01022188",5,17.664
"21076","E01022189",10,3.453
"21077","E01022190",7,11.392
"21078","E01022191",9,7.903
"21079","E01022192",4,21.788
"21080","E01022193",10,1.563
"21081","E01022194",6,14.49
"21082","E01022195",9,6.026
"21083","E01022196",10,5.206
"21084","E01022197",10,3.962
"21085","E01022198",7,13.351
"21086","E01022199",8,9.456
"21087","E01022200",3,29.679
"21088","E01022201",6,16.973
"21089","E01022202",8,8.922
"21090","E01022203",9,6.334
"21091","E01022204",8,10.007
"21092","E01022205",6,15.154
"21093","E01022207",7,13.404
"21094","E01022208",10,4.364
"21095","E01022209",8,10.909
"21096","E01022210",5,17.741
"21097","E01022211",7,12.562
"21098","E01022213",6,14.992
"21099","E01022215",5,18.326
"21100","E01022216",6,14.732
"21101","E01022217",8,9.077
"21102","E01022218",4,22.631
"21103","E01022219",10,4.88
"21104","E01022220",8,8.554
"21105","E01022221",7,13.207
"21106","E01022222",6,14.729
"21107","E01022224",8,10.457
"21108","E01022225",8,10.525
"21109","E01022226",5,17.943
"21110","E01022227",5,18.098
"21111","E01022228",3,29.315
"21112","E01022229",7,13.854
"21113","E01022230",6,15.168
"21114","E01022231",4,24.935
"21115","E01022232",6,15.873
"21116","E01022233",4,23.4
"21117","E01022234",7,13.824
"21118","E01022235",6,14.708
"21119","E01022236",5,18.721
"21120","E01022237",3,31.287
"21121","E01022238",2,38.279
"21122","E01022239",6,14.595
"21123","E01022240",4,24.65
"21124","E01022241",4,23.75
"21125","E01022242",5,21.001
"21126","E01022243",4,23.222
"21127","E01022244",5,18.961
"21128","E01022245",3,29.577
"21129","E01022246",8,8.529
"21130","E01022247",7,13.272
"21131","E01022248",6,15.767
"21132","E01022249",6,16.051
"21133","E01022250",4,21.651
"21134","E01022251",3,29.942
"21135","E01022252",6,14.855
"21136","E01022253",5,20.653
"21137","E01022254",3,31.784
"21138","E01022255",8,10.562
"21139","E01022256",3,30.412
"21140","E01022257",8,8.702
"21141","E01022258",5,20.529
"21142","E01022259",8,10.907
"21143","E01022260",4,23.712
"21144","E01022261",5,19.077
"21145","E01022262",5,18.823
"21146","E01022263",6,15.889
"21147","E01022264",6,16.132
"21148","E01022265",5,20.782
"21149","E01022266",5,19.358
"21150","E01022267",7,12.694
"21151","E01022268",4,21.97
"21152","E01022269",5,19.129
"21153","E01022270",6,17.115
"21154","E01022271",6,16.123
"21155","E01022272",4,21.546
"21156","E01022273",7,14.009
"21157","E01022274",7,13.26
"21158","E01022275",9,5.719
"21159","E01022276",10,5.08
"21160","E01022277",8,8.742
"21161","E01022278",9,5.826
"21162","E01022279",9,6.913
"21163","E01022280",8,8.732
"21164","E01022281",10,3.963
"21165","E01022282",10,3.45
"21166","E01022283",10,4.36
"21167","E01022284",2,34.212
"21168","E01022285",2,34.346
"21169","E01022286",4,25.02
"21170","E01022287",8,10.21
"21171","E01022288",2,36.604
"21172","E01022289",1,47.627
"21173","E01022290",2,37.512
"21174","E01022291",1,48.631
"21175","E01022292",2,39.824
"21176","E01022293",2,35.057
"21177","E01022294",2,37.459
"21178","E01022295",10,4.367
"21179","E01022296",6,16.049
"21180","E01022297",10,2.374
"21181","E01022298",8,9.095
"21182","E01022299",8,11.071
"21183","E01022300",8,9.427
"21184","E01022301",4,25.159
"21185","E01022302",6,14.327
"21186","E01022303",6,14.487
"21187","E01022304",10,5.106
"21188","E01022305",10,4.666
"21189","E01022306",10,3.309
"21190","E01022307",10,3.11
"21191","E01022308",10,4.416
"21192","E01022309",5,20.328
"21193","E01022310",4,22.495
"21194","E01022311",1,51.521
"21195","E01022312",5,18.847
"21196","E01022313",10,5.401
"21197","E01022314",9,5.949
"21198","E01022315",10,4.031
"21199","E01022316",10,4.2
"21200","E01022317",10,4.131
"21201","E01022318",10,2.005
"21202","E01022319",1,68.698
"21203","E01022320",3,30.904
"21204","E01022321",4,24.086
"21205","E01022322",2,40.611
"21206","E01022323",2,42.958
"21207","E01022324",2,37.898
"21208","E01022325",5,18.606
"21209","E01022326",4,23.109
"21210","E01022327",5,19.537
"21211","E01022328",2,34.064
"21212","E01022329",1,46.911
"21213","E01022330",5,18.893
"21214","E01022331",5,21.479
"21215","E01022332",2,43.836
"21216","E01022333",1,59.902
"21217","E01022334",6,14.162
"21218","E01022335",7,12.25
"21219","E01022336",8,8.829
"21220","E01022338",5,17.837
"21221","E01022339",10,3.561
"21222","E01022340",8,8.873
"21223","E01022341",6,14.495
"21224","E01022342",9,5.484
"21225","E01022343",5,17.771
"21226","E01022344",5,18.775
"21227","E01022345",6,14.801
"21228","E01022346",1,48.882
"21229","E01022350",10,5.344
"21230","E01022351",6,17.261
"21231","E01022352",8,10.491
"21232","E01022353",7,12.827
"21233","E01022354",8,9.856
"21234","E01022355",8,10.745
"21235","E01022356",7,11.369
"21236","E01022357",7,11.341
"21237","E01022358",5,21.198
"21238","E01022359",9,5.639
"21239","E01022360",10,5.134
"21240","E01022361",5,19.099
"21241","E01022362",8,9.487
"21242","E01022363",8,8.796
"21243","E01022364",3,30.499
"21244","E01022366",10,4.899
"21245","E01022367",9,6.174
"21246","E01022368",10,4.291
"21247","E01022369",8,8.663
"21248","E01022370",7,11.264
"21249","E01022371",9,8.348
"21250","E01022372",9,5.927
"21251","E01022373",6,15.256
"21252","E01022374",5,20.09
"21253","E01022375",3,33.015
"21254","E01022376",7,11.96
"21255","E01022377",6,15.819
"21256","E01022378",9,6.522
"21257","E01022379",6,15.714
"21258","E01022381",9,8.308
"21259","E01022382",10,5.201
"21260","E01022383",5,20.942
"21261","E01022384",7,11.435
"21262","E01022385",7,12.302
"21263","E01022386",8,9.3
"21264","E01022387",7,12.442
"21265","E01022388",6,16.452
"21266","E01022389",9,7.582
"21267","E01022390",7,11.928
"21268","E01022391",8,9.812
"21269","E01022392",6,15.148
"21270","E01022393",9,5.565
"21271","E01022394",7,11.343
"21272","E01022395",9,5.725
"21273","E01022396",7,11.304
"21274","E01022397",6,15.152
"21275","E01022398",7,12.824
"21276","E01022399",3,31.348
"21277","E01022400",8,10.755
"21278","E01022401",6,15.455
"21279","E01022402",6,15.166
"21280","E01022403",3,31.658
"21281","E01022404",7,11.733
"21282","E01022405",6,16.972
"21283","E01022406",8,8.435
"21284","E01022407",7,12.328
"21285","E01022408",9,7.714
"21286","E01022409",7,11.517
"21287","E01022410",6,15.45
"21288","E01022411",7,12.861
"21289","E01022413",7,13.172
"21290","E01022414",5,18.27
"21291","E01022415",9,7.831
"21292","E01022416",6,16.33
"21293","E01022417",10,5.095
"21294","E01022418",8,9.697
"21295","E01022421",4,22.273
"21296","E01022423",7,12.274
"21297","E01022424",4,24.873
"21298","E01022425",10,3.855
"21299","E01022426",10,2.345
"21300","E01022427",10,4.255
"21301","E01022428",3,28.165
"21302","E01022429",10,4.897
"21303","E01022430",10,3.947
"21304","E01022431",10,3.15
"21305","E01022432",10,4.603
"21306","E01022433",10,2.318
"21307","E01022434",10,4.56
"21308","E01022437",8,8.563
"21309","E01022438",10,1.743
"21310","E01022439",9,7.473
"21311","E01022440",5,17.556
"21312","E01022441",7,12.722
"21313","E01022442",7,13.154
"21314","E01022443",9,6.847
"21315","E01022444",6,14.81
"21316","E01022445",5,17.886
"21317","E01022447",9,6.671
"21318","E01022448",7,11.97
"21319","E01022449",7,12.995
"21320","E01022450",4,22.468
"21321","E01022451",8,10.22
"21322","E01022452",8,9.249
"21323","E01022453",9,6.209
"21324","E01022454",7,11.549
"21325","E01022455",10,3.993
"21326","E01022456",10,5.442
"21327","E01022457",3,32.475
"21328","E01022458",1,45.09
"21329","E01022459",4,25.81
"21330","E01022460",8,10.875
"21331","E01022461",10,3.174
"21332","E01022462",7,12.268
"21333","E01022463",7,11.705
"21334","E01022464",6,17.164
"21335","E01022465",9,6.935
"21336","E01022466",9,6.926
"21337","E01022467",10,4.124
"21338","E01022468",8,10.362
"21339","E01022469",9,7.88
"21340","E01022470",10,1.93
"21341","E01022471",10,3.448
"21342","E01022472",8,10.588
"21343","E01022473",9,7.586
"21344","E01022474",4,26.193
"21345","E01022475",9,7.596
"21346","E01022476",10,4.683
"21347","E01022477",8,10.759
"21348","E01022478",4,24.292
"21349","E01022479",4,25.161
"21350","E01022480",5,18.605
"21351","E01022481",7,11.413
"21352","E01022482",4,23.955
"21353","E01022484",3,33.08
"21354","E01022485",3,32.775
"21355","E01022486",6,17.393
"21356","E01022487",2,33.71
"21357","E01022488",4,24.305
"21358","E01022489",8,11.015
"21359","E01022490",8,9.238
"21360","E01022491",6,16.829
"21361","E01022492",8,10.005
"21362","E01022493",8,10.054
"21363","E01022494",9,7.767
"21364","E01022495",10,4.294
"21365","E01022497",10,4.799
"21366","E01022498",10,4.249
"21367","E01022499",9,5.875
"21368","E01022500",7,11.705
"21369","E01022502",7,12.135
"21370","E01022503",6,14.412
"21371","E01022504",10,3.153
"21372","E01022505",10,5.015
"21373","E01022506",7,11.375
"21374","E01022507",6,16.915
"21375","E01022509",10,2.719
"21376","E01022510",10,2.709
"21377","E01022511",10,1.573
"21378","E01022512",10,2.076
"21379","E01022513",7,13.202
"21380","E01022514",6,14.632
"21381","E01022515",9,5.536
"21382","E01022516",10,3.097
"21383","E01022517",10,3.261
"21384","E01022518",10,2.814
"21385","E01022519",10,3.281
"21386","E01022520",5,19.685
"21387","E01022521",9,5.843
"21388","E01022522",8,10.595
"21389","E01022523",4,26.239
"21390","E01022524",3,28.408
"21391","E01022525",8,8.825
"21392","E01022527",4,23.674
"21393","E01022528",10,3.333
"21394","E01022529",7,12.554
"21395","E01022530",10,3.909
"21396","E01022531",8,8.852
"21397","E01022532",8,11.082
"21398","E01022533",8,10.704
"21399","E01022534",9,7.148
"21400","E01022535",9,8.286
"21401","E01022536",8,10.697
"21402","E01022537",10,3.018
"21403","E01022539",4,22.04
"21404","E01022540",4,21.892
"21405","E01022542",4,22.193
"21406","E01022543",5,20.81
"21407","E01022547",9,6.928
"21408","E01022548",5,20.593
"21409","E01022549",3,31.016
"21410","E01022550",2,34.7
"21411","E01022551",5,19.727
"21412","E01022552",4,25.441
"21413","E01022553",9,6.125
"21414","E01022554",9,6.549
"21415","E01022555",8,10.39
"21416","E01022556",4,24.25
"21417","E01022557",8,8.482
"21418","E01022558",7,11.152
"21419","E01022559",9,6.486
"21420","E01022560",8,8.696
"21421","E01022561",6,16.053
"21422","E01022562",8,10.693
"21423","E01022563",10,5.299
"21424","E01022564",8,8.435
"21425","E01022565",8,9.493
"21426","E01022566",8,10.414
"21427","E01022567",4,25.832
"21428","E01022568",4,26.018
"21429","E01022569",8,9.803
"21430","E01022570",9,5.88
"21431","E01022571",10,2.67
"21432","E01022572",10,4.336
"21433","E01022573",10,4.557
"21434","E01022574",7,13.615
"21435","E01022575",3,32.227
"21436","E01022576",4,25.013
"21437","E01022577",9,6.785
"21438","E01022579",5,19.141
"21439","E01022580",10,5.197
"21440","E01022581",8,9.388
"21441","E01022582",8,8.709
"21442","E01022583",9,6.784
"21443","E01022584",6,16.022
"21444","E01022585",10,4.782
"21445","E01022586",9,7.334
"21446","E01022587",9,8.179
"21447","E01022588",9,7.276
"21448","E01022589",8,10.329
"21449","E01022590",10,4.771
"21450","E01022591",8,9.397
"21451","E01022592",6,16.544
"21452","E01022593",10,4.206
"21453","E01022594",9,8.176
"21454","E01022595",9,5.723
"21455","E01022596",9,5.547
"21456","E01022597",7,12.757
"21457","E01022599",9,8.212
"21458","E01022600",10,5.127
"21459","E01022601",8,8.885
"21460","E01022602",9,6.216
"21461","E01022603",4,25.225
"21462","E01022604",8,10.447
"21463","E01022605",10,4.286
"21464","E01022606",10,4.848
"21465","E01022607",8,9.55
"21466","E01022608",10,2.923
"21467","E01022610",9,7.261
"21468","E01022611",9,6.204
"21469","E01022613",9,7.099
"21470","E01022614",5,17.858
"21471","E01022615",8,10.431
"21472","E01022616",4,22.409
"21473","E01022617",8,8.63
"21474","E01022618",9,6.429
"21475","E01022619",10,2.812
"21476","E01022620",8,9.538
"21477","E01022621",4,24.675
"21478","E01022622",9,8.063
"21479","E01022623",8,8.625
"21480","E01022624",10,1.29
"21481","E01022625",10,4.322
"21482","E01022627",7,12.514
"21483","E01022628",7,11.265
"21484","E01022629",9,6.017
"21485","E01022630",7,13.277
"21486","E01022631",7,13.663
"21487","E01022632",9,6.368
"21488","E01022633",9,8.357
"21489","E01022634",6,16.698
"21490","E01022635",4,26.566
"21491","E01022636",7,11.423
"21492","E01022639",6,14.682
"21493","E01022640",7,13.413
"21494","E01022641",7,12.472
"21495","E01022642",9,7.712
"21496","E01022643",8,9.627
"21497","E01022644",9,6.624
"21498","E01022645",10,3.751
"21499","E01022646",9,8.237
"21500","E01022647",10,4.946
"21501","E01022648",7,13.342
"21502","E01022649",3,30.273
"21503","E01022650",7,12.796
"21504","E01022651",9,6.593
"21505","E01022652",7,13.555
"21506","E01022654",9,7.744
"21507","E01022655",2,41.121
"21508","E01022656",6,14.162
"21509","E01022657",6,14.917
"21510","E01022658",9,5.815
"21511","E01022659",9,6.66
"21512","E01022660",9,7.837
"21513","E01022661",10,2.824
"21514","E01022662",10,3.104
"21515","E01022663",10,1.942
"21516","E01022664",10,1.707
"21517","E01022665",8,8.946
"21518","E01022666",5,20.134
"21519","E01022667",7,11.806
"21520","E01022669",6,15.842
"21521","E01022670",3,32.087
"21522","E01022671",4,23.655
"21523","E01022672",6,14.918
"21524","E01022673",6,15.806
"21525","E01022674",8,10.785
"21526","E01022675",10,3.349
"21527","E01022676",9,6.665
"21528","E01022678",5,17.465
"21529","E01022679",6,16.475
"21530","E01022680",3,30.633
"21531","E01022681",3,29.735
"21532","E01022682",9,6.234
"21533","E01022683",8,9.627
"21534","E01022684",10,4.596
"21535","E01022685",8,10.611
"21536","E01022686",9,6.568
"21537","E01022687",10,4.914
"21538","E01022688",10,4.649
"21539","E01022689",9,7.509
"21540","E01022690",6,16.447
"21541","E01022691",10,3.469
"21542","E01022693",10,2.801
"21543","E01022694",10,4.459
"21544","E01022695",8,10.308
"21545","E01022696",10,3.55
"21546","E01022697",10,4.76
"21547","E01022698",10,5.268
"21548","E01022699",9,7.6
"21549","E01022700",7,13.916
"21550","E01022701",6,15.042
"21551","E01022702",10,4.933
"21552","E01022703",8,9.568
"21553","E01022704",10,2.096
"21554","E01022705",10,1.486
"21555","E01022706",10,1.64
"21556","E01022707",10,1.646
"21557","E01022708",10,3.422
"21558","E01022709",10,1.598
"21559","E01022710",6,14.618
"21560","E01022711",4,24.663
"21561","E01022712",9,6.832
"21562","E01022713",6,14.635
"21563","E01022714",10,4.614
"21564","E01022715",7,12.422
"21565","E01022716",6,14.183
"21566","E01022717",10,4.21
"21567","E01022718",9,7.421
"21568","E01022719",9,6.38
"21569","E01022720",10,2.201
"21570","E01022721",10,5.262
"21571","E01022722",7,11.498
"21572","E01022723",5,19.578
"21573","E01022724",8,9.575
"21574","E01022725",10,3.309
"21575","E01022726",10,2.526
"21576","E01022727",10,5.054
"21577","E01022728",5,18.053
"21578","E01022729",9,6.62
"21579","E01022730",9,5.916
"21580","E01022731",9,5.474
"21581","E01022732",2,34.514
"21582","E01022733",7,13.425
"21583","E01022734",4,23.967
"21584","E01022735",8,10.374
"21585","E01022736",6,14.543
"21586","E01022737",6,14.509
"21587","E01022738",3,27.993
"21588","E01022739",2,36.59
"21589","E01022740",10,3.316
"21590","E01022741",10,2.542
"21591","E01022742",10,3.891
"21592","E01022743",10,4.513
"21593","E01022744",10,1.99
"21594","E01022745",10,2.636
"21595","E01022746",10,3.047
"21596","E01022747",10,4.062
"21597","E01022748",10,4.239
"21598","E01022749",10,2.187
"21599","E01022750",10,2.759
"21600","E01022751",10,3.561
"21601","E01022752",10,1.298
"21602","E01022753",9,7.408
"21603","E01022754",7,11.312
"21604","E01022755",8,8.907
"21605","E01022756",10,3.324
"21606","E01022757",9,5.835
"21607","E01022758",8,10.536
"21608","E01022759",9,5.661
"21609","E01022760",8,10.473
"21610","E01022761",6,14.866
"21611","E01022762",9,8.351
"21612","E01022763",10,3.049
"21613","E01022764",7,11.597
"21614","E01022765",9,7.153
"21615","E01022766",10,2.827
"21616","E01022767",10,4.448
"21617","E01022768",7,11.996
"21618","E01022769",9,7.741
"21619","E01022770",10,4.303
"21620","E01022771",10,2.073
"21621","E01022772",10,3.06
"21622","E01022773",10,4.112
"21623","E01022774",10,5.092
"21624","E01022776",10,2.513
"21625","E01022777",7,13.047
"21626","E01022778",9,7.174
"21627","E01022780",8,10.142
"21628","E01022781",5,19.459
"21629","E01022782",9,8.064
"21630","E01022783",10,3.52
"21631","E01022784",10,2.579
"21632","E01022785",10,3.641
"21633","E01022786",7,12.092
"21634","E01022787",8,9.983
"21635","E01022788",8,8.727
"21636","E01022789",10,5.103
"21637","E01022790",10,2.808
"21638","E01022791",10,4.693
"21639","E01022792",8,10.308
"21640","E01022793",10,2.818
"21641","E01022794",9,7.644
"21642","E01022795",7,12.562
"21643","E01022796",9,7.331
"21644","E01022797",6,14.877
"21645","E01022798",8,10.037
"21646","E01022799",8,11.058
"21647","E01022800",3,27.171
"21648","E01022801",2,33.794
"21649","E01022802",5,17.641
"21650","E01022803",2,34.946
"21651","E01022804",4,26.197
"21652","E01022805",4,22.275
"21653","E01022806",4,21.733
"21654","E01022807",2,37.483
"21655","E01022810",3,27.545
"21656","E01022812",7,13
"21657","E01022813",7,12.732
"21658","E01022814",4,22.791
"21659","E01022815",6,14.382
"21660","E01022816",5,21.395
"21661","E01022817",3,30.277
"21662","E01022818",1,48.49
"21663","E01022819",2,42.898
"21664","E01022820",2,41.997
"21665","E01022823",7,12.196
"21666","E01022825",6,14.376
"21667","E01022826",9,7.234
"21668","E01022828",7,14.038
"21669","E01022829",8,9.545
"21670","E01022830",9,8.037
"21671","E01022831",6,15.807
"21672","E01022832",5,19.951
"21673","E01022833",1,52.528
"21674","E01022834",4,22.046
"21675","E01022835",4,22.43
"21676","E01022836",9,7.694
"21677","E01022837",9,6.663
"21678","E01022838",10,5.299
"21679","E01022839",2,36.475
"21680","E01022840",2,34.269
"21681","E01022841",2,36.117
"21682","E01022842",4,21.923
"21683","E01022843",1,53.768
"21684","E01022845",4,24.399
"21685","E01022846",9,7.166
"21686","E01022847",9,7.714
"21687","E01022848",9,7.215
"21688","E01022849",10,4.302
"21689","E01022850",10,3.969
"21690","E01022851",10,1.938
"21691","E01022852",10,4.053
"21692","E01022853",10,2.999
"21693","E01022854",10,1.826
"21694","E01022855",7,11.263
"21695","E01022856",8,9.398
"21696","E01022858",6,16.174
"21697","E01022859",9,7.241
"21698","E01022860",10,3.033
"21699","E01022861",10,0.869
"21700","E01022862",8,8.517
"21701","E01022863",10,0.98
"21702","E01022864",8,10.591
"21703","E01022865",10,1.092
"21704","E01022867",10,4.96
"21705","E01022868",10,1.341
"21706","E01022869",10,2.732
"21707","E01022870",10,2.691
"21708","E01022871",8,9.7
"21709","E01022872",10,3.939
"21710","E01022874",9,6.2
"21711","E01022875",7,13.335
"21712","E01022876",10,3.824
"21713","E01022877",10,3.916
"21714","E01022878",10,2.866
"21715","E01022879",7,11.853
"21716","E01022880",7,14.054
"21717","E01022881",9,7.348
"21718","E01022882",9,7.232
"21719","E01022883",10,2.129
"21720","E01022884",10,4.283
"21721","E01022885",10,2.667
"21722","E01022887",9,8.073
"21723","E01022888",9,5.65
"21724","E01022889",6,14.303
"21725","E01022890",6,16.929
"21726","E01022891",10,3.95
"21727","E01022892",10,3.268
"21728","E01022893",10,5.3
"21729","E01022894",9,6.256
"21730","E01022895",10,2.132
"21731","E01022896",10,2.553
"21732","E01022897",10,2.62
"21733","E01022898",10,1.778
"21734","E01022899",3,26.782
"21735","E01022900",2,38.511
"21736","E01022901",3,33.369
"21737","E01022902",3,29.509
"21738","E01022903",1,47.22
"21739","E01022904",3,31.704
"21740","E01022905",1,61.178
"21741","E01022906",2,40.47
"21742","E01022907",6,14.943
"21743","E01022908",3,27.28
"21744","E01022909",8,9.643
"21745","E01022910",5,21.474
"21746","E01022911",6,15.175
"21747","E01022913",1,44.972
"21748","E01022914",2,38.323
"21749","E01022915",1,57.268
"21750","E01022916",4,26.264
"21751","E01022917",1,46.666
"21752","E01022918",7,11.49
"21753","E01022919",7,14.005
"21754","E01022920",9,5.843
"21755","E01022921",10,3.031
"21756","E01022922",9,6.65
"21757","E01022924",8,9.976
"21758","E01022925",7,11.778
"21759","E01022926",9,7.636
"21760","E01022927",6,16.241
"21761","E01022928",10,3.313
"21762","E01022929",7,12.142
"21763","E01022930",8,8.63
"21764","E01022931",9,5.652
"21765","E01022933",1,57.537
"21766","E01022934",2,41.561
"21767","E01022935",7,11.425
"21768","E01022936",4,26.176
"21769","E01022937",5,21.207
"21770","E01022938",7,13.219
"21771","E01022939",6,16.697
"21772","E01022940",6,15.082
"21773","E01022941",6,14.637
"21774","E01022942",2,43.297
"21775","E01022943",10,4.32
"21776","E01022944",8,9.126
"21777","E01022945",7,12.238
"21778","E01022946",6,14.311
"21779","E01022947",9,5.754
"21780","E01022948",9,8.369
"21781","E01022949",2,42.191
"21782","E01022950",9,5.982
"21783","E01022951",9,6.071
"21784","E01022952",9,7.589
"21785","E01022954",10,4.818
"21786","E01022955",9,8.067
"21787","E01022956",6,16.554
"21788","E01022957",5,21.195
"21789","E01022958",8,9.828
"21790","E01022959",3,29.501
"21791","E01022960",5,20.451
"21792","E01022961",6,15.977
"21793","E01022962",8,10.653
"21794","E01022963",7,11.928
"21795","E01022964",2,35.883
"21796","E01022965",2,35.608
"21797","E01022966",2,42.773
"21798","E01022967",1,67.6
"21799","E01022968",1,46.147
"21800","E01022969",1,46.799
"21801","E01022970",2,44.41
"21802","E01022971",10,4.502
"21803","E01022972",10,5.041
"21804","E01022973",4,24.547
"21805","E01022974",10,4.486
"21806","E01022975",7,11.272
"21807","E01022976",4,26.284
"21808","E01022977",10,5.154
"21809","E01022978",9,7.092
"21810","E01022979",7,12.843
"21811","E01022980",7,13.684
"21812","E01022981",10,3.376
"21813","E01022982",9,6.169
"21814","E01022983",9,6.078
"21815","E01022984",8,9.573
"21816","E01022985",9,7.665
"21817","E01022986",9,7.452
"21818","E01022987",10,3.84
"21819","E01022988",3,26.909
"21820","E01022989",8,9.003
"21821","E01022990",8,9.619
"21822","E01022991",9,7.925
"21823","E01022992",8,9.776
"21824","E01022993",5,20.295
"21825","E01022994",9,7.128
"21826","E01022995",9,7.661
"21827","E01022996",5,19.764
"21828","E01022997",7,12.784
"21829","E01022998",9,5.825
"21830","E01022999",5,20.467
"21831","E01023000",9,7.978
"21832","E01023001",8,8.893
"21833","E01023002",7,13.979
"21834","E01023003",9,6.68
"21835","E01023004",8,9.519
"21836","E01023005",10,2.627
"21837","E01023006",1,47.516
"21838","E01023007",6,15.589
"21839","E01023008",7,12.597
"21840","E01023009",10,4.305
"21841","E01023010",4,23.234
"21842","E01023011",5,17.973
"21843","E01023012",8,10.683
"21844","E01023013",7,13.917
"21845","E01023014",7,12.086
"21846","E01023015",6,16.715
"21847","E01023016",9,6.083
"21848","E01023017",5,18.097
"21849","E01023018",3,33.192
"21850","E01023019",5,20.137
"21851","E01023020",9,6.094
"21852","E01023021",10,5.053
"21853","E01023022",5,21.195
"21854","E01023023",6,16.635
"21855","E01023024",10,5.362
"21856","E01023025",7,12.367
"21857","E01023026",6,15.087
"21858","E01023027",6,17.13
"21859","E01023028",5,18.117
"21860","E01023029",1,47.576
"21861","E01023030",7,13.725
"21862","E01023031",6,14.866
"21863","E01023032",6,15.289
"21864","E01023033",4,26.458
"21865","E01023034",7,12.058
"21866","E01023035",9,7.876
"21867","E01023036",9,6.23
"21868","E01023037",3,28.282
"21869","E01023038",10,3.259
"21870","E01023039",7,12.423
"21871","E01023040",10,4.799
"21872","E01023041",10,5.277
"21873","E01023042",6,16.429
"21874","E01023043",10,4.489
"21875","E01023044",10,2.426
"21876","E01023045",9,6.42
"21877","E01023046",6,14.488
"21878","E01023047",9,6.862
"21879","E01023048",8,8.642
"21880","E01023049",8,9.685
"21881","E01023050",7,11.288
"21882","E01023051",8,8.395
"21883","E01023052",10,4.591
"21884","E01023053",10,4.836
"21885","E01023054",7,12.252
"21886","E01023055",3,32.92
"21887","E01023056",7,11.892
"21888","E01023057",6,14.7
"21889","E01023058",2,33.661
"21890","E01023059",9,6.863
"21891","E01023060",9,5.646
"21892","E01023061",5,20.543
"21893","E01023062",9,5.791
"21894","E01023063",7,13.879
"21895","E01023064",8,9.218
"21896","E01023065",6,17.421
"21897","E01023066",9,7.459
"21898","E01023067",10,5.034
"21899","E01023068",5,21.355
"21900","E01023069",8,9.097
"21901","E01023070",6,17.395
"21902","E01023071",7,13.156
"21903","E01023072",9,6.108
"21904","E01023073",10,3.666
"21905","E01023074",7,12.042
"21906","E01023075",6,14.62
"21907","E01023076",9,5.542
"21908","E01023077",3,27.932
"21909","E01023078",8,10.042
"21910","E01023079",6,16.453
"21911","E01023080",6,14.557
"21912","E01023081",7,13.875
"21913","E01023082",5,17.615
"21914","E01023083",3,28.304
"21915","E01023084",9,6.825
"21916","E01023085",4,25.164
"21917","E01023086",6,14.474
"21918","E01023087",10,5.077
"21919","E01023088",3,26.643
"21920","E01023089",8,8.938
"21921","E01023090",8,10.285
"21922","E01023091",3,31.046
"21923","E01023092",10,3.324
"21924","E01023093",10,2.779
"21925","E01023094",8,9.164
"21926","E01023095",6,16.986
"21927","E01023096",9,7.489
"21928","E01023097",10,2.718
"21929","E01023098",7,12.851
"21930","E01023099",4,22.804
"21931","E01023100",6,15.407
"21932","E01023101",9,5.687
"21933","E01023102",10,5.245
"21934","E01023103",9,7.797
"21935","E01023104",5,18.878
"21936","E01023105",4,24.915
"21937","E01023106",3,30.763
"21938","E01023107",3,31.256
"21939","E01023108",2,35.348
"21940","E01023109",7,11.217
"21941","E01023110",5,19.48
"21942","E01023111",10,3.884
"21943","E01023112",10,4.594
"21944","E01023113",8,9.82
"21945","E01023114",10,5.154
"21946","E01023115",9,7.593
"21947","E01023116",7,12.431
"21948","E01023117",10,4.257
"21949","E01023118",6,16.023
"21950","E01023119",2,41.506
"21951","E01023120",3,27.566
"21952","E01023121",5,20.007
"21953","E01023122",4,26.477
"21954","E01023123",7,11.416
"21955","E01023124",8,10.164
"21956","E01023125",7,11.87
"21957","E01023128",5,19.998
"21958","E01023129",5,18.675
"21959","E01023130",9,5.845
"21960","E01023131",8,9.989
"21961","E01023132",7,11.777
"21962","E01023133",9,5.632
"21963","E01023134",9,7.968
"21964","E01023135",7,14.092
"21965","E01023136",9,7.435
"21966","E01023137",7,12.681
"21967","E01023138",5,17.556
"21968","E01023139",6,15.255
"21969","E01023140",6,14.385
"21970","E01023141",7,12.125
"21971","E01023144",4,22.127
"21972","E01023145",3,28.263
"21973","E01023146",4,25.541
"21974","E01023147",8,9.082
"21975","E01023148",9,6.845
"21976","E01023149",9,8.196
"21977","E01023150",8,10.275
"21978","E01023151",5,21.088
"21979","E01023152",9,8.196
"21980","E01023153",3,26.828
"21981","E01023154",2,37.461
"21982","E01023156",2,41.881
"21983","E01023157",3,31.314
"21984","E01023158",9,7.099
"21985","E01023159",7,13.991
"21986","E01023160",9,5.817
"21987","E01023162",7,13
"21988","E01023163",9,7.368
"21989","E01023164",7,11.313
"21990","E01023165",6,15.219
"21991","E01023166",6,15.208
"21992","E01023167",6,15.529
"21993","E01023168",7,12.011
"21994","E01023169",10,4.432
"21995","E01023170",9,7.785
"21996","E01023171",8,8.892
"21997","E01023172",10,3.751
"21998","E01023173",10,1.812
"21999","E01023174",9,6.053
"22000","E01023175",10,0.766
"22001","E01023176",7,11.363
"22002","E01023177",5,17.791
"22003","E01023178",6,14.862
"22004","E01023179",6,17.146
"22005","E01023180",10,5.431
"22006","E01023181",10,4.879
"22007","E01023182",9,7.184
"22008","E01023183",6,16.958
"22009","E01023184",7,11.583
"22010","E01023185",6,17.315
"22011","E01023186",9,7.726
"22012","E01023187",9,6.445
"22013","E01023188",10,2.49
"22014","E01023189",10,3.331
"22015","E01023190",9,7.749
"22016","E01023191",9,7.544
"22017","E01023192",4,22.562
"22018","E01023193",9,7.981
"22019","E01023194",10,4.096
"22020","E01023195",8,8.959
"22021","E01023196",7,13
"22022","E01023197",6,14.786
"22023","E01023198",6,14.361
"22024","E01023200",10,2.993
"22025","E01023202",3,31.419
"22026","E01023203",8,10.6
"22027","E01023204",4,23.739
"22028","E01023205",3,32.008
"22029","E01023206",6,14.332
"22030","E01023207",10,2.024
"22031","E01023208",6,17.086
"22032","E01023209",10,2.543
"22033","E01023210",10,2.292
"22034","E01023211",10,4.87
"22035","E01023212",10,1.327
"22036","E01023213",10,2.81
"22037","E01023214",10,1.472
"22038","E01023215",8,9.164
"22039","E01023216",5,20.356
"22040","E01023217",9,5.629
"22041","E01023218",10,2.23
"22042","E01023219",5,17.496
"22043","E01023220",9,6.995
"22044","E01023221",7,14.098
"22045","E01023222",10,5.373
"22046","E01023223",6,14.95
"22047","E01023225",7,13.281
"22048","E01023226",10,4.731
"22049","E01023227",8,9.561
"22050","E01023228",9,5.855
"22051","E01023229",9,7.591
"22052","E01023230",10,3.467
"22053","E01023231",9,7.587
"22054","E01023232",8,10.834
"22055","E01023233",9,8.085
"22056","E01023234",6,16.176
"22057","E01023235",6,15.962
"22058","E01023236",7,11.37
"22059","E01023237",5,19.778
"22060","E01023238",10,5.08
"22061","E01023239",10,4.204
"22062","E01023240",10,3.862
"22063","E01023241",10,3.889
"22064","E01023242",10,0.895
"22065","E01023243",10,4.607
"22066","E01023244",10,1.856
"22067","E01023245",8,10.769
"22068","E01023246",7,14.039
"22069","E01023247",10,2.474
"22070","E01023248",10,0.649
"22071","E01023249",9,8.221
"22072","E01023250",6,14.474
"22073","E01023251",5,20.798
"22074","E01023252",6,14.825
"22075","E01023253",9,7.324
"22076","E01023254",8,8.993
"22077","E01023255",7,13.637
"22078","E01023256",3,31.611
"22079","E01023257",7,12.878
"22080","E01023258",6,16.908
"22081","E01023259",9,6.759
"22082","E01023260",2,36.434
"22083","E01023261",4,25.495
"22084","E01023262",5,21.055
"22085","E01023263",10,4.542
"22086","E01023264",8,10.245
"22087","E01023265",9,7.31
"22088","E01023266",10,4.8
"22089","E01023267",9,7.85
"22090","E01023268",10,3.274
"22091","E01023269",10,0.796
"22092","E01023270",7,13.086
"22093","E01023271",6,15.46
"22094","E01023272",10,5.227
"22095","E01023273",10,5.044
"22096","E01023274",8,10.711
"22097","E01023275",8,8.839
"22098","E01023276",9,5.71
"22099","E01023277",7,13.061
"22100","E01023278",10,5.063
"22101","E01023279",10,3.154
"22102","E01023280",8,9.489
"22103","E01023281",7,12.409
"22104","E01023282",7,13.067
"22105","E01023285",4,21.785
"22106","E01023286",6,15.462
"22107","E01023287",10,4.284
"22108","E01023288",4,22.164
"22109","E01023289",10,1.907
"22110","E01023290",10,3.83
"22111","E01023291",10,3.637
"22112","E01023292",9,7.293
"22113","E01023293",6,16.192
"22114","E01023294",3,29.076
"22115","E01023295",5,19.733
"22116","E01023296",4,21.76
"22117","E01023297",8,9.664
"22118","E01023298",7,12.2
"22119","E01023299",6,15.15
"22120","E01023300",3,28.405
"22121","E01023301",4,25.713
"22122","E01023302",3,29.088
"22123","E01023303",4,26.343
"22124","E01023304",5,20.221
"22125","E01023305",6,15.464
"22126","E01023306",7,13.11
"22127","E01023307",8,10.192
"22128","E01023308",9,7.413
"22129","E01023309",9,6.091
"22130","E01023310",3,27.323
"22131","E01023311",7,12.694
"22132","E01023312",8,9.488
"22133","E01023313",10,4.517
"22134","E01023314",6,15.869
"22135","E01023315",9,6.796
"22136","E01023316",9,5.623
"22137","E01023317",7,12.517
"22138","E01023318",9,7.722
"22139","E01023319",9,6.15
"22140","E01023320",5,19.658
"22141","E01023321",9,7.01
"22142","E01023322",5,18.732
"22143","E01023323",3,32.453
"22144","E01023324",5,20.529
"22145","E01023325",5,18.832
"22146","E01023326",3,27.185
"22147","E01023327",6,16.531
"22148","E01023328",6,15.068
"22149","E01023329",7,13.67
"22150","E01023330",4,24.197
"22151","E01023331",5,19.134
"22152","E01023332",5,19.001
"22153","E01023333",4,25.375
"22154","E01023334",7,12.205
"22155","E01023335",8,11.093
"22156","E01023336",3,26.617
"22157","E01023337",3,29.083
"22158","E01023339",3,29.901
"22159","E01023340",4,23.301
"22160","E01023341",6,15.046
"22161","E01023343",2,34.355
"22162","E01023344",6,14.786
"22163","E01023345",6,15.188
"22164","E01023346",4,25.235
"22165","E01023347",8,9.901
"22166","E01023348",3,33.36
"22167","E01023349",4,24.105
"22168","E01023350",5,18.399
"22169","E01023351",7,12.371
"22170","E01023352",8,10.163
"22171","E01023354",10,4.798
"22172","E01023355",9,6.101
"22173","E01023356",6,16.6
"22174","E01023357",3,26.933
"22175","E01023358",4,26.301
"22176","E01023359",5,18.141
"22177","E01023360",8,10.662
"22178","E01023361",9,7.464
"22179","E01023362",10,1.704
"22180","E01023363",10,2.363
"22181","E01023364",10,0.786
"22182","E01023365",8,10.734
"22183","E01023366",6,14.717
"22184","E01023367",10,1.314
"22185","E01023368",10,3.447
"22186","E01023369",4,22.518
"22187","E01023370",9,6.996
"22188","E01023371",10,4.678
"22189","E01023372",10,1.179
"22190","E01023373",9,7.348
"22191","E01023374",9,7.939
"22192","E01023375",8,10.631
"22193","E01023376",7,11.237
"22194","E01023377",9,7.795
"22195","E01023378",9,5.565
"22196","E01023379",10,5.119
"22197","E01023380",10,3.936
"22198","E01023381",10,0.682
"22199","E01023382",8,11.012
"22200","E01023383",7,12.104
"22201","E01023384",5,20.438
"22202","E01023385",7,13.191
"22203","E01023386",5,17.882
"22204","E01023387",4,22.861
"22205","E01023388",6,14.907
"22206","E01023389",9,5.714
"22207","E01023390",5,20.456
"22208","E01023391",7,12.509
"22209","E01023392",4,21.726
"22210","E01023393",3,29.924
"22211","E01023394",6,16.389
"22212","E01023395",4,25.296
"22213","E01023396",6,16.1
"22214","E01023397",2,33.849
"22215","E01023399",5,21.395
"22216","E01023400",5,21.126
"22217","E01023401",3,26.933
"22218","E01023402",5,20.622
"22219","E01023403",4,25.449
"22220","E01023404",2,43.674
"22221","E01023405",2,34.479
"22222","E01023406",8,10.086
"22223","E01023407",9,6.323
"22224","E01023408",10,3.032
"22225","E01023409",6,15.875
"22226","E01023410",10,2.706
"22227","E01023411",6,16.098
"22228","E01023412",10,0.935
"22229","E01023413",6,15.179
"22230","E01023414",7,11.974
"22231","E01023415",9,8.118
"22232","E01023416",9,5.627
"22233","E01023417",8,9.769
"22234","E01023418",4,23.881
"22235","E01023419",8,8.959
"22236","E01023420",10,3.783
"22237","E01023421",10,2.99
"22238","E01023422",10,1.745
"22239","E01023423",9,5.512
"22240","E01023424",7,11.766
"22241","E01023425",10,1.961
"22242","E01023426",8,8.771
"22243","E01023427",5,20.051
"22244","E01023428",8,8.8
"22245","E01023429",5,21.189
"22246","E01023430",8,10.484
"22247","E01023431",6,16.87
"22248","E01023432",8,9.217
"22249","E01023433",6,16.645
"22250","E01023434",6,17.026
"22251","E01023435",6,17.368
"22252","E01023436",9,7.319
"22253","E01023437",2,37.683
"22254","E01023438",9,7.283
"22255","E01023439",8,9.305
"22256","E01023440",10,2.028
"22257","E01023441",9,6.447
"22258","E01023442",9,7.125
"22259","E01023443",10,4.48
"22260","E01023444",10,4.389
"22261","E01023445",7,11.958
"22262","E01023447",3,28.062
"22263","E01023448",10,4.543
"22264","E01023449",10,4.524
"22265","E01023451",10,2.423
"22266","E01023452",10,1.887
"22267","E01023453",10,4.033
"22268","E01023454",10,5.187
"22269","E01023455",10,2.429
"22270","E01023456",10,2.821
"22271","E01023457",10,3.361
"22272","E01023458",9,5.813
"22273","E01023459",10,2.363
"22274","E01023460",10,4.383
"22275","E01023461",10,2.16
"22276","E01023462",5,19.587
"22277","E01023463",7,11.699
"22278","E01023465",7,12.188
"22279","E01023466",6,14.883
"22280","E01023467",8,9.283
"22281","E01023468",10,4.704
"22282","E01023469",7,14.012
"22283","E01023470",9,8.098
"22284","E01023471",10,4.232
"22285","E01023472",6,17.048
"22286","E01023473",10,2.893
"22287","E01023474",10,3.681
"22288","E01023475",5,20.451
"22289","E01023476",10,2.505
"22290","E01023477",10,4.943
"22291","E01023479",9,6.688
"22292","E01023480",7,13.88
"22293","E01023481",8,9.061
"22294","E01023482",10,2.518
"22295","E01023483",10,5.329
"22296","E01023484",6,15.127
"22297","E01023485",6,14.586
"22298","E01023486",7,12.332
"22299","E01023487",3,29.273
"22300","E01023488",4,24.686
"22301","E01023489",9,7.462
"22302","E01023490",9,7.262
"22303","E01023491",6,17.268
"22304","E01023492",8,8.838
"22305","E01023493",6,14.501
"22306","E01023494",5,19.189
"22307","E01023495",5,19.192
"22308","E01023496",5,19.201
"22309","E01023497",8,10.147
"22310","E01023499",5,18.454
"22311","E01023500",10,4.472
"22312","E01023501",9,5.97
"22313","E01023502",10,5.334
"22314","E01023503",10,2.225
"22315","E01023504",5,19.789
"22316","E01023505",9,7.728
"22317","E01023506",6,14.557
"22318","E01023507",7,12.393
"22319","E01023509",6,14.334
"22320","E01023510",10,4.414
"22321","E01023511",8,9.847
"22322","E01023512",9,6.489
"22323","E01023513",7,14.087
"22324","E01023514",7,12.022
"22325","E01023515",10,3.554
"22326","E01023516",10,2.74
"22327","E01023517",8,10.496
"22328","E01023518",5,19.73
"22329","E01023519",6,14.385
"22330","E01023520",10,3.58
"22331","E01023523",10,2.742
"22332","E01023524",10,1.331
"22333","E01023525",8,8.486
"22334","E01023526",10,2.62
"22335","E01023527",5,18.498
"22336","E01023528",8,9.561
"22337","E01023529",5,20.802
"22338","E01023530",2,34.623
"22339","E01023531",5,18.763
"22340","E01023532",7,12.694
"22341","E01023533",5,20.334
"22342","E01023534",4,24.281
"22343","E01023535",5,20.578
"22344","E01023536",1,49.035
"22345","E01023537",7,13.123
"22346","E01023538",3,30.306
"22347","E01023540",8,10.957
"22348","E01023541",7,12.564
"22349","E01023542",6,16.145
"22350","E01023543",3,27.238
"22351","E01023544",8,11.007
"22352","E01023545",6,14.647
"22353","E01023546",4,22.692
"22354","E01023547",4,25.29
"22355","E01023548",9,7.057
"22356","E01023549",9,6.385
"22357","E01023550",10,2.274
"22358","E01023551",10,2.463
"22359","E01023552",7,11.269
"22360","E01023553",9,7.929
"22361","E01023554",6,15.812
"22362","E01023555",3,26.652
"22363","E01023556",7,11.778
"22364","E01023557",9,5.667
"22365","E01023558",9,5.904
"22366","E01023559",9,5.938
"22367","E01023560",5,20.21
"22368","E01023561",7,14.102
"22369","E01023562",10,3.796
"22370","E01023563",9,6.62
"22371","E01023564",5,20.156
"22372","E01023565",9,7.188
"22373","E01023566",10,1.991
"22374","E01023567",10,3.556
"22375","E01023568",10,4.624
"22376","E01023569",9,7.723
"22377","E01023570",5,19.134
"22378","E01023571",8,8.958
"22379","E01023572",5,17.896
"22380","E01023573",3,32.582
"22381","E01023574",3,29.009
"22382","E01023575",5,18.473
"22383","E01023576",9,8.312
"22384","E01023577",9,7.848
"22385","E01023578",10,2.41
"22386","E01023579",6,14.198
"22387","E01023580",8,9.265
"22388","E01023581",10,3.708
"22389","E01023582",5,18.789
"22390","E01023583",5,20.819
"22391","E01023584",4,25.368
"22392","E01023585",7,13.893
"22393","E01023586",8,8.885
"22394","E01023587",10,2.973
"22395","E01023588",10,1.374
"22396","E01023589",8,9.847
"22397","E01023590",9,8.065
"22398","E01023591",10,3.579
"22399","E01023592",5,20.795
"22400","E01023593",5,20.521
"22401","E01023594",7,12.465
"22402","E01023595",8,9.038
"22403","E01023596",7,11.974
"22404","E01023597",7,11.787
"22405","E01023598",6,15.434
"22406","E01023600",6,14.525
"22407","E01023601",8,10.002
"22408","E01023602",7,11.786
"22409","E01023603",10,3.776
"22410","E01023604",10,4.007
"22411","E01023605",7,13.097
"22412","E01023606",7,13.586
"22413","E01023607",10,1.217
"22414","E01023608",10,0.601
"22415","E01023609",10,4.163
"22416","E01023610",10,1.365
"22417","E01023611",5,20.692
"22418","E01023612",9,6.146
"22419","E01023613",3,32.283
"22420","E01023614",10,1.37
"22421","E01023615",10,3.423
"22422","E01023616",9,6.852
"22423","E01023617",10,2.697
"22424","E01023618",8,10.212
"22425","E01023619",10,4.796
"22426","E01023620",5,20.753
"22427","E01023621",7,11.431
"22428","E01023622",7,12.874
"22429","E01023623",6,16.178
"22430","E01023624",6,16.087
"22431","E01023625",8,10.061
"22432","E01023626",9,7.306
"22433","E01023627",9,7.258
"22434","E01023628",10,5.362
"22435","E01023629",7,11.172
"22436","E01023630",5,19.369
"22437","E01023631",4,25.75
"22438","E01023632",6,15.101
"22439","E01023633",5,19.798
"22440","E01023634",10,5.006
"22441","E01023635",6,15.106
"22442","E01023636",8,10.875
"22443","E01023637",3,27.625
"22444","E01023638",5,18.602
"22445","E01023639",9,5.644
"22446","E01023640",2,37.982
"22447","E01023641",3,32.067
"22448","E01023642",10,1.552
"22449","E01023643",4,24.031
"22450","E01023644",9,6.899
"22451","E01023645",6,14.316
"22452","E01023646",3,28.078
"22453","E01023647",10,1.71
"22454","E01023648",10,2.621
"22455","E01023649",8,9.357
"22456","E01023650",3,26.613
"22457","E01023651",7,11.706
"22458","E01023652",4,26.524
"22459","E01023653",8,9.385
"22460","E01023654",10,2.886
"22461","E01023655",9,7.387
"22462","E01023656",9,7.207
"22463","E01023657",10,1.876
"22464","E01023658",8,11.081
"22465","E01023659",10,1.576
"22466","E01023660",8,8.604
"22467","E01023661",5,21.192
"22468","E01023662",8,9.68
"22469","E01023663",6,15.347
"22470","E01023664",9,5.501
"22471","E01023665",10,4.711
"22472","E01023666",7,11.872
"22473","E01023667",10,2.695
"22474","E01023668",10,1.06
"22475","E01023669",4,25.23
"22476","E01023670",9,6.272
"22477","E01023671",6,17.174
"22478","E01023672",8,10.112
"22479","E01023673",10,2.194
"22480","E01023674",9,7.84
"22481","E01023675",10,3.096
"22482","E01023676",8,9.319
"22483","E01023677",4,22.166
"22484","E01023678",9,6.211
"22485","E01023680",9,7.57
"22486","E01023681",3,28.253
"22487","E01023682",8,9.626
"22488","E01023683",6,15.859
"22489","E01023684",10,3.082
"22490","E01023685",10,1.891
"22491","E01023686",10,0.19
"22492","E01023687",5,20.226
"22493","E01023688",10,4.816
"22494","E01023689",10,1.956
"22495","E01023690",10,1.168
"22496","E01023691",10,0.396
"22497","E01023692",8,10.056
"22498","E01023693",10,3.309
"22499","E01023694",10,0.803
"22500","E01023695",10,0.825
"22501","E01023696",10,1.55
"22502","E01023697",9,5.732
"22503","E01023698",10,0.938
"22504","E01023699",10,1.756
"22505","E01023700",10,0.165
"22506","E01023701",9,6.542
"22507","E01023702",10,2.286
"22508","E01023703",10,1.425
"22509","E01023704",7,13.423
"22510","E01023705",4,24.28
"22511","E01023706",8,10.15
"22512","E01023708",7,12.863
"22513","E01023709",9,7.56
"22514","E01023710",10,0.328
"22515","E01023711",10,2.828
"22516","E01023712",8,8.975
"22517","E01023713",9,6.725
"22518","E01023714",10,1.157
"22519","E01023715",10,1.872
"22520","E01023716",10,3.822
"22521","E01023717",8,11.02
"22522","E01023718",9,5.506
"22523","E01023719",6,14.952
"22524","E01023720",4,22.905
"22525","E01023721",10,3.313
"22526","E01023722",6,15.594
"22527","E01023723",5,20.818
"22528","E01023724",9,5.686
"22529","E01023725",10,3.946
"22530","E01023726",9,5.975
"22531","E01023727",6,14.828
"22532","E01023728",8,9.404
"22533","E01023730",10,1.641
"22534","E01023731",9,6.112
"22535","E01023732",7,11.893
"22536","E01023733",10,4.733
"22537","E01023734",10,1.34
"22538","E01023735",10,4.246
"22539","E01023736",7,12.442
"22540","E01023737",4,25.666
"22541","E01023738",4,24.75
"22542","E01023739",7,12.966
"22543","E01023740",9,7.266
"22544","E01023741",10,3.024
"22545","E01023742",10,2.289
"22546","E01023743",10,4.139
"22547","E01023744",10,1.76
"22548","E01023745",9,5.978
"22549","E01023746",5,19.007
"22550","E01023747",9,5.607
"22551","E01023748",10,4.951
"22552","E01023749",10,2.627
"22553","E01023750",2,36.098
"22554","E01023751",5,18.135
"22555","E01023752",5,17.472
"22556","E01023753",9,7.636
"22557","E01023754",7,11.155
"22558","E01023755",5,19.543
"22559","E01023756",3,27.921
"22560","E01023757",4,24.815
"22561","E01023759",5,20.767
"22562","E01023760",7,12.763
"22563","E01023761",5,18.671
"22564","E01023762",6,15.337
"22565","E01023763",7,11.225
"22566","E01023764",6,15.569
"22567","E01023765",6,16.454
"22568","E01023766",4,22.536
"22569","E01023767",10,4.884
"22570","E01023769",6,17.212
"22571","E01023770",10,4.38
"22572","E01023771",7,12.751
"22573","E01023772",5,21.07
"22574","E01023773",4,26.518
"22575","E01023774",3,28.672
"22576","E01023775",4,21.703
"22577","E01023776",7,14.003
"22578","E01023777",7,12.062
"22579","E01023778",4,26.359
"22580","E01023779",5,21.031
"22581","E01023780",4,22.365
"22582","E01023781",4,26.424
"22583","E01023782",5,19.656
"22584","E01023783",4,23.69
"22585","E01023784",5,17.944
"22586","E01023785",4,25.771
"22587","E01023786",5,18.068
"22588","E01023787",5,17.723
"22589","E01023788",4,22.942
"22590","E01023790",4,24.122
"22591","E01023791",6,16.278
"22592","E01023792",5,19.059
"22593","E01023793",3,27.434
"22594","E01023794",4,25.691
"22595","E01023795",7,13.001
"22596","E01023796",4,24.099
"22597","E01023797",4,24.726
"22598","E01023798",6,16.549
"22599","E01023799",8,8.481
"22600","E01023800",6,15.293
"22601","E01023801",7,11.148
"22602","E01023802",9,6.696
"22603","E01023803",10,3.772
"22604","E01023804",7,14.01
"22605","E01023805",4,23.84
"22606","E01023806",6,15.964
"22607","E01023807",5,20.414
"22608","E01023809",8,10.853
"22609","E01023810",10,3.28
"22610","E01023811",9,6.007
"22611","E01023812",10,2.535
"22612","E01023813",10,4.403
"22613","E01023814",9,5.666
"22614","E01023815",10,3.349
"22615","E01023816",10,3.288
"22616","E01023817",10,3.597
"22617","E01023818",10,1.293
"22618","E01023819",9,5.986
"22619","E01023820",10,2.671
"22620","E01023821",10,2.362
"22621","E01023822",10,2.012
"22622","E01023823",8,8.806
"22623","E01023824",10,1.247
"22624","E01023825",10,2.357
"22625","E01023826",10,2.563
"22626","E01023827",5,18.428
"22627","E01023828",5,20.821
"22628","E01023829",5,18.915
"22629","E01023830",6,16.909
"22630","E01023831",8,9.687
"22631","E01023832",6,16.514
"22632","E01023834",8,10.942
"22633","E01023835",7,11.247
"22634","E01023836",5,18.005
"22635","E01023837",7,14.044
"22636","E01023838",3,28.164
"22637","E01023839",10,1.079
"22638","E01023840",10,1.546
"22639","E01023841",10,3.063
"22640","E01023842",4,24.015
"22641","E01023843",5,19.676
"22642","E01023844",3,32.677
"22643","E01023845",6,14.399
"22644","E01023846",10,5.083
"22645","E01023847",9,6.359
"22646","E01023848",6,14.676
"22647","E01023849",9,5.721
"22648","E01023850",6,14.176
"22649","E01023851",10,3.216
"22650","E01023852",9,5.704
"22651","E01023853",10,0.906
"22652","E01023854",8,10.665
"22653","E01023855",5,17.868
"22654","E01023856",6,14.299
"22655","E01023857",4,23.97
"22656","E01023858",6,15.25
"22657","E01023860",3,32.163
"22658","E01023862",5,18.676
"22659","E01023863",6,15.971
"22660","E01023864",5,19.718
"22661","E01023865",4,26.527
"22662","E01023866",2,34.686
"22663","E01023868",5,17.992
"22664","E01023869",6,16.769
"22665","E01023870",3,28.4
"22666","E01023871",6,14.985
"22667","E01023872",8,9.631
"22668","E01023873",4,25.447
"22669","E01023874",4,21.858
"22670","E01023875",9,7.936
"22671","E01023876",2,38.028
"22672","E01023877",5,21.195
"22673","E01023878",10,1.936
"22674","E01023880",7,13.037
"22675","E01023881",9,6.243
"22676","E01023882",10,5.053
"22677","E01023883",4,23.168
"22678","E01023884",7,13.167
"22679","E01023885",10,3.995
"22680","E01023886",8,8.379
"22681","E01023887",10,1.579
"22682","E01023888",9,8.018
"22683","E01023889",10,0.989
"22684","E01023890",8,10.997
"22685","E01023891",3,27.762
"22686","E01023892",7,13.542
"22687","E01023893",9,7.297
"22688","E01023894",10,4.801
"22689","E01023895",9,7.811
"22690","E01023896",9,6.365
"22691","E01023897",8,9.538
"22692","E01023898",10,3.357
"22693","E01023899",3,26.641
"22694","E01023900",6,16.698
"22695","E01023901",5,18.262
"22696","E01023902",7,11.331
"22697","E01023903",5,19.954
"22698","E01023904",5,20.607
"22699","E01023905",5,20.148
"22700","E01023906",3,29.763
"22701","E01023907",7,12.7
"22702","E01023908",10,3.294
"22703","E01023909",10,2.875
"22704","E01023910",9,8.326
"22705","E01023911",9,6.333
"22706","E01023912",9,7.874
"22707","E01023913",6,15.217
"22708","E01023914",4,21.783
"22709","E01023915",6,15.972
"22710","E01023916",7,11.988
"22711","E01023917",9,6.396
"22712","E01023918",6,14.273
"22713","E01023919",10,1.871
"22714","E01023920",2,35.181
"22715","E01023921",5,20.084
"22716","E01023922",5,18.169
"22717","E01023923",7,13.027
"22718","E01023924",3,27.633
"22719","E01023925",5,17.759
"22720","E01023926",10,2.766
"22721","E01023927",5,17.919
"22722","E01023929",6,16.16
"22723","E01023930",4,23.288
"22724","E01023932",5,21.338
"22725","E01023933",4,25.584
"22726","E01023934",4,21.908
"22727","E01023935",9,7.202
"22728","E01023936",5,18.839
"22729","E01023937",6,16.377
"22730","E01023938",10,4.219
"22731","E01023939",5,17.978
"22732","E01023940",7,12.907
"22733","E01023942",5,19.824
"22734","E01023943",6,16.598
"22735","E01023944",6,15.738
"22736","E01023945",6,15.314
"22737","E01023946",9,6.539
"22738","E01023947",7,12.079
"22739","E01023948",10,3.335
"22740","E01023949",10,3.191
"22741","E01023950",9,7.145
"22742","E01023951",3,32.192
"22743","E01023952",5,17.649
"22744","E01023953",10,4.549
"22745","E01023955",5,21.377
"22746","E01023956",4,21.878
"22747","E01023957",4,25.823
"22748","E01023958",2,33.743
"22749","E01023959",10,0.825
"22750","E01023960",7,11.661
"22751","E01023961",6,15.321
"22752","E01023962",9,7.454
"22753","E01023963",6,15.977
"22754","E01023965",10,2.761
"22755","E01023966",10,3.482
"22756","E01023967",9,7.761
"22757","E01023968",8,10.674
"22758","E01023969",8,9.134
"22759","E01023970",6,17.128
"22760","E01023971",10,2.193
"22761","E01023972",3,28.562
"22762","E01023973",2,35.596
"22763","E01023974",2,36.507
"22764","E01023975",3,30.377
"22765","E01023976",2,41.572
"22766","E01023977",6,14.326
"22767","E01023978",5,20.13
"22768","E01023979",5,20.856
"22769","E01023980",5,19.613
"22770","E01023981",3,29.284
"22771","E01023983",9,7.252
"22772","E01023984",2,41.38
"22773","E01023985",4,23.008
"22774","E01023986",4,23.978
"22775","E01023987",4,25.018
"22776","E01023988",5,18.648
"22777","E01023989",7,11.429
"22778","E01023990",2,33.677
"22779","E01023992",5,18.72
"22780","E01023993",8,11.049
"22781","E01023995",9,5.671
"22782","E01023996",9,6.532
"22783","E01023997",3,27.01
"22784","E01023998",4,24.081
"22785","E01023999",9,7.236
"22786","E01024001",3,30.13
"22787","E01024002",4,24.223
"22788","E01024003",7,13.513
"22789","E01024004",9,7.486
"22790","E01024005",6,17.313
"22791","E01024006",10,5.329
"22792","E01024008",10,4.659
"22793","E01024009",7,13.412
"22794","E01024010",5,18.899
"22795","E01024011",8,10.686
"22796","E01024012",7,12.285
"22797","E01024013",5,20.813
"22798","E01024014",5,18.217
"22799","E01024015",8,10.897
"22800","E01024016",6,14.56
"22801","E01024017",7,12.867
"22802","E01024019",1,45.165
"22803","E01024020",1,56.215
"22804","E01024021",3,26.848
"22805","E01024022",6,16.846
"22806","E01024023",6,16.057
"22807","E01024024",7,14.074
"22808","E01024025",4,26.543
"22809","E01024026",6,15.634
"22810","E01024028",1,48.884
"22811","E01024029",4,22.016
"22812","E01024031",4,21.901
"22813","E01024032",4,22.87
"22814","E01024033",5,18.219
"22815","E01024035",6,15.409
"22816","E01024036",5,19.551
"22817","E01024037",6,16.429
"22818","E01024038",4,23.853
"22819","E01024039",5,18.334
"22820","E01024040",5,19.762
"22821","E01024041",8,10.557
"22822","E01024042",3,27.2
"22823","E01024043",7,11.594
"22824","E01024044",7,11.464
"22825","E01024045",7,13.047
"22826","E01024046",10,5.141
"22827","E01024047",1,45.804
"22828","E01024048",3,30.585
"22829","E01024049",1,53.325
"22830","E01024052",4,25.66
"22831","E01024053",6,14.897
"22832","E01024054",5,20.81
"22833","E01024055",9,7.028
"22834","E01024056",9,6.346
"22835","E01024057",9,8.299
"22836","E01024058",8,10.539
"22837","E01024059",3,32.278
"22838","E01024060",8,10.02
"22839","E01024061",2,43.74
"22840","E01024062",7,11.889
"22841","E01024063",10,4.776
"22842","E01024064",7,11.254
"22843","E01024065",5,20.909
"22844","E01024066",2,34.676
"22845","E01024067",6,16.354
"22846","E01024068",9,5.917
"22847","E01024069",7,13.996
"22848","E01024070",5,19.049
"22849","E01024071",6,17.411
"22850","E01024072",5,18.662
"22851","E01024073",6,16.87
"22852","E01024074",8,9.553
"22853","E01024075",5,21.24
"22854","E01024076",7,12.127
"22855","E01024077",8,10.927
"22856","E01024078",2,38.666
"22857","E01024079",6,15.816
"22858","E01024080",2,42.923
"22859","E01024081",2,40.942
"22860","E01024082",4,22.079
"22861","E01024083",2,34.435
"22862","E01024084",5,20.638
"22863","E01024085",7,11.409
"22864","E01024086",4,26.291
"22865","E01024087",5,18.968
"22866","E01024088",7,13.137
"22867","E01024089",8,10.515
"22868","E01024090",2,39.232
"22869","E01024091",1,53.373
"22870","E01024092",2,38.111
"22871","E01024093",2,37.559
"22872","E01024094",6,15.638
"22873","E01024095",5,18.6
"22874","E01024096",7,13.134
"22875","E01024097",8,10.861
"22876","E01024098",9,8.265
"22877","E01024099",2,44.131
"22878","E01024100",6,17.065
"22879","E01024101",4,24.851
"22880","E01024102",8,9.102
"22881","E01024103",2,35.821
"22882","E01024104",9,7.004
"22883","E01024105",8,11.069
"22884","E01024106",9,7.486
"22885","E01024107",9,6.164
"22886","E01024108",2,43.517
"22887","E01024109",7,13.711
"22888","E01024110",5,18.179
"22889","E01024111",3,27.184
"22890","E01024112",8,9.807
"22891","E01024113",6,17.043
"22892","E01024114",10,5.082
"22893","E01024115",10,5.419
"22894","E01024116",10,4.689
"22895","E01024117",7,12.98
"22896","E01024118",5,20.689
"22897","E01024119",2,34.192
"22898","E01024120",5,18.108
"22899","E01024121",8,10.481
"22900","E01024122",4,22.193
"22901","E01024123",9,5.784
"22902","E01024124",6,16.341
"22903","E01024126",2,37.403
"22904","E01024127",6,14.527
"22905","E01024128",1,47.66
"22906","E01024129",5,20.706
"22907","E01024131",10,4.35
"22908","E01024132",4,23.177
"22909","E01024133",7,11.678
"22910","E01024134",5,21.529
"22911","E01024135",2,35.587
"22912","E01024136",5,18.161
"22913","E01024137",8,9.198
"22914","E01024138",4,21.995
"22915","E01024139",9,5.77
"22916","E01024143",9,8.149
"22917","E01024144",10,4.642
"22918","E01024145",9,8.148
"22919","E01024146",10,4.697
"22920","E01024147",9,5.818
"22921","E01024150",10,4.502
"22922","E01024151",9,5.702
"22923","E01024152",6,14.334
"22924","E01024153",10,3.595
"22925","E01024154",2,33.982
"22926","E01024155",4,26.498
"22927","E01024156",5,19.965
"22928","E01024157",7,13.219
"22929","E01024158",7,13.334
"22930","E01024159",8,8.466
"22931","E01024160",9,5.545
"22932","E01024161",5,20.947
"22933","E01024162",4,22.388
"22934","E01024163",5,21.171
"22935","E01024164",4,23.437
"22936","E01024165",2,40.202
"22937","E01024166",3,28.077
"22938","E01024167",4,24.842
"22939","E01024168",6,17.026
"22940","E01024169",5,19.24
"22941","E01024170",2,38.58
"22942","E01024171",5,20.46
"22943","E01024172",5,17.61
"22944","E01024173",6,15.427
"22945","E01024174",5,20.063
"22946","E01024175",6,16.931
"22947","E01024176",3,29.636
"22948","E01024177",2,43.767
"22949","E01024178",4,22.833
"22950","E01024179",3,26.707
"22951","E01024180",6,15.541
"22952","E01024181",7,13.435
"22953","E01024182",2,34.745
"22954","E01024183",9,7.134
"22955","E01024184",8,10.078
"22956","E01024185",7,12.137
"22957","E01024186",9,8.185
"22958","E01024187",8,8.617
"22959","E01024188",9,7.484
"22960","E01024189",5,18.348
"22961","E01024190",5,20.387
"22962","E01024192",2,38.776
"22963","E01024193",1,48.793
"22964","E01024194",4,24.703
"22965","E01024195",3,28.833
"22966","E01024196",1,58.42
"22967","E01024197",3,28.452
"22968","E01024198",5,19.342
"22969","E01024200",4,22.803
"22970","E01024201",6,17.275
"22971","E01024202",4,25.44
"22972","E01024203",7,13.895
"22973","E01024204",3,29.497
"22974","E01024205",4,22
"22975","E01024206",5,20.914
"22976","E01024207",6,16.127
"22977","E01024208",4,23.672
"22978","E01024209",6,14.229
"22979","E01024212",5,18.463
"22980","E01024213",9,7.088
"22981","E01024214",1,48.297
"22982","E01024215",1,63.111
"22983","E01024216",5,21.341
"22984","E01024218",2,40.363
"22985","E01024219",3,27.839
"22986","E01024220",6,16.38
"22987","E01024221",8,8.974
"22988","E01024222",3,31.632
"22989","E01024223",4,25.22
"22990","E01024224",7,12.495
"22991","E01024225",5,19.686
"22992","E01024226",3,27.836
"22993","E01024227",5,18.216
"22994","E01024228",4,22.786
"22995","E01024229",5,21.157
"22996","E01024230",6,15.476
"22997","E01024231",4,21.711
"22998","E01024232",7,13.617
"22999","E01024233",10,4.97
"23000","E01024234",6,15.089
"23001","E01024235",7,11.947
"23002","E01024236",5,18.224
"23003","E01024237",7,12.55
"23004","E01024238",5,18.925
"23005","E01024239",2,37.847
"23006","E01024240",1,52.868
"23007","E01024241",2,42.129
"23008","E01024242",7,12.11
"23009","E01024243",4,24.006
"23010","E01024244",7,13.172
"23011","E01024245",6,14.482
"23012","E01024246",2,44.396
"23013","E01024247",1,48.292
"23014","E01024248",2,42.408
"23015","E01024249",1,48.498
"23016","E01024250",5,19.86
"23017","E01024251",4,22.182
"23018","E01024252",6,14.257
"23019","E01024253",8,8.762
"23020","E01024254",5,20.743
"23021","E01024255",7,12.15
"23022","E01024256",8,10.381
"23023","E01024257",1,50.226
"23024","E01024258",4,25.165
"23025","E01024259",10,5.301
"23026","E01024260",7,13.081
"23027","E01024261",7,12.62
"23028","E01024262",4,25.458
"23029","E01024263",2,37.649
"23030","E01024264",2,36.557
"23031","E01024265",8,9.486
"23032","E01024266",5,21.105
"23033","E01024267",7,13.254
"23034","E01024268",9,7.994
"23035","E01024269",9,7.711
"23036","E01024270",9,7.178
"23037","E01024271",6,16.605
"23038","E01024272",9,5.719
"23039","E01024273",7,11.883
"23040","E01024274",7,13.839
"23041","E01024275",7,12.664
"23042","E01024276",5,17.564
"23043","E01024277",2,43.899
"23044","E01024278",1,58.102
"23045","E01024279",3,27.135
"23046","E01024281",4,21.894
"23047","E01024282",4,24.429
"23048","E01024283",5,19.689
"23049","E01024284",3,28.201
"23050","E01024285",6,14.543
"23051","E01024286",8,10.761
"23052","E01024287",4,25.664
"23053","E01024288",8,9.892
"23054","E01024290",4,22.926
"23055","E01024291",3,32.502
"23056","E01024292",6,16.342
"23057","E01024293",5,21.462
"23058","E01024294",2,34.291
"23059","E01024295",1,54.168
"23060","E01024296",3,31.705
"23061","E01024297",8,8.482
"23062","E01024298",9,7.54
"23063","E01024299",9,8.02
"23064","E01024300",8,10.458
"23065","E01024301",6,14.508
"23066","E01024302",7,11.534
"23067","E01024303",4,21.641
"23068","E01024304",4,23.521
"23069","E01024305",1,47.504
"23070","E01024306",2,40.916
"23071","E01024307",4,24.874
"23072","E01024308",1,49.074
"23073","E01024309",2,38.357
"23074","E01024310",3,26.964
"23075","E01024311",3,32.853
"23076","E01024312",4,22.156
"23077","E01024313",7,12.243
"23078","E01024314",6,14.627
"23079","E01024315",2,34.639
"23080","E01024316",7,13.973
"23081","E01024317",6,17.422
"23082","E01024318",7,13.538
"23083","E01024319",5,17.713
"23084","E01024320",10,4.082
"23085","E01024321",10,3.431
"23086","E01024322",10,3.301
"23087","E01024323",9,7.72
"23088","E01024324",10,5.457
"23089","E01024325",9,7.481
"23090","E01024326",10,4.291
"23091","E01024327",8,9.071
"23092","E01024328",8,9.764
"23093","E01024329",10,3.719
"23094","E01024330",10,2.559
"23095","E01024331",7,12.212
"23096","E01024332",4,24.225
"23097","E01024333",7,13.464
"23098","E01024335",6,15.305
"23099","E01024336",9,8.189
"23100","E01024337",10,3.531
"23101","E01024339",4,23.77
"23102","E01024340",6,15.355
"23103","E01024341",10,3.782
"23104","E01024342",4,22.217
"23105","E01024343",6,14.615
"23106","E01024344",6,14.661
"23107","E01024345",5,19.878
"23108","E01024346",5,18.05
"23109","E01024347",7,11.861
"23110","E01024348",10,2.283
"23111","E01024349",9,8.229
"23112","E01024350",7,12.621
"23113","E01024351",9,8.147
"23114","E01024352",2,34.642
"23115","E01024353",10,4.919
"23116","E01024354",8,10.849
"23117","E01024355",6,14.643
"23118","E01024356",6,16.161
"23119","E01024357",6,16.889
"23120","E01024358",3,27.537
"23121","E01024360",7,13.705
"23122","E01024361",5,19.069
"23123","E01024362",5,18.864
"23124","E01024364",3,31.702
"23125","E01024365",7,13.422
"23126","E01024366",4,23.136
"23127","E01024367",7,14.018
"23128","E01024369",9,5.775
"23129","E01024371",8,10.536
"23130","E01024372",3,28.098
"23131","E01024373",4,25.242
"23132","E01024374",2,41.206
"23133","E01024375",5,19.023
"23134","E01024376",7,12.402
"23135","E01024377",4,24.915
"23136","E01024378",6,16.961
"23137","E01024379",5,21.346
"23138","E01024380",6,16.423
"23139","E01024381",5,21.238
"23140","E01024382",6,17.422
"23141","E01024383",5,20.583
"23142","E01024384",4,25.604
"23143","E01024385",8,10.188
"23144","E01024386",8,8.535
"23145","E01024387",4,24.551
"23146","E01024390",2,34.169
"23147","E01024391",2,39.048
"23148","E01024392",3,28.054
"23149","E01024393",5,21.461
"23150","E01024394",9,7.833
"23151","E01024395",4,24.952
"23152","E01024396",3,27.662
"23153","E01024397",1,46.213
"23154","E01024398",2,40.97
"23155","E01024399",3,30.076
"23156","E01024400",5,17.458
"23157","E01024401",5,18.654
"23158","E01024402",9,6.657
"23159","E01024403",6,16.016
"23160","E01024404",9,7.876
"23161","E01024405",6,15.863
"23162","E01024406",5,17.998
"23163","E01024407",5,17.602
"23164","E01024408",8,9.823
"23165","E01024409",7,13.575
"23166","E01024410",5,17.792
"23167","E01024411",5,19.874
"23168","E01024413",4,23.574
"23169","E01024414",6,14.516
"23170","E01024415",9,7.137
"23171","E01024416",9,7.896
"23172","E01024417",5,17.971
"23173","E01024418",10,3.227
"23174","E01024419",7,12.138
"23175","E01024420",5,18.45
"23176","E01024421",5,21.146
"23177","E01024423",9,6.817
"23178","E01024424",10,1.72
"23179","E01024425",6,16.237
"23180","E01024426",9,6.819
"23181","E01024427",4,25.179
"23182","E01024428",5,19.988
"23183","E01024429",3,28.654
"23184","E01024430",6,17.181
"23185","E01024431",7,11.149
"23186","E01024432",5,21.427
"23187","E01024433",6,16.902
"23188","E01024434",5,18.982
"23189","E01024435",5,19.212
"23190","E01024436",5,17.653
"23191","E01024437",5,19.358
"23192","E01024438",6,15.622
"23193","E01024439",7,12.877
"23194","E01024440",8,10.16
"23195","E01024441",9,6.156
"23196","E01024442",8,8.598
"23197","E01024443",10,4.412
"23198","E01024444",3,28.768
"23199","E01024445",8,9.094
"23200","E01024446",8,8.568
"23201","E01024447",5,20.507
"23202","E01024448",7,12.77
"23203","E01024449",10,3.771
"23204","E01024450",7,12.879
"23205","E01024451",8,10.43
"23206","E01024452",5,18.328
"23207","E01024453",10,3.611
"23208","E01024454",7,12.043
"23209","E01024455",6,16.253
"23210","E01024456",5,21.37
"23211","E01024457",5,18.579
"23212","E01024458",8,8.546
"23213","E01024459",7,11.234
"23214","E01024460",6,17.181
"23215","E01024461",10,4.297
"23216","E01024462",8,8.466
"23217","E01024463",10,1.908
"23218","E01024464",10,2.474
"23219","E01024465",5,19.861
"23220","E01024466",5,19.49
"23221","E01024467",10,2.19
"23222","E01024468",9,6.702
"23223","E01024469",10,4.765
"23224","E01024470",10,3.113
"23225","E01024471",10,4.887
"23226","E01024472",4,21.761
"23227","E01024473",8,9.378
"23228","E01024474",10,2.916
"23229","E01024475",7,13.997
"23230","E01024476",1,45.816
"23231","E01024477",2,38.745
"23232","E01024478",6,16.683
"23233","E01024479",8,11.106
"23234","E01024480",2,37.197
"23235","E01024481",3,27.967
"23236","E01024482",3,31.319
"23237","E01024483",7,12.786
"23238","E01024484",8,10.329
"23239","E01024485",4,21.992
"23240","E01024486",3,31.85
"23241","E01024487",4,26.414
"23242","E01024488",3,31.374
"23243","E01024489",4,25.685
"23244","E01024490",6,17.018
"23245","E01024491",6,17.413
"23246","E01024492",4,24.398
"23247","E01024493",3,29.751
"23248","E01024494",4,22.936
"23249","E01024495",5,18.829
"23250","E01024496",2,42.268
"23251","E01024497",3,30.556
"23252","E01024498",1,57.36
"23253","E01024499",2,37.908
"23254","E01024500",2,41.913
"23255","E01024501",2,37.923
"23256","E01024502",2,39.641
"23257","E01024503",4,25.443
"23258","E01024504",1,69.341
"23259","E01024505",2,37.473
"23260","E01024507",1,58.131
"23261","E01024508",4,26.203
"23262","E01024509",3,26.623
"23263","E01024510",5,21.383
"23264","E01024511",9,6.311
"23265","E01024512",4,22.1
"23266","E01024513",6,16.142
"23267","E01024514",7,13.335
"23268","E01024515",8,10.757
"23269","E01024516",6,15.563
"23270","E01024517",3,30.342
"23271","E01024518",7,13.204
"23272","E01024519",6,14.311
"23273","E01024520",5,20.009
"23274","E01024521",7,13.375
"23275","E01024522",7,13.449
"23276","E01024523",10,4.689
"23277","E01024524",2,36.787
"23278","E01024525",4,22.892
"23279","E01024526",9,6.351
"23280","E01024527",8,8.657
"23281","E01024528",4,23.483
"23282","E01024529",3,32.147
"23283","E01024530",6,15.302
"23284","E01024531",5,18.283
"23285","E01024532",4,22.896
"23286","E01024533",3,32.222
"23287","E01024534",1,45.786
"23288","E01024535",3,30.667
"23289","E01024536",7,13.876
"23290","E01024537",4,24.043
"23291","E01024538",6,14.34
"23292","E01024539",2,39.174
"23293","E01024540",6,16.528
"23294","E01024541",4,26.253
"23295","E01024542",7,13.102
"23296","E01024544",5,19.043
"23297","E01024545",7,11.686
"23298","E01024546",4,23.076
"23299","E01024547",5,18.276
"23300","E01024548",2,38.281
"23301","E01024549",3,32.149
"23302","E01024550",6,14.364
"23303","E01024551",5,17.984
"23304","E01024552",4,26.493
"23305","E01024553",6,14.263
"23306","E01024554",7,13.362
"23307","E01024555",5,20.504
"23308","E01024556",5,18.153
"23309","E01024557",4,25.347
"23310","E01024558",6,15.595
"23311","E01024559",3,26.942
"23312","E01024560",3,28.268
"23313","E01024561",4,22.789
"23314","E01024562",5,19.652
"23315","E01024563",1,51.944
"23316","E01024564",8,10.043
"23317","E01024565",4,22.397
"23318","E01024566",4,24.131
"23319","E01024569",7,13.888
"23320","E01024570",4,23.395
"23321","E01024571",4,21.674
"23322","E01024572",6,17.202
"23323","E01024573",6,14.892
"23324","E01024575",6,14.658
"23325","E01024576",7,11.292
"23326","E01024577",5,20.689
"23327","E01024578",6,15.127
"23328","E01024580",1,61.03
"23329","E01024581",2,43.509
"23330","E01024582",5,19.675
"23331","E01024583",3,28.269
"23332","E01024584",1,50.108
"23333","E01024585",2,43.043
"23334","E01024586",3,27.022
"23335","E01024587",5,19.991
"23336","E01024588",5,18.145
"23337","E01024589",6,14.918
"23338","E01024590",1,65.48
"23339","E01024591",4,23.579
"23340","E01024592",7,13.928
"23341","E01024593",4,24.096
"23342","E01024594",5,19.525
"23343","E01024595",4,21.741
"23344","E01024596",2,40.345
"23345","E01024597",2,44.793
"23346","E01024598",5,17.694
"23347","E01024599",3,32.177
"23348","E01024600",2,38.332
"23349","E01024601",4,23.808
"23350","E01024602",6,15.516
"23351","E01024603",8,8.601
"23352","E01024604",2,35.323
"23353","E01024605",9,7.753
"23354","E01024606",6,15.159
"23355","E01024608",2,34.728
"23356","E01024609",1,77.304
"23357","E01024610",1,59.223
"23358","E01024611",1,56.871
"23359","E01024612",1,48.681
"23360","E01024613",1,63.538
"23361","E01024614",1,63.724
"23362","E01024615",1,66.603
"23363","E01024616",1,46.717
"23364","E01024619",6,17.425
"23365","E01024620",4,24.597
"23366","E01024621",1,49.104
"23367","E01024622",4,25.54
"23368","E01024623",3,27.951
"23369","E01024624",5,20.017
"23370","E01024625",8,8.666
"23371","E01024626",8,9.161
"23372","E01024627",2,34.744
"23373","E01024628",5,19.157
"23374","E01024629",7,12.181
"23375","E01024630",6,15.269
"23376","E01024631",10,3.708
"23377","E01024632",10,3.506
"23378","E01024633",2,35.269
"23379","E01024634",3,30.6
"23380","E01024635",7,13.829
"23381","E01024636",6,15.234
"23382","E01024637",7,11.595
"23383","E01024638",5,20.39
"23384","E01024639",4,24.874
"23385","E01024640",4,22.465
"23386","E01024641",2,34.221
"23387","E01024642",8,8.907
"23388","E01024643",3,27.434
"23389","E01024644",9,5.555
"23390","E01024645",3,29.711
"23391","E01024646",1,47.405
"23392","E01024647",4,23.409
"23393","E01024648",2,33.858
"23394","E01024649",2,39.988
"23395","E01024650",8,8.548
"23396","E01024651",4,24.76
"23397","E01024652",6,15.75
"23398","E01024653",6,14.36
"23399","E01024654",6,16.426
"23400","E01024655",7,11.328
"23401","E01024656",5,20.751
"23402","E01024657",1,77.654
"23403","E01024658",1,66.192
"23404","E01024659",2,41.869
"23405","E01024660",1,55.063
"23406","E01024661",1,46.059
"23407","E01024662",2,43.638
"23408","E01024663",1,78.598
"23409","E01024664",2,37.194
"23410","E01024665",3,28.206
"23411","E01024666",1,65.918
"23412","E01024667",1,79.076
"23413","E01024668",4,24.149
"23414","E01024669",3,31.89
"23415","E01024670",1,45.089
"23416","E01024671",2,43.639
"23417","E01024672",2,44.804
"23418","E01024673",4,25.073
"23419","E01024674",6,14.693
"23420","E01024675",7,11.187
"23421","E01024676",1,79.012
"23422","E01024677",2,38.689
"23423","E01024679",6,16.747
"23424","E01024680",6,14.312
"23425","E01024681",4,25.685
"23426","E01024682",1,59.285
"23427","E01024683",1,74.665
"23428","E01024684",2,39.416
"23429","E01024685",3,32.04
"23430","E01024686",2,36.413
"23431","E01024687",1,59.01
"23432","E01024688",3,29.972
"23433","E01024689",6,15.246
"23434","E01024690",5,20.87
"23435","E01024691",5,21.225
"23436","E01024692",5,20.132
"23437","E01024693",7,13.371
"23438","E01024694",3,27.091
"23439","E01024695",3,31.56
"23440","E01024696",4,26.071
"23441","E01024697",1,49.176
"23442","E01024698",4,23.09
"23443","E01024699",2,44.602
"23444","E01024700",6,16.816
"23445","E01024702",3,28.934
"23446","E01024703",5,17.935
"23447","E01024704",5,18.692
"23448","E01024705",3,30.652
"23449","E01024706",7,11.972
"23450","E01024707",7,12.757
"23451","E01024708",7,11.285
"23452","E01024709",8,10.971
"23453","E01024710",2,42.259
"23454","E01024711",5,17.478
"23455","E01024712",8,10.66
"23456","E01024713",3,28.171
"23457","E01024714",4,21.955
"23458","E01024715",3,31.333
"23459","E01024716",6,15.424
"23460","E01024717",3,28.399
"23461","E01024718",10,2.992
"23462","E01024719",7,11.435
"23463","E01024720",10,4.891
"23464","E01024721",8,10.677
"23465","E01024722",9,7.216
"23466","E01024723",7,13.099
"23467","E01024724",9,5.53
"23468","E01024725",9,8.285
"23469","E01024726",5,17.618
"23470","E01024728",4,22.096
"23471","E01024729",5,17.673
"23472","E01024730",9,8.065
"23473","E01024731",10,3.226
"23474","E01024732",7,13.083
"23475","E01024733",10,4.536
"23476","E01024734",9,7.514
"23477","E01024735",9,7.178
"23478","E01024736",5,17.672
"23479","E01024737",7,12.269
"23480","E01024740",7,12.583
"23481","E01024741",2,37.519
"23482","E01024742",4,25.987
"23483","E01024743",5,17.572
"23484","E01024744",8,9.387
"23485","E01024745",8,8.579
"23486","E01024746",7,12.463
"23487","E01024747",3,29.693
"23488","E01024748",10,2.154
"23489","E01024749",4,24.031
"23490","E01024750",8,10.561
"23491","E01024751",10,2.994
"23492","E01024752",10,3.083
"23493","E01024753",10,4.636
"23494","E01024754",9,7.633
"23495","E01024755",9,6.057
"23496","E01024756",5,18.382
"23497","E01024757",9,6.545
"23498","E01024758",8,10.002
"23499","E01024760",8,8.497
"23500","E01024761",9,8.262
"23501","E01024762",9,7.845
"23502","E01024763",7,13.391
"23503","E01024764",5,21.539
"23504","E01024765",10,4.947
"23505","E01024767",4,22.227
"23506","E01024768",10,4.36
"23507","E01024771",4,25.421
"23508","E01024772",8,10.732
"23509","E01024773",10,5.389
"23510","E01024775",2,37.836
"23511","E01024776",4,22.982
"23512","E01024777",3,29.741
"23513","E01024778",10,5.327
"23514","E01024779",7,12.224
"23515","E01024780",7,13.345
"23516","E01024781",7,11.484
"23517","E01024782",10,4.998
"23518","E01024783",5,20.977
"23519","E01024785",9,7.773
"23520","E01024786",5,19.506
"23521","E01024787",6,14.943
"23522","E01024788",3,26.966
"23523","E01024789",6,16.515
"23524","E01024790",3,31.095
"23525","E01024791",9,7.943
"23526","E01024792",7,12.325
"23527","E01024793",6,15.66
"23528","E01024794",5,18.69
"23529","E01024795",2,34.15
"23530","E01024796",4,21.681
"23531","E01024797",9,6.309
"23532","E01024798",6,14.144
"23533","E01024799",9,7.494
"23534","E01024800",10,2.445
"23535","E01024802",8,9.461
"23536","E01024803",6,16.852
"23537","E01024804",6,16.909
"23538","E01024805",5,18.309
"23539","E01024806",5,21.124
"23540","E01024807",4,25.872
"23541","E01024808",8,10.376
"23542","E01024809",5,20.611
"23543","E01024810",6,14.807
"23544","E01024811",9,6.472
"23545","E01024812",6,14.257
"23546","E01024813",5,20.714
"23547","E01024814",9,8.245
"23548","E01024815",4,23.035
"23549","E01024816",5,19.471
"23550","E01024817",10,2.139
"23551","E01024818",10,4.702
"23552","E01024819",9,8.178
"23553","E01024820",10,2.379
"23554","E01024821",9,7.419
"23555","E01024822",8,8.515
"23556","E01024823",8,10.039
"23557","E01024824",10,4.573
"23558","E01024825",7,12.339
"23559","E01024826",7,11.164
"23560","E01024827",7,11.78
"23561","E01024828",7,13.832
"23562","E01024829",8,9.345
"23563","E01024830",4,22.461
"23564","E01024831",4,23.15
"23565","E01024832",9,7.996
"23566","E01024833",4,22.18
"23567","E01024834",8,9.352
"23568","E01024835",9,7.644
"23569","E01024836",5,18.95
"23570","E01024837",10,4.823
"23571","E01024838",10,4.771
"23572","E01024839",8,8.61
"23573","E01024840",2,39.485
"23574","E01024841",4,24.609
"23575","E01024842",4,21.99
"23576","E01024843",3,27.327
"23577","E01024844",6,15.151
"23578","E01024845",8,10.822
"23579","E01024846",6,15.923
"23580","E01024847",5,18.297
"23581","E01024848",6,15.68
"23582","E01024849",8,10.724
"23583","E01024850",10,2.665
"23584","E01024851",8,9.558
"23585","E01024852",10,2.429
"23586","E01024853",9,7.596
"23587","E01024854",9,6.247
"23588","E01024855",1,68.898
"23589","E01024856",1,56.933
"23590","E01024857",1,47.641
"23591","E01024858",1,75.78
"23592","E01024859",4,26.15
"23593","E01024860",6,16.655
"23594","E01024861",8,10.406
"23595","E01024862",7,12.55
"23596","E01024863",2,38.457
"23597","E01024864",2,35.708
"23598","E01024865",1,51.234
"23599","E01024866",3,33.483
"23600","E01024867",9,7.515
"23601","E01024868",6,15.666
"23602","E01024869",9,8.111
"23603","E01024870",6,16.94
"23604","E01024871",4,23.096
"23605","E01024872",1,58.092
"23606","E01024873",5,19.392
"23607","E01024874",7,11.17
"23608","E01024875",1,53.464
"23609","E01024876",1,53.717
"23610","E01024877",1,67.187
"23611","E01024878",1,52.211
"23612","E01024879",4,23.048
"23613","E01024880",3,28.497
"23614","E01024881",2,43.304
"23615","E01024882",1,50.528
"23616","E01024883",2,43.022
"23617","E01024884",3,27.027
"23618","E01024885",1,53.997
"23619","E01024886",1,46.046
"23620","E01024887",3,28.139
"23621","E01024888",6,15.934
"23622","E01024889",3,29.633
"23623","E01024890",1,49.078
"23624","E01024891",3,27.543
"23625","E01024892",3,30.571
"23626","E01024893",1,47.131
"23627","E01024894",3,29.302
"23628","E01024895",1,60.787
"23629","E01024896",3,26.692
"23630","E01024897",3,30.183
"23631","E01024898",1,55.394
"23632","E01024899",1,58.191
"23633","E01024900",1,62.377
"23634","E01024901",8,10.887
"23635","E01024902",3,33.428
"23636","E01024903",2,37.635
"23637","E01024904",3,31.886
"23638","E01024905",6,14.342
"23639","E01024906",1,69.403
"23640","E01024907",1,67.927
"23641","E01024908",1,62.474
"23642","E01024909",1,62.438
"23643","E01024910",1,47.897
"23644","E01024911",3,30.835
"23645","E01024912",9,5.612
"23646","E01024913",9,7.775
"23647","E01024914",9,6.726
"23648","E01024915",6,16.047
"23649","E01024916",9,7.666
"23650","E01024917",4,21.72
"23651","E01024918",9,6.961
"23652","E01024920",8,9.024
"23653","E01024921",8,10.884
"23654","E01024922",6,16.307
"23655","E01024923",7,11.257
"23656","E01024924",7,11.358
"23657","E01024925",2,44.139
"23658","E01024926",3,29.675
"23659","E01024927",4,22.715
"23660","E01024928",5,18.698
"23661","E01024930",4,24.544
"23662","E01024931",3,31.872
"23663","E01024933",3,28.616
"23664","E01024934",9,7.762
"23665","E01024935",8,9.671
"23666","E01024936",3,29.108
"23667","E01024937",9,7.527
"23668","E01024938",8,9.203
"23669","E01024939",9,5.982
"23670","E01024940",1,52.71
"23671","E01024941",2,35.96
"23672","E01024942",2,44.28
"23673","E01024943",3,30.932
"23674","E01024944",9,6.521
"23675","E01024946",9,7.133
"23676","E01024947",10,3.872
"23677","E01024948",9,7.587
"23678","E01024950",10,3.476
"23679","E01024951",1,46.046
"23680","E01024952",2,36.341
"23681","E01024953",1,50.778
"23682","E01024954",5,17.742
"23683","E01024955",8,11.106
"23684","E01024956",10,4.334
"23685","E01024957",9,7.764
"23686","E01024958",4,24.775
"23687","E01024959",3,31.363
"23688","E01024960",4,22.651
"23689","E01024961",6,14.865
"23690","E01024962",7,11.586
"23691","E01024963",9,7.495
"23692","E01024964",8,8.935
"23693","E01024965",9,5.856
"23694","E01024966",9,7.909
"23695","E01024967",9,6.499
"23696","E01024968",10,3.318
"23697","E01024969",5,20.821
"23698","E01024970",10,5.008
"23699","E01024971",8,9.424
"23700","E01024972",10,4.973
"23701","E01024973",8,10.008
"23702","E01024974",9,7.661
"23703","E01024975",6,14.487
"23704","E01024976",7,12.782
"23705","E01024977",10,4.959
"23706","E01024978",6,17.153
"23707","E01024979",8,9.339
"23708","E01024980",8,9.21
"23709","E01024981",9,7.282
"23710","E01024982",6,14.681
"23711","E01024983",8,9.257
"23712","E01024984",7,11.75
"23713","E01024985",7,12.271
"23714","E01024986",2,33.644
"23715","E01024987",1,54.155
"23716","E01024988",4,25.601
"23717","E01024989",5,19.964
"23718","E01024990",7,11.976
"23719","E01024991",7,12.803
"23720","E01024992",10,4.95
"23721","E01024993",7,11.287
"23722","E01024994",10,5.118
"23723","E01024995",8,9.927
"23724","E01024996",3,27.56
"23725","E01024997",8,9.988
"23726","E01024998",4,26.213
"23727","E01024999",7,13.56
"23728","E01025000",8,10.876
"23729","E01025001",6,17.391
"23730","E01025002",6,16.694
"23731","E01025003",9,6.998
"23732","E01025004",8,10.891
"23733","E01025005",7,13.439
"23734","E01025006",1,46.049
"23735","E01025007",9,6.601
"23736","E01025008",10,5.384
"23737","E01025009",4,24.214
"23738","E01025010",10,4.811
"23739","E01025011",3,31.967
"23740","E01025012",8,11.014
"23741","E01025013",4,23.683
"23742","E01025014",7,14.09
"23743","E01025015",8,9.977
"23744","E01025016",10,3.548
"23745","E01025017",4,24.578
"23746","E01025018",9,7.857
"23747","E01025019",9,5.664
"23748","E01025020",6,17.215
"23749","E01025021",9,7.126
"23750","E01025022",9,7.415
"23751","E01025023",9,5.964
"23752","E01025024",3,26.633
"23753","E01025025",5,21.028
"23754","E01025026",5,18.79
"23755","E01025027",5,18.524
"23756","E01025028",7,12.88
"23757","E01025029",6,16.524
"23758","E01025030",4,21.828
"23759","E01025031",6,16.632
"23760","E01025032",2,40.363
"23761","E01025033",7,12.462
"23762","E01025034",2,34.67
"23763","E01025035",4,24.207
"23764","E01025036",1,68.962
"23765","E01025037",2,35.472
"23766","E01025038",8,8.429
"23767","E01025039",8,8.722
"23768","E01025040",8,10.181
"23769","E01025041",1,67.429
"23770","E01025042",1,62.909
"23771","E01025044",2,40.215
"23772","E01025045",1,65.315
"23773","E01025046",1,51.277
"23774","E01025048",8,9.478
"23775","E01025049",1,57.044
"23776","E01025050",4,23.488
"23777","E01025051",2,37.119
"23778","E01025052",7,11.95
"23779","E01025053",5,18.235
"23780","E01025054",4,25.167
"23781","E01025055",1,46.405
"23782","E01025056",8,9.595
"23783","E01025057",3,32.574
"23784","E01025058",2,36.214
"23785","E01025059",3,29.989
"23786","E01025060",1,49.044
"23787","E01025061",5,18.786
"23788","E01025062",1,53.549
"23789","E01025063",3,28.534
"23790","E01025064",8,8.643
"23791","E01025065",3,31.011
"23792","E01025066",5,20.22
"23793","E01025067",1,56.535
"23794","E01025068",1,60.465
"23795","E01025069",2,38.494
"23796","E01025070",1,47.355
"23797","E01025071",3,27.368
"23798","E01025072",2,43.046
"23799","E01025073",3,26.818
"23800","E01025074",9,8.155
"23801","E01025075",2,41.87
"23802","E01025076",3,28.516
"23803","E01025077",2,37.913
"23804","E01025078",8,10.88
"23805","E01025079",6,14.742
"23806","E01025080",4,22.836
"23807","E01025081",6,15.634
"23808","E01025082",1,55.118
"23809","E01025083",1,60.801
"23810","E01025084",1,59.503
"23811","E01025085",7,11.432
"23812","E01025086",9,7.61
"23813","E01025087",3,28.161
"23814","E01025088",8,8.962
"23815","E01025089",7,13.285
"23816","E01025090",9,6.478
"23817","E01025091",2,36.589
"23818","E01025092",2,41.97
"23819","E01025093",5,21.131
"23820","E01025094",4,22.623
"23821","E01025095",10,5.076
"23822","E01025096",7,13.036
"23823","E01025097",3,29.282
"23824","E01025098",5,17.85
"23825","E01025099",5,17.991
"23826","E01025100",6,14.548
"23827","E01025101",2,41.325
"23828","E01025102",6,14.806
"23829","E01025103",10,2.148
"23830","E01025105",8,8.994
"23831","E01025106",7,12.503
"23832","E01025107",6,17.096
"23833","E01025108",8,10.571
"23834","E01025109",9,5.752
"23835","E01025110",1,66.893
"23836","E01025111",5,20.27
"23837","E01025112",1,55.616
"23838","E01025113",4,23.695
"23839","E01025114",6,15.027
"23840","E01025115",2,36.82
"23841","E01025116",2,35.598
"23842","E01025117",1,75.373
"23843","E01025118",2,41.421
"23844","E01025119",4,24.892
"23845","E01025120",1,47.735
"23846","E01025121",7,13.839
"23847","E01025122",6,14.188
"23848","E01025123",6,14.64
"23849","E01025124",2,41.611
"23850","E01025126",10,3.447
"23851","E01025127",9,5.813
"23852","E01025128",5,20.041
"23853","E01025130",8,11.109
"23854","E01025131",7,13.441
"23855","E01025132",6,15.533
"23856","E01025133",9,6.946
"23857","E01025136",1,68.648
"23858","E01025137",5,17.668
"23859","E01025138",2,38.445
"23860","E01025139",1,73.747
"23861","E01025140",2,44.63
"23862","E01025141",9,8.22
"23863","E01025142",10,4.212
"23864","E01025143",3,26.682
"23865","E01025144",5,18.912
"23866","E01025145",7,13.338
"23867","E01025146",10,4.169
"23868","E01025147",8,9.734
"23869","E01025148",8,8.912
"23870","E01025149",4,24.348
"23871","E01025150",4,24.666
"23872","E01025151",1,47.021
"23873","E01025152",3,33.167
"23874","E01025153",6,16.002
"23875","E01025154",1,63.526
"23876","E01025155",8,9.337
"23877","E01025156",1,68.761
"23878","E01025157",2,40.77
"23879","E01025158",10,4.487
"23880","E01025159",6,15.055
"23881","E01025160",10,3.78
"23882","E01025161",8,11.096
"23883","E01025162",8,9.258
"23884","E01025163",9,6.831
"23885","E01025164",6,15.531
"23886","E01025165",9,7.878
"23887","E01025166",7,11.244
"23888","E01025167",7,14.043
"23889","E01025168",6,16.147
"23890","E01025169",8,11.044
"23891","E01025170",4,23.918
"23892","E01025171",1,68.207
"23893","E01025172",3,28.832
"23894","E01025173",2,44.837
"23895","E01025174",5,17.805
"23896","E01025175",8,8.591
"23897","E01025176",5,20.092
"23898","E01025177",8,8.566
"23899","E01025178",6,14.191
"23900","E01025179",4,22.286
"23901","E01025180",6,16.237
"23902","E01025181",1,58.115
"23903","E01025182",1,56.304
"23904","E01025183",1,54.196
"23905","E01025184",1,55.336
"23906","E01025185",1,52.735
"23907","E01025186",1,48.516
"23908","E01025187",3,28.806
"23909","E01025188",1,56.542
"23910","E01025189",1,54.042
"23911","E01025190",4,26.31
"23912","E01025191",7,11.851
"23913","E01025192",3,30.269
"23914","E01025193",4,21.656
"23915","E01025194",4,25.904
"23916","E01025195",7,13.093
"23917","E01025196",2,35.404
"23918","E01025197",7,13.145
"23919","E01025198",4,26.586
"23920","E01025199",6,15.001
"23921","E01025200",4,25.076
"23922","E01025201",4,23.962
"23923","E01025202",6,17.067
"23924","E01025203",7,12.678
"23925","E01025204",6,15.804
"23926","E01025205",1,48.513
"23927","E01025206",6,16.102
"23928","E01025207",1,55.71
"23929","E01025208",2,42.573
"23930","E01025209",3,30.856
"23931","E01025210",2,44.173
"23932","E01025211",8,10.746
"23933","E01025212",5,18.835
"23934","E01025213",3,28.53
"23935","E01025214",6,14.14
"23936","E01025215",1,54.02
"23937","E01025216",3,31.446
"23938","E01025217",1,57.529
"23939","E01025218",1,66.968
"23940","E01025219",1,68.396
"23941","E01025220",1,53.743
"23942","E01025221",3,32.303
"23943","E01025222",7,12.779
"23944","E01025223",2,39.144
"23945","E01025224",1,55.698
"23946","E01025225",3,28.725
"23947","E01025226",1,53.977
"23948","E01025227",1,59.977
"23949","E01025228",6,17.358
"23950","E01025229",1,50.47
"23951","E01025230",1,57.772
"23952","E01025231",7,11.972
"23953","E01025232",2,41.404
"23954","E01025233",7,13.83
"23955","E01025234",3,31.454
"23956","E01025235",6,15.58
"23957","E01025236",1,44.94
"23958","E01025237",2,35.183
"23959","E01025238",1,49.234
"23960","E01025239",5,18.141
"23961","E01025240",9,6.875
"23962","E01025241",8,9.366
"23963","E01025242",9,7.55
"23964","E01025243",5,20.775
"23965","E01025244",2,37.519
"23966","E01025245",2,42.564
"23967","E01025246",2,36.174
"23968","E01025247",2,44.241
"23969","E01025248",1,61.926
"23970","E01025249",4,26.35
"23971","E01025250",1,49.63
"23972","E01025251",7,13.842
"23973","E01025252",5,21.192
"23974","E01025253",10,3.919
"23975","E01025254",9,7.56
"23976","E01025255",9,6.612
"23977","E01025256",9,7.939
"23978","E01025257",10,3.379
"23979","E01025258",9,6.597
"23980","E01025259",10,4.521
"23981","E01025260",1,51.804
"23982","E01025261",7,13.601
"23983","E01025262",2,35.247
"23984","E01025263",2,44.851
"23985","E01025264",2,37.437
"23986","E01025265",5,20.148
"23987","E01025266",7,11.378
"23988","E01025267",3,30.229
"23989","E01025268",2,40.042
"23990","E01025269",2,34.496
"23991","E01025270",6,14.439
"23992","E01025271",3,27.475
"23993","E01025272",7,11.569
"23994","E01025273",10,3.021
"23995","E01025274",2,40.863
"23996","E01025275",1,49.683
"23997","E01025276",3,30.801
"23998","E01025277",9,8.193
"23999","E01025278",9,6.74
"24000","E01025279",8,9.448
"24001","E01025281",9,6.202
"24002","E01025282",5,18.516
"24003","E01025283",1,56.588
"24004","E01025284",3,29.077
"24005","E01025285",2,34.098
"24006","E01025286",1,60.647
"24007","E01025287",1,59.285
"24008","E01025288",4,24.645
"24009","E01025289",2,43.569
"24010","E01025290",2,37.423
"24011","E01025291",3,28.959
"24012","E01025292",2,38.27
"24013","E01025293",1,55.475
"24014","E01025294",2,42.591
"24015","E01025295",1,51.442
"24016","E01025296",1,52.618
"24017","E01025297",1,57.959
"24018","E01025298",1,53.358
"24019","E01025299",9,7.369
"24020","E01025300",5,19.349
"24021","E01025301",6,14.332
"24022","E01025302",8,9.152
"24023","E01025303",9,7.26
"24024","E01025304",4,21.808
"24025","E01025305",2,39.037
"24026","E01025306",2,36.044
"24027","E01025308",3,29.24
"24028","E01025309",4,22.287
"24029","E01025310",2,40.373
"24030","E01025311",2,33.709
"24031","E01025312",3,32.327
"24032","E01025313",2,41.602
"24033","E01025314",4,26.221
"24034","E01025315",6,16.403
"24035","E01025316",10,4.936
"24036","E01025317",6,14.405
"24037","E01025318",9,6.176
"24038","E01025319",9,5.493
"24039","E01025320",5,19.126
"24040","E01025321",7,14.004
"24041","E01025322",6,15.734
"24042","E01025323",8,9.319
"24043","E01025324",9,5.904
"24044","E01025325",3,26.955
"24045","E01025326",8,8.759
"24046","E01025327",9,5.79
"24047","E01025328",10,5.264
"24048","E01025329",7,11.568
"24049","E01025330",8,10.661
"24050","E01025331",5,17.795
"24051","E01025333",7,14.007
"24052","E01025334",9,7.497
"24053","E01025335",4,23.017
"24054","E01025336",8,9.169
"24055","E01025337",9,8.096
"24056","E01025338",6,16.628
"24057","E01025339",9,7.263
"24058","E01025340",7,13.111
"24059","E01025341",10,3.187
"24060","E01025342",8,9.58
"24061","E01025343",7,13.045
"24062","E01025344",7,11.585
"24063","E01025345",10,3.469
"24064","E01025346",8,10.026
"24065","E01025347",8,10.026
"24066","E01025348",7,12.697
"24067","E01025349",8,8.899
"24068","E01025350",10,4.864
"24069","E01025351",9,7.087
"24070","E01025352",10,3.255
"24071","E01025354",10,4.776
"24072","E01025355",10,4.175
"24073","E01025356",3,32.505
"24074","E01025357",5,20.52
"24075","E01025358",7,12.665
"24076","E01025359",4,24.138
"24077","E01025360",3,28.501
"24078","E01025361",5,18.482
"24079","E01025362",7,13.824
"24080","E01025363",5,19.135
"24081","E01025364",9,7.82
"24082","E01025365",7,13.908
"24083","E01025366",3,32.449
"24084","E01025367",6,17.066
"24085","E01025368",2,34.094
"24086","E01025369",1,47.663
"24087","E01025370",3,29.085
"24088","E01025371",2,39.16
"24089","E01025373",7,14.102
"24090","E01025374",3,29.869
"24091","E01025375",6,15.981
"24092","E01025376",3,31.854
"24093","E01025377",8,8.657
"24094","E01025378",8,9.06
"24095","E01025379",2,35.428
"24096","E01025380",9,5.552
"24097","E01025381",2,43.87
"24098","E01025382",1,50.196
"24099","E01025383",7,12.535
"24100","E01025384",6,14.577
"24101","E01025385",2,43.907
"24102","E01025387",7,14.097
"24103","E01025388",2,36.563
"24104","E01025389",1,48.441
"24105","E01025390",2,36.349
"24106","E01025391",2,36.225
"24107","E01025392",3,27.635
"24108","E01025393",4,26.398
"24109","E01025394",3,29.473
"24110","E01025395",4,23.324
"24111","E01025396",1,58.389
"24112","E01025397",2,41.583
"24113","E01025398",2,38.611
"24114","E01025399",2,35.962
"24115","E01025400",8,10.659
"24116","E01025401",7,12.076
"24117","E01025402",5,19.598
"24118","E01025403",10,2.726
"24119","E01025404",10,5.275
"24120","E01025405",3,30.701
"24121","E01025406",8,9.587
"24122","E01025407",3,32.018
"24123","E01025408",10,3.963
"24124","E01025409",9,8.253
"24125","E01025410",10,1.178
"24126","E01025411",8,11.104
"24127","E01025412",5,18.555
"24128","E01025413",8,9.991
"24129","E01025414",10,3.916
"24130","E01025415",5,18.522
"24131","E01025416",8,8.688
"24132","E01025417",7,11.346
"24133","E01025418",6,14.75
"24134","E01025419",6,14.641
"24135","E01025421",7,12.706
"24136","E01025422",4,23.985
"24137","E01025423",1,56.196
"24138","E01025424",10,2.653
"24139","E01025425",10,4.379
"24140","E01025426",10,2.744
"24141","E01025427",4,21.982
"24142","E01025428",4,22.372
"24143","E01025429",2,43.581
"24144","E01025431",4,22.456
"24145","E01025433",6,14.708
"24146","E01025434",10,2.398
"24147","E01025435",4,22.555
"24148","E01025436",9,7.74
"24149","E01025437",8,10.055
"24150","E01025438",10,4.563
"24151","E01025439",10,5.281
"24152","E01025440",10,4.777
"24153","E01025441",9,6.016
"24154","E01025442",2,35.624
"24155","E01025443",9,6.124
"24156","E01025444",6,16.133
"24157","E01025445",2,40.524
"24158","E01025446",7,12.493
"24159","E01025447",1,58.75
"24160","E01025448",6,16.824
"24161","E01025451",10,3.497
"24162","E01025452",2,36.344
"24163","E01025453",10,4.61
"24164","E01025454",9,5.667
"24165","E01025455",9,7.946
"24166","E01025456",7,14.138
"24167","E01025457",6,16.745
"24168","E01025458",5,19.207
"24169","E01025459",5,19.423
"24170","E01025460",3,30.686
"24171","E01025461",10,3.248
"24172","E01025462",9,7.605
"24173","E01025463",8,9.36
"24174","E01025464",10,1.939
"24175","E01025465",6,14.983
"24176","E01025466",10,4.617
"24177","E01025467",10,3.446
"24178","E01025468",8,8.916
"24179","E01025469",3,26.881
"24180","E01025470",9,7.237
"24181","E01025471",2,43.142
"24182","E01025472",10,4.261
"24183","E01025473",7,14.098
"24184","E01025474",6,17.139
"24185","E01025475",10,4.226
"24186","E01025476",10,4.616
"24187","E01025477",8,9.433
"24188","E01025478",10,2.985
"24189","E01025479",6,14.37
"24190","E01025480",2,36.226
"24191","E01025481",2,35.798
"24192","E01025482",1,57.482
"24193","E01025483",6,16.714
"24194","E01025484",10,4.958
"24195","E01025485",7,13.024
"24196","E01025486",7,12.741
"24197","E01025487",7,11.623
"24198","E01025488",9,7.453
"24199","E01025489",8,8.725
"24200","E01025490",9,6.679
"24201","E01025491",10,4.529
"24202","E01025492",4,25.006
"24203","E01025493",1,63.943
"24204","E01025494",1,57.926
"24205","E01025495",7,12.094
"24206","E01025496",7,13.965
"24207","E01025497",8,9.271
"24208","E01025498",8,11.093
"24209","E01025499",7,11.339
"24210","E01025500",6,14.147
"24211","E01025501",9,5.556
"24212","E01025502",10,2.701
"24213","E01025503",2,44.872
"24214","E01025504",1,55.215
"24215","E01025505",4,25.545
"24216","E01025506",8,8.454
"24217","E01025507",6,16.343
"24218","E01025508",3,29.033
"24219","E01025509",5,20.684
"24220","E01025510",9,5.817
"24221","E01025511",9,6.617
"24222","E01025512",9,8.026
"24223","E01025513",8,10.816
"24224","E01025514",6,14.772
"24225","E01025515",5,21.028
"24226","E01025516",8,9.295
"24227","E01025517",5,20.059
"24228","E01025518",4,21.763
"24229","E01025519",8,8.907
"24230","E01025520",2,41.987
"24231","E01025521",3,33.286
"24232","E01025522",6,17.092
"24233","E01025523",4,24.312
"24234","E01025524",2,43.573
"24235","E01025525",4,21.622
"24236","E01025526",4,21.722
"24237","E01025527",2,42.011
"24238","E01025528",2,39.397
"24239","E01025529",3,30.967
"24240","E01025530",9,6.875
"24241","E01025531",7,13.436
"24242","E01025532",10,4.808
"24243","E01025533",8,9.836
"24244","E01025534",10,5.111
"24245","E01025535",7,11.781
"24246","E01025536",3,32.394
"24247","E01025537",8,9.414
"24248","E01025538",8,9.222
"24249","E01025539",8,8.637
"24250","E01025540",8,10.208
"24251","E01025541",6,17.1
"24252","E01025542",8,8.847
"24253","E01025543",4,24.878
"24254","E01025544",4,23.734
"24255","E01025545",9,7.215
"24256","E01025546",7,13.844
"24257","E01025547",7,11.587
"24258","E01025548",6,17.417
"24259","E01025549",8,9.674
"24260","E01025550",9,7.332
"24261","E01025551",9,6.702
"24262","E01025552",9,5.881
"24263","E01025553",9,6.002
"24264","E01025554",4,22.332
"24265","E01025555",4,22.814
"24266","E01025556",4,22.808
"24267","E01025557",8,10.128
"24268","E01025558",9,8.139
"24269","E01025559",6,14.169
"24270","E01025560",9,6.24
"24271","E01025561",8,8.816
"24272","E01025562",6,14.469
"24273","E01025563",5,19.809
"24274","E01025564",6,14.381
"24275","E01025565",6,14.553
"24276","E01025566",9,5.87
"24277","E01025567",5,20.714
"24278","E01025568",7,12.702
"24279","E01025569",9,6.115
"24280","E01025570",1,55.912
"24281","E01025571",3,32.36
"24282","E01025572",5,19.607
"24283","E01025573",5,18.537
"24284","E01025574",1,68.912
"24285","E01025575",2,43.128
"24286","E01025576",7,13.467
"24287","E01025577",3,28.62
"24288","E01025578",2,35.695
"24289","E01025579",1,59.646
"24290","E01025580",5,20.107
"24291","E01025581",2,37.962
"24292","E01025582",1,75.71
"24293","E01025583",1,56.847
"24294","E01025584",1,80.657
"24295","E01025585",5,17.649
"24296","E01025586",6,17.143
"24297","E01025587",4,25.377
"24298","E01025588",4,26.566
"24299","E01025589",4,23.136
"24300","E01025590",1,63.011
"24301","E01025591",5,17.53
"24302","E01025592",1,65.919
"24303","E01025593",7,11.535
"24304","E01025594",8,11.101
"24305","E01025595",9,7.27
"24306","E01025596",8,8.943
"24307","E01025597",7,12.867
"24308","E01025598",5,18.588
"24309","E01025599",9,7.916
"24310","E01025600",9,5.766
"24311","E01025601",8,8.387
"24312","E01025602",8,9.336
"24313","E01025603",7,11.98
"24314","E01025604",5,21.199
"24315","E01025605",5,21.523
"24316","E01025606",1,56.071
"24317","E01025607",5,17.575
"24318","E01025608",5,17.685
"24319","E01025609",7,11.801
"24320","E01025610",6,17.414
"24321","E01025611",8,8.681
"24322","E01025612",7,12.745
"24323","E01025613",7,13.896
"24324","E01025614",9,7.584
"24325","E01025615",10,4.202
"24326","E01025616",10,3.382
"24327","E01025617",9,8.141
"24328","E01025618",7,12.366
"24329","E01025619",8,9.166
"24330","E01025620",6,15.286
"24331","E01025621",8,10.129
"24332","E01025622",8,11.04
"24333","E01025623",8,11.029
"24334","E01025624",10,4.081
"24335","E01025625",4,22.632
"24336","E01025626",8,10.105
"24337","E01025627",7,13.491
"24338","E01025629",6,15.311
"24339","E01025630",9,7.093
"24340","E01025631",9,7.139
"24341","E01025632",10,2.761
"24342","E01025633",8,9.944
"24343","E01025634",9,5.552
"24344","E01025635",8,10.741
"24345","E01025636",8,10.427
"24346","E01025637",7,12.3
"24347","E01025638",10,3.654
"24348","E01025639",9,5.931
"24349","E01025640",8,8.384
"24350","E01025641",8,9.699
"24351","E01025642",8,9.593
"24352","E01025643",9,7.89
"24353","E01025644",7,11.483
"24354","E01025645",6,14.67
"24355","E01025646",5,17.568
"24356","E01025647",6,15.739
"24357","E01025648",10,2.852
"24358","E01025649",10,4.827
"24359","E01025650",10,3.95
"24360","E01025651",10,4.043
"24361","E01025652",8,10.81
"24362","E01025653",5,20.051
"24363","E01025654",8,10.118
"24364","E01025655",6,15.202
"24365","E01025656",6,14.438
"24366","E01025657",6,15.053
"24367","E01025658",9,6.987
"24368","E01025659",7,13.254
"24369","E01025660",9,6.359
"24370","E01025661",8,9.285
"24371","E01025662",4,23.272
"24372","E01025663",7,13.206
"24373","E01025664",6,14.939
"24374","E01025665",7,11.384
"24375","E01025666",5,21.332
"24376","E01025667",6,15.338
"24377","E01025668",8,8.519
"24378","E01025669",9,7.742
"24379","E01025670",5,18.242
"24380","E01025671",8,8.686
"24381","E01025672",8,8.535
"24382","E01025673",7,12.167
"24383","E01025674",6,14.601
"24384","E01025675",8,8.886
"24385","E01025676",9,6.828
"24386","E01025677",6,15.61
"24387","E01025678",10,2.561
"24388","E01025680",10,4.257
"24389","E01025681",9,7.281
"24390","E01025682",8,10.437
"24391","E01025683",7,12.423
"24392","E01025684",8,10.756
"24393","E01025685",7,13.461
"24394","E01025686",9,5.793
"24395","E01025687",8,8.418
"24396","E01025688",6,14.21
"24397","E01025689",5,19.461
"24398","E01025690",6,15.476
"24399","E01025692",8,10.771
"24400","E01025693",8,8.791
"24401","E01025695",10,4.506
"24402","E01025696",10,4.719
"24403","E01025697",4,23.755
"24404","E01025698",10,5.261
"24405","E01025699",1,54.197
"24406","E01025700",3,32.132
"24407","E01025701",3,31.089
"24408","E01025702",7,12.64
"24409","E01025703",3,26.652
"24410","E01025704",6,16.279
"24411","E01025705",3,29.028
"24412","E01025706",3,29.667
"24413","E01025707",10,2.054
"24414","E01025708",10,3.237
"24415","E01025709",10,0.827
"24416","E01025710",10,4.919
"24417","E01025711",10,2.425
"24418","E01025712",9,6.387
"24419","E01025713",10,2.176
"24420","E01025715",2,34.351
"24421","E01025716",5,20.807
"24422","E01025718",4,24.3
"24423","E01025719",9,6.616
"24424","E01025720",7,13.66
"24425","E01025721",8,8.867
"24426","E01025722",6,15.222
"24427","E01025723",6,14.232
"24428","E01025724",7,13.255
"24429","E01025725",1,55.325
"24430","E01025726",8,9.391
"24431","E01025727",2,35.675
"24432","E01025728",8,10.394
"24433","E01025729",10,3.58
"24434","E01025730",9,8.128
"24435","E01025731",9,5.955
"24436","E01025732",8,9.342
"24437","E01025733",8,8.731
"24438","E01025734",10,1.877
"24439","E01025735",7,12.526
"24440","E01025736",9,6.704
"24441","E01025737",9,6.84
"24442","E01025738",10,4.742
"24443","E01025739",9,7.042
"24444","E01025740",6,14.387
"24445","E01025741",10,3.895
"24446","E01025742",4,26.329
"24447","E01025743",7,11.987
"24448","E01025744",9,6.444
"24449","E01025745",7,11.286
"24450","E01025746",5,18.401
"24451","E01025747",5,18.643
"24452","E01025748",7,13.265
"24453","E01025749",4,22.189
"24454","E01025750",7,12.77
"24455","E01025751",5,18.701
"24456","E01025752",7,12.478
"24457","E01025753",5,20.554
"24458","E01025754",8,8.556
"24459","E01025755",8,10.853
"24460","E01025756",6,16.79
"24461","E01025757",8,9.909
"24462","E01025758",10,4.124
"24463","E01025759",6,16.882
"24464","E01025760",8,8.741
"24465","E01025761",9,6.587
"24466","E01025762",5,19.786
"24467","E01025763",6,17.068
"24468","E01025764",8,10.286
"24469","E01025765",8,10.623
"24470","E01025766",3,27.66
"24471","E01025767",7,11.896
"24472","E01025768",8,8.482
"24473","E01025769",9,6.489
"24474","E01025770",7,12.987
"24475","E01025772",10,5.405
"24476","E01025773",10,3.161
"24477","E01025774",9,5.749
"24478","E01025775",8,10.469
"24479","E01025776",9,7.714
"24480","E01025777",8,8.596
"24481","E01025778",8,10.931
"24482","E01025779",8,9.984
"24483","E01025780",8,8.832
"24484","E01025781",9,8.365
"24485","E01025782",7,11.996
"24486","E01025783",8,9.514
"24487","E01025784",9,6.549
"24488","E01025786",7,11.264
"24489","E01025787",10,3.755
"24490","E01025788",7,11.156
"24491","E01025789",7,12.618
"24492","E01025790",10,2.584
"24493","E01025791",8,10.995
"24494","E01025792",7,13.498
"24495","E01025794",10,2.325
"24496","E01025795",8,9.327
"24497","E01025796",6,15.961
"24498","E01025797",10,3.813
"24499","E01025798",10,4.047
"24500","E01025799",10,2.145
"24501","E01025800",10,3.162
"24502","E01025801",6,16.777
"24503","E01025802",10,3.809
"24504","E01025803",10,1.058
"24505","E01025804",9,7.156
"24506","E01025806",4,25.919
"24507","E01025807",6,14.775
"24508","E01025808",8,9.644
"24509","E01025809",7,12.104
"24510","E01025810",7,11.138
"24511","E01025812",7,12.093
"24512","E01025813",9,6.008
"24513","E01025814",9,5.566
"24514","E01025815",6,16.43
"24515","E01025816",7,12.93
"24516","E01025817",9,6.036
"24517","E01025818",7,11.918
"24518","E01025819",5,21.108
"24519","E01025820",7,12.187
"24520","E01025821",5,17.879
"24521","E01025822",3,28.637
"24522","E01025823",4,23.651
"24523","E01025824",5,18.85
"24524","E01025825",7,11.67
"24525","E01025826",7,12.186
"24526","E01025827",5,20.664
"24527","E01025828",9,5.754
"24528","E01025829",4,25.254
"24529","E01025830",7,12.335
"24530","E01025831",9,5.647
"24531","E01025832",10,4.004
"24532","E01025833",9,8.294
"24533","E01025834",10,3.096
"24534","E01025835",10,2.109
"24535","E01025836",10,4.85
"24536","E01025837",8,10.915
"24537","E01025838",8,10.312
"24538","E01025839",8,10.602
"24539","E01025840",6,16.006
"24540","E01025841",8,9.993
"24541","E01025842",4,23.348
"24542","E01025843",4,23.102
"24543","E01025844",3,30.971
"24544","E01025845",10,4.126
"24545","E01025846",10,4.102
"24546","E01025847",10,4.249
"24547","E01025848",6,15.966
"24548","E01025849",5,21.281
"24549","E01025850",6,16.092
"24550","E01025851",9,6
"24551","E01025852",3,30.592
"24552","E01025854",9,7.366
"24553","E01025855",7,12.895
"24554","E01025856",3,33.078
"24555","E01025857",9,8.336
"24556","E01025858",4,22.978
"24557","E01025859",9,5.721
"24558","E01025860",10,3.986
"24559","E01025861",9,6.923
"24560","E01025862",9,5.832
"24561","E01025863",5,17.869
"24562","E01025864",8,11.044
"24563","E01025865",5,19.303
"24564","E01025866",3,27.233
"24565","E01025867",7,13.823
"24566","E01025868",7,12.119
"24567","E01025869",8,10.286
"24568","E01025870",8,8.665
"24569","E01025871",6,15.332
"24570","E01025872",8,8.691
"24571","E01025873",7,12.444
"24572","E01025874",6,14.93
"24573","E01025875",4,26.295
"24574","E01025876",9,7.365
"24575","E01025877",7,11.835
"24576","E01025879",3,31.257
"24577","E01025880",9,5.767
"24578","E01025881",8,9.075
"24579","E01025882",6,14.497
"24580","E01025883",7,12.296
"24581","E01025884",5,19.179
"24582","E01025885",9,6.617
"24583","E01025886",8,10.566
"24584","E01025887",5,21.419
"24585","E01025888",8,9.573
"24586","E01025889",7,11.268
"24587","E01025890",6,15.06
"24588","E01025891",8,8.586
"24589","E01025892",7,12.012
"24590","E01025893",9,5.983
"24591","E01025894",3,30.316
"24592","E01025895",7,12.086
"24593","E01025896",8,9.19
"24594","E01025897",5,18.568
"24595","E01025898",6,17.06
"24596","E01025899",5,19.952
"24597","E01025900",2,33.921
"24598","E01025901",8,9.785
"24599","E01025902",10,5.064
"24600","E01025903",5,19.401
"24601","E01025904",10,4.585
"24602","E01025905",2,36.224
"24603","E01025906",10,3.807
"24604","E01025907",3,26.781
"24605","E01025908",8,8.434
"24606","E01025909",7,13.823
"24607","E01025910",6,16.947
"24608","E01025911",6,15.83
"24609","E01025912",5,21.159
"24610","E01025913",8,11.135
"24611","E01025914",10,2.081
"24612","E01025915",9,6.926
"24613","E01025916",9,7.249
"24614","E01025918",4,22.315
"24615","E01025919",6,16.962
"24616","E01025920",6,16.958
"24617","E01025921",10,5.299
"24618","E01025923",7,11.163
"24619","E01025924",6,15.352
"24620","E01025926",10,5.395
"24621","E01025927",6,16.454
"24622","E01025928",10,3.403
"24623","E01025929",6,16.645
"24624","E01025930",2,35.452
"24625","E01025931",4,26.102
"24626","E01025932",1,57.303
"24627","E01025933",4,25.413
"24628","E01025934",2,40.012
"24629","E01025935",8,8.912
"24630","E01025936",4,23.352
"24631","E01025937",8,11.011
"24632","E01025938",7,12.269
"24633","E01025939",6,16.981
"24634","E01025940",6,15.472
"24635","E01025941",8,10.96
"24636","E01025942",9,7.908
"24637","E01025943",3,27.574
"24638","E01025944",9,6.489
"24639","E01025945",9,7.656
"24640","E01025946",7,12.273
"24641","E01025947",9,8.02
"24642","E01025948",6,15.825
"24643","E01025949",3,32.941
"24644","E01025950",4,24.629
"24645","E01025951",8,11.011
"24646","E01025952",7,13.928
"24647","E01025953",4,24.293
"24648","E01025954",6,16.027
"24649","E01025955",9,6.65
"24650","E01025956",6,16.544
"24651","E01025957",4,26.595
"24652","E01025958",7,13.899
"24653","E01025959",8,9.389
"24654","E01025960",6,16.364
"24655","E01025961",8,9.728
"24656","E01025962",3,26.735
"24657","E01025963",6,16.1
"24658","E01025964",7,11.832
"24659","E01025965",6,15.224
"24660","E01025966",4,21.827
"24661","E01025967",8,9.702
"24662","E01025968",9,7.439
"24663","E01025969",5,18.354
"24664","E01025970",8,9.861
"24665","E01025971",9,6.378
"24666","E01025972",9,7.06
"24667","E01025973",10,4.097
"24668","E01025974",8,8.596
"24669","E01025975",10,3.961
"24670","E01025976",3,26.768
"24671","E01025977",7,13.259
"24672","E01025978",6,16.651
"24673","E01025979",8,8.679
"24674","E01025980",9,6.103
"24675","E01025981",8,9.424
"24676","E01025982",9,6.569
"24677","E01025983",7,12.504
"24678","E01025984",9,5.968
"24679","E01025985",7,12.145
"24680","E01025986",7,11.543
"24681","E01025987",2,38.676
"24682","E01025988",4,22.714
"24683","E01025989",3,31.333
"24684","E01025990",8,9.256
"24685","E01025991",10,5.383
"24686","E01025992",3,28.775
"24687","E01025993",7,11.246
"24688","E01025994",3,27.365
"24689","E01025995",7,11.962
"24690","E01025997",3,27.985
"24691","E01025998",9,8.145
"24692","E01025999",5,19.163
"24693","E01026000",10,4.832
"24694","E01026001",9,8.277
"24695","E01026003",6,15.159
"24696","E01026004",9,5.689
"24697","E01026005",5,18.571
"24698","E01026007",5,19.268
"24699","E01026008",4,23.401
"24700","E01026009",4,26.588
"24701","E01026010",1,50.327
"24702","E01026012",2,39.232
"24703","E01026013",7,12.795
"24704","E01026014",6,17.422
"24705","E01026015",4,23.19
"24706","E01026016",4,23.622
"24707","E01026017",3,32.737
"24708","E01026018",5,18.887
"24709","E01026019",3,30.944
"24710","E01026020",5,18.8
"24711","E01026021",6,16.265
"24712","E01026022",8,8.798
"24713","E01026023",4,25.564
"24714","E01026024",4,26.597
"24715","E01026025",2,41.453
"24716","E01026026",2,35.916
"24717","E01026027",3,28.089
"24718","E01026028",3,31.381
"24719","E01026030",1,46.672
"24720","E01026031",5,20.741
"24721","E01026032",2,42.889
"24722","E01026033",4,24.22
"24723","E01026034",4,23.037
"24724","E01026035",9,7.618
"24725","E01026036",1,49.729
"24726","E01026037",2,44.341
"24727","E01026038",6,16.233
"24728","E01026039",5,18.785
"24729","E01026040",5,20.422
"24730","E01026041",2,40.701
"24731","E01026042",2,37.828
"24732","E01026043",3,32.65
"24733","E01026044",4,24.097
"24734","E01026045",4,21.858
"24735","E01026046",3,32.956
"24736","E01026047",6,15.194
"24737","E01026048",1,65.052
"24738","E01026049",2,39.447
"24739","E01026050",2,34.912
"24740","E01026051",6,15.748
"24741","E01026052",5,19.553
"24742","E01026053",6,15.908
"24743","E01026054",2,33.787
"24744","E01026055",4,25.188
"24745","E01026056",2,39.672
"24746","E01026057",3,30.526
"24747","E01026058",5,17.872
"24748","E01026059",3,27.029
"24749","E01026060",4,25.723
"24750","E01026061",8,9.763
"24751","E01026062",6,15.261
"24752","E01026063",8,10.745
"24753","E01026064",2,36.432
"24754","E01026065",7,13.312
"24755","E01026066",7,12.765
"24756","E01026067",3,27.464
"24757","E01026068",4,26.187
"24758","E01026069",1,60.876
"24759","E01026070",6,16.674
"24760","E01026071",5,21.236
"24761","E01026072",1,51.847
"24762","E01026073",1,57.658
"24763","E01026074",1,51.292
"24764","E01026075",3,27.891
"24765","E01026076",4,22.891
"24766","E01026077",2,33.733
"24767","E01026078",3,30.82
"24768","E01026079",4,25.544
"24769","E01026080",6,17.011
"24770","E01026081",4,24.727
"24771","E01026082",5,19.48
"24772","E01026083",1,75.429
"24773","E01026084",2,42.212
"24774","E01026087",3,32.956
"24775","E01026088",7,11.326
"24776","E01026089",7,12.267
"24777","E01026090",4,23.079
"24778","E01026091",7,13.855
"24779","E01026092",1,55.908
"24780","E01026093",1,69.007
"24781","E01026094",1,51.652
"24782","E01026095",2,39.889
"24783","E01026096",6,14.201
"24784","E01026097",2,39.007
"24785","E01026098",6,17.18
"24786","E01026099",3,28.297
"24787","E01026100",4,24.022
"24788","E01026101",2,42.197
"24789","E01026102",3,29.361
"24790","E01026103",2,33.626
"24791","E01026104",3,29.877
"24792","E01026105",5,19.948
"24793","E01026106",6,16.082
"24794","E01026107",4,21.95
"24795","E01026108",2,36.526
"24796","E01026109",2,38.945
"24797","E01026110",2,33.994
"24798","E01026111",2,34.889
"24799","E01026112",1,65.238
"24800","E01026113",3,29.949
"24801","E01026114",1,53.573
"24802","E01026115",1,49.302
"24803","E01026116",3,32.102
"24804","E01026117",3,29.336
"24805","E01026118",8,8.781
"24806","E01026119",8,8.637
"24807","E01026120",5,18.007
"24808","E01026121",4,25.605
"24809","E01026122",3,28.588
"24810","E01026123",3,32.311
"24811","E01026124",3,32.23
"24812","E01026125",3,27.139
"24813","E01026126",1,62.78
"24814","E01026127",1,48.732
"24815","E01026129",1,69.846
"24816","E01026130",7,12.679
"24817","E01026131",3,32.904
"24818","E01026132",5,20.224
"24819","E01026134",3,30.816
"24820","E01026135",6,15.5
"24821","E01026136",7,11.487
"24822","E01026137",7,11.664
"24823","E01026138",7,11.645
"24824","E01026139",9,6.084
"24825","E01026140",3,28.449
"24826","E01026141",8,9.227
"24827","E01026142",2,39.764
"24828","E01026144",6,16.306
"24829","E01026145",6,14.881
"24830","E01026146",2,34.52
"24831","E01026147",7,12.533
"24832","E01026148",4,25.631
"24833","E01026149",1,46.331
"24834","E01026150",1,56.15
"24835","E01026151",5,17.895
"24836","E01026152",1,69.818
"24837","E01026153",6,14.818
"24838","E01026154",2,35.245
"24839","E01026155",8,9.509
"24840","E01026156",2,35.798
"24841","E01026157",2,44.122
"24842","E01026158",8,10.513
"24843","E01026159",5,17.528
"24844","E01026160",9,8.116
"24845","E01026161",1,45.4
"24846","E01026162",5,20.408
"24847","E01026163",8,9.745
"24848","E01026164",10,5.232
"24849","E01026165",2,40.398
"24850","E01026166",1,45.023
"24851","E01026167",8,11.1
"24852","E01026168",1,61.27
"24853","E01026169",4,26.292
"24854","E01026170",2,39.248
"24855","E01026171",8,10.221
"24856","E01026172",1,45.705
"24857","E01026173",1,77.457
"24858","E01026174",2,34.146
"24859","E01026175",2,40.345
"24860","E01026176",1,48.109
"24861","E01026177",3,32.024
"24862","E01026178",3,29.681
"24863","E01026179",6,15.858
"24864","E01026180",6,16.977
"24865","E01026182",7,11.662
"24866","E01026183",3,30.271
"24867","E01026184",10,4.078
"24868","E01026185",7,13.028
"24869","E01026186",9,6.618
"24870","E01026187",10,3.634
"24871","E01026188",6,15.381
"24872","E01026189",10,5.04
"24873","E01026190",5,18.684
"24874","E01026191",7,11.87
"24875","E01026192",4,22.412
"24876","E01026193",6,14.205
"24877","E01026194",7,12.716
"24878","E01026195",9,7.156
"24879","E01026196",7,11.223
"24880","E01026197",8,10.641
"24881","E01026198",9,6.656
"24882","E01026199",6,16.327
"24883","E01026200",8,10.84
"24884","E01026201",5,17.983
"24885","E01026202",6,17.122
"24886","E01026203",8,9.554
"24887","E01026204",9,6.207
"24888","E01026205",5,17.602
"24889","E01026206",10,5.011
"24890","E01026207",3,29.003
"24891","E01026208",7,12.581
"24892","E01026209",8,9.624
"24893","E01026210",4,22.665
"24894","E01026211",8,10.271
"24895","E01026212",7,12.441
"24896","E01026213",4,23.849
"24897","E01026214",8,10.198
"24898","E01026215",10,4.725
"24899","E01026218",8,10.835
"24900","E01026219",9,7.505
"24901","E01026220",7,13.546
"24902","E01026221",5,19.875
"24903","E01026222",7,11.608
"24904","E01026223",9,7.796
"24905","E01026224",3,27.915
"24906","E01026225",7,11.684
"24907","E01026226",9,7.166
"24908","E01026227",3,30.772
"24909","E01026228",7,11.158
"24910","E01026229",7,11.801
"24911","E01026230",4,25.231
"24912","E01026231",8,8.402
"24913","E01026232",5,20.988
"24914","E01026233",10,3.497
"24915","E01026235",2,34.758
"24916","E01026236",6,16.425
"24917","E01026237",9,8.154
"24918","E01026238",8,9.268
"24919","E01026239",5,19.726
"24920","E01026240",5,20.303
"24921","E01026241",5,21.314
"24922","E01026242",5,17.842
"24923","E01026243",3,29.368
"24924","E01026244",5,18.786
"24925","E01026245",4,21.858
"24926","E01026246",3,29.655
"24927","E01026247",6,17.286
"24928","E01026248",4,24.165
"24929","E01026249",4,22.125
"24930","E01026250",4,23.244
"24931","E01026251",6,15.45
"24932","E01026252",5,18.053
"24933","E01026253",4,24.224
"24934","E01026254",3,30.56
"24935","E01026255",5,21.473
"24936","E01026256",4,25.148
"24937","E01026257",5,18.289
"24938","E01026258",7,12.528
"24939","E01026259",4,25.235
"24940","E01026260",4,23.414
"24941","E01026262",7,12.109
"24942","E01026263",8,8.912
"24943","E01026264",4,23.05
"24944","E01026265",5,20.413
"24945","E01026266",3,26.652
"24946","E01026268",3,32.754
"24947","E01026269",8,9.31
"24948","E01026270",3,32.648
"24949","E01026271",2,37.359
"24950","E01026272",6,17.195
"24951","E01026273",8,9.149
"24952","E01026275",6,14.461
"24953","E01026276",5,18.278
"24954","E01026277",1,46.998
"24955","E01026278",4,23.794
"24956","E01026279",3,27.95
"24957","E01026280",3,27.193
"24958","E01026281",7,13.442
"24959","E01026282",4,22.559
"24960","E01026283",6,16.812
"24961","E01026284",6,16.897
"24962","E01026285",4,22.477
"24963","E01026286",4,23.443
"24964","E01026287",5,21.348
"24965","E01026288",3,27.659
"24966","E01026289",8,10.092
"24967","E01026290",5,21.022
"24968","E01026291",8,10.263
"24969","E01026292",8,9.552
"24970","E01026293",8,8.987
"24971","E01026294",9,6.746
"24972","E01026296",8,8.736
"24973","E01026297",5,18.748
"24974","E01026298",4,22.253
"24975","E01026299",6,14.564
"24976","E01026300",10,4.577
"24977","E01026302",9,6.739
"24978","E01026303",10,4.317
"24979","E01026304",9,7.123
"24980","E01026305",9,6.955
"24981","E01026306",6,15.72
"24982","E01026307",9,5.596
"24983","E01026308",1,61.752
"24984","E01026309",5,17.836
"24985","E01026310",3,28.473
"24986","E01026311",3,27.911
"24987","E01026312",1,51.973
"24988","E01026313",7,11.576
"24989","E01026314",6,16.937
"24990","E01026315",5,18.615
"24991","E01026316",6,16.058
"24992","E01026317",4,26.538
"24993","E01026318",4,25.834
"24994","E01026319",7,12.776
"24995","E01026321",9,7.474
"24996","E01026322",9,7.365
"24997","E01026323",3,29.523
"24998","E01026324",10,5.151
"24999","E01026325",3,31.022
"25000","E01026326",6,15.914
"25001","E01026327",4,25.905
"25002","E01026328",1,44.977
"25003","E01026329",6,16.325
"25004","E01026330",7,12.055
"25005","E01026331",5,18.718
"25006","E01026332",6,15.649
"25007","E01026333",7,11.905
"25008","E01026334",10,5.096
"25009","E01026335",8,10.186
"25010","E01026336",4,23.942
"25011","E01026337",8,10.347
"25012","E01026338",5,17.534
"25013","E01026339",4,24.423
"25014","E01026340",6,15.392
"25015","E01026341",5,17.784
"25016","E01026342",8,10.342
"25017","E01026343",3,31.306
"25018","E01026344",5,18.179
"25019","E01026345",5,18.535
"25020","E01026346",8,9.369
"25021","E01026347",7,12.457
"25022","E01026348",6,17.337
"25023","E01026349",5,20.011
"25024","E01026350",8,9.127
"25025","E01026351",6,16.302
"25026","E01026352",10,3.136
"25027","E01026353",3,27.906
"25028","E01026354",10,3.914
"25029","E01026355",8,8.764
"25030","E01026356",10,5.03
"25031","E01026357",9,8.37
"25032","E01026358",10,3.891
"25033","E01026359",10,3.843
"25034","E01026360",9,6.907
"25035","E01026361",4,21.908
"25036","E01026362",10,5.186
"25037","E01026363",7,13.164
"25038","E01026364",9,6.747
"25039","E01026365",7,12.248
"25040","E01026366",4,23.976
"25041","E01026367",3,27.436
"25042","E01026368",8,10.967
"25043","E01026369",6,15.218
"25044","E01026370",9,7.824
"25045","E01026371",9,5.565
"25046","E01026372",7,11.812
"25047","E01026373",4,23.086
"25048","E01026374",1,67.902
"25049","E01026375",1,45.495
"25050","E01026376",1,50.473
"25051","E01026377",3,31.102
"25052","E01026378",1,52.606
"25053","E01026379",3,32.988
"25054","E01026380",6,14.47
"25055","E01026381",2,38.043
"25056","E01026382",2,36.998
"25057","E01026383",1,81.615
"25058","E01026384",1,52.155
"25059","E01026385",4,21.952
"25060","E01026386",2,35.022
"25061","E01026387",6,17.205
"25062","E01026388",7,12.516
"25063","E01026389",4,25.129
"25064","E01026390",3,28.721
"25065","E01026391",6,15.064
"25066","E01026392",7,13.701
"25067","E01026393",10,4.472
"25068","E01026394",8,9.325
"25069","E01026395",9,6.212
"25070","E01026396",9,6.833
"25071","E01026398",5,18.266
"25072","E01026399",6,14.598
"25073","E01026400",7,11.542
"25074","E01026401",8,9.127
"25075","E01026402",8,9.731
"25076","E01026403",5,21.199
"25077","E01026404",5,17.811
"25078","E01026405",9,6.084
"25079","E01026406",9,6.021
"25080","E01026407",4,24.796
"25081","E01026408",5,19.213
"25082","E01026409",5,19.842
"25083","E01026410",3,27.615
"25084","E01026411",5,18.026
"25085","E01026412",6,14.34
"25086","E01026413",9,5.605
"25087","E01026414",6,16.431
"25088","E01026415",3,31.485
"25089","E01026416",4,22.022
"25090","E01026419",6,15.606
"25091","E01026420",7,13.063
"25092","E01026421",5,17.697
"25093","E01026423",5,18.326
"25094","E01026424",5,19.442
"25095","E01026425",3,32.869
"25096","E01026426",3,29.608
"25097","E01026427",6,16.672
"25098","E01026428",5,18.114
"25099","E01026429",4,22.848
"25100","E01026430",7,11.48
"25101","E01026431",6,14.898
"25102","E01026432",8,9.954
"25103","E01026433",4,24.727
"25104","E01026434",7,11.366
"25105","E01026435",5,19.84
"25106","E01026436",5,19.463
"25107","E01026437",6,15.723
"25108","E01026438",5,21.371
"25109","E01026439",7,13.884
"25110","E01026440",6,15.773
"25111","E01026441",4,22.799
"25112","E01026442",4,23.592
"25113","E01026443",4,23.75
"25114","E01026444",3,26.686
"25115","E01026445",4,25.032
"25116","E01026446",5,18.393
"25117","E01026447",4,25.289
"25118","E01026448",9,6.998
"25119","E01026449",6,16.831
"25120","E01026450",8,8.453
"25121","E01026451",6,16.615
"25122","E01026452",6,16.875
"25123","E01026453",5,20.398
"25124","E01026454",9,6.422
"25125","E01026456",6,16.105
"25126","E01026457",6,14.358
"25127","E01026458",4,24.212
"25128","E01026459",3,32.575
"25129","E01026461",6,14.564
"25130","E01026462",6,15.979
"25131","E01026464",5,18.439
"25132","E01026465",3,32.591
"25133","E01026466",4,23.751
"25134","E01026467",1,53.265
"25135","E01026468",3,26.607
"25136","E01026469",6,15.595
"25137","E01026470",8,8.808
"25138","E01026471",8,8.488
"25139","E01026472",7,12.203
"25140","E01026473",7,13.544
"25141","E01026474",4,24.407
"25142","E01026475",5,17.833
"25143","E01026476",2,37.624
"25144","E01026477",2,40.686
"25145","E01026478",2,42.698
"25146","E01026479",5,17.887
"25147","E01026480",7,13.444
"25148","E01026481",5,19.664
"25149","E01026483",3,31.454
"25150","E01026484",7,13.946
"25151","E01026485",6,16.412
"25152","E01026486",6,17.389
"25153","E01026487",5,19.597
"25154","E01026488",2,35.589
"25155","E01026489",6,16.789
"25156","E01026490",6,14.438
"25157","E01026491",5,19.226
"25158","E01026492",4,23.225
"25159","E01026493",6,17.109
"25160","E01026494",5,20.031
"25161","E01026495",4,23.951
"25162","E01026496",5,18.72
"25163","E01026497",8,10.254
"25164","E01026498",5,19.065
"25165","E01026499",4,24.049
"25166","E01026500",9,6.56
"25167","E01026501",5,17.682
"25168","E01026502",6,14.645
"25169","E01026503",9,7.484
"25170","E01026504",5,17.524
"25171","E01026505",5,17.754
"25172","E01026506",9,7.613
"25173","E01026507",9,7.745
"25174","E01026508",7,13.481
"25175","E01026509",8,9.701
"25176","E01026510",9,7.42
"25177","E01026511",4,22.704
"25178","E01026512",5,17.908
"25179","E01026513",6,14.242
"25180","E01026514",6,15.407
"25181","E01026515",7,11.333
"25182","E01026516",5,18.421
"25183","E01026517",8,9.615
"25184","E01026518",8,9.786
"25185","E01026519",8,9.196
"25186","E01026520",7,11.925
"25187","E01026521",9,5.851
"25188","E01026522",4,26.365
"25189","E01026523",4,22.023
"25190","E01026524",6,16.693
"25191","E01026525",4,22.448
"25192","E01026526",7,13.972
"25193","E01026527",9,7.476
"25194","E01026528",6,16.055
"25195","E01026529",6,15.923
"25196","E01026530",9,7.38
"25197","E01026531",9,7.779
"25198","E01026532",7,11.975
"25199","E01026533",6,16.81
"25200","E01026534",6,16.284
"25201","E01026535",5,18.308
"25202","E01026536",6,16.432
"25203","E01026537",9,7.262
"25204","E01026538",4,23.86
"25205","E01026539",5,18.971
"25206","E01026540",10,4.309
"25207","E01026541",6,15.2
"25208","E01026542",9,8.319
"25209","E01026543",10,4.919
"25210","E01026544",9,7.06
"25211","E01026545",7,13.45
"25212","E01026546",10,5.282
"25213","E01026547",5,18.377
"25214","E01026548",7,11.143
"25215","E01026549",6,17.236
"25216","E01026550",8,10.088
"25217","E01026551",8,10.865
"25218","E01026552",9,8.262
"25219","E01026553",5,18.797
"25220","E01026554",9,6.001
"25221","E01026555",7,12.981
"25222","E01026556",7,13.199
"25223","E01026557",9,7.417
"25224","E01026558",7,11.59
"25225","E01026559",9,6.5
"25226","E01026560",9,7.121
"25227","E01026562",10,3.435
"25228","E01026563",8,9.717
"25229","E01026564",8,8.676
"25230","E01026565",7,11.283
"25231","E01026566",7,11.441
"25232","E01026567",10,4.648
"25233","E01026568",10,2.687
"25234","E01026569",6,14.494
"25235","E01026570",10,5.402
"25236","E01026571",10,5.151
"25237","E01026572",10,3.419
"25238","E01026573",6,16.599
"25239","E01026574",10,2.549
"25240","E01026575",6,17.345
"25241","E01026576",9,6.658
"25242","E01026577",7,12.27
"25243","E01026578",6,16.138
"25244","E01026579",7,13.322
"25245","E01026580",6,14.566
"25246","E01026581",7,11.779
"25247","E01026582",8,9.371
"25248","E01026583",4,23.498
"25249","E01026584",7,13.734
"25250","E01026587",7,11.381
"25251","E01026588",5,18.225
"25252","E01026589",4,23.378
"25253","E01026590",7,12.619
"25254","E01026591",6,16.223
"25255","E01026592",3,32.947
"25256","E01026593",7,13.525
"25257","E01026594",4,23.43
"25258","E01026595",1,63.625
"25259","E01026596",2,40.177
"25260","E01026597",1,78.831
"25261","E01026598",1,68.567
"25262","E01026599",1,45.768
"25263","E01026600",2,43.263
"25264","E01026601",3,32.143
"25265","E01026602",3,26.653
"25266","E01026603",1,59.06
"25267","E01026604",1,59.725
"25268","E01026605",6,17.418
"25269","E01026606",3,27.932
"25270","E01026607",3,30.184
"25271","E01026608",6,15
"25272","E01026609",4,25.749
"25273","E01026610",5,19.946
"25274","E01026611",6,15.384
"25275","E01026612",7,11.898
"25276","E01026613",5,18.935
"25277","E01026614",3,30.436
"25278","E01026615",5,19.648
"25279","E01026616",4,25.314
"25280","E01026617",3,28.605
"25281","E01026618",4,22.532
"25282","E01026619",2,43.068
"25283","E01026620",1,47.647
"25284","E01026621",3,28.619
"25285","E01026622",1,70.936
"25286","E01026623",1,67.739
"25287","E01026624",1,78.584
"25288","E01026625",1,80.525
"25289","E01026626",1,66.644
"25290","E01026627",5,19.917
"25291","E01026628",4,23.734
"25292","E01026629",4,22.871
"25293","E01026630",2,34.117
"25294","E01026631",3,29.039
"25295","E01026632",3,33.311
"25296","E01026633",2,37.116
"25297","E01026634",1,47.721
"25298","E01026635",1,56.765
"25299","E01026636",4,23.582
"25300","E01026637",6,16.822
"25301","E01026638",4,25.51
"25302","E01026639",3,28.266
"25303","E01026640",3,27.27
"25304","E01026641",1,57.972
"25305","E01026642",4,23.667
"25306","E01026643",4,22.051
"25307","E01026644",8,9.967
"25308","E01026645",4,25.179
"25309","E01026646",3,27.953
"25310","E01026647",5,18.756
"25311","E01026648",4,23.881
"25312","E01026649",4,21.855
"25313","E01026650",4,24.071
"25314","E01026651",4,26.414
"25315","E01026652",3,30.27
"25316","E01026653",8,8.512
"25317","E01026654",3,29.842
"25318","E01026655",6,15.827
"25319","E01026656",4,26.499
"25320","E01026659",2,35.333
"25321","E01026660",5,20.078
"25322","E01026661",4,24.491
"25323","E01026662",2,39.355
"25324","E01026663",2,42.006
"25325","E01026664",6,16.446
"25326","E01026665",4,26.167
"25327","E01026666",1,46.769
"25328","E01026667",5,21.403
"25329","E01026668",5,20.244
"25330","E01026669",7,13.087
"25331","E01026670",4,24.844
"25332","E01026671",9,6.956
"25333","E01026672",8,9.184
"25334","E01026673",8,9.241
"25335","E01026674",5,18.705
"25336","E01026675",5,17.878
"25337","E01026676",6,17.386
"25338","E01026677",4,22.109
"25339","E01026678",6,14.352
"25340","E01026679",4,23.128
"25341","E01026680",2,34.458
"25342","E01026681",6,16.069
"25343","E01026682",5,18.658
"25344","E01026683",4,25.52
"25345","E01026684",3,29.381
"25346","E01026685",4,24.497
"25347","E01026687",1,50.416
"25348","E01026688",2,42.36
"25349","E01026689",2,40.182
"25350","E01026690",2,42.239
"25351","E01026691",8,11.067
"25352","E01026692",8,9.259
"25353","E01026693",4,21.826
"25354","E01026694",4,23.192
"25355","E01026695",4,25.036
"25356","E01026696",3,31.834
"25357","E01026697",4,26.077
"25358","E01026699",1,48.455
"25359","E01026700",1,49.007
"25360","E01026701",7,13.635
"25361","E01026702",4,23.098
"25362","E01026703",4,24.814
"25363","E01026704",1,48.247
"25364","E01026705",4,22.771
"25365","E01026706",5,21.443
"25366","E01026708",9,7.856
"25367","E01026709",10,4.089
"25368","E01026710",8,8.656
"25369","E01026711",2,34.814
"25370","E01026712",5,19.402
"25371","E01026713",3,26.956
"25372","E01026714",9,6.627
"25373","E01026715",4,25.304
"25374","E01026716",2,33.782
"25375","E01026717",3,27.603
"25376","E01026718",4,23.837
"25377","E01026719",3,27.52
"25378","E01026720",4,21.852
"25379","E01026721",2,35.684
"25380","E01026722",5,17.789
"25381","E01026723",7,12.829
"25382","E01026724",4,21.885
"25383","E01026725",4,21.706
"25384","E01026726",4,24.42
"25385","E01026727",5,20.733
"25386","E01026728",4,23.544
"25387","E01026729",3,27.4
"25388","E01026730",4,24.17
"25389","E01026733",4,25.695
"25390","E01026734",2,36.902
"25391","E01026735",4,24.623
"25392","E01026736",4,25.183
"25393","E01026737",5,17.861
"25394","E01026738",5,19.835
"25395","E01026739",4,24.933
"25396","E01026740",4,25.228
"25397","E01026741",5,19.343
"25398","E01026742",7,11.44
"25399","E01026743",4,25.965
"25400","E01026744",5,21.359
"25401","E01026745",5,20.707
"25402","E01026746",8,10.788
"25403","E01026747",4,25.961
"25404","E01026748",7,11.992
"25405","E01026749",3,28.407
"25406","E01026750",4,24.013
"25407","E01026751",4,22.471
"25408","E01026752",4,26.063
"25409","E01026753",2,38.51
"25410","E01026754",6,15.515
"25411","E01026755",7,13.502
"25412","E01026756",3,31.663
"25413","E01026757",7,13.268
"25414","E01026758",5,17.829
"25415","E01026759",4,23.607
"25416","E01026760",7,13.513
"25417","E01026761",5,20.318
"25418","E01026763",3,27.237
"25419","E01026764",5,19.891
"25420","E01026765",4,21.99
"25421","E01026766",5,20.277
"25422","E01026767",5,17.507
"25423","E01026768",6,16.228
"25424","E01026769",6,15.487
"25425","E01026770",5,20.736
"25426","E01026771",6,15.87
"25427","E01026772",8,8.579
"25428","E01026773",6,16.122
"25429","E01026774",5,21.166
"25430","E01026775",2,33.904
"25431","E01026776",5,21.189
"25432","E01026777",6,15.092
"25433","E01026778",6,16.365
"25434","E01026779",3,28.074
"25435","E01026780",4,23.467
"25436","E01026781",5,17.527
"25437","E01026782",4,23.984
"25438","E01026783",4,21.775
"25439","E01026784",3,27.956
"25440","E01026785",5,17.604
"25441","E01026786",4,24.682
"25442","E01026787",4,22.642
"25443","E01026788",4,22.25
"25444","E01026789",5,18.172
"25445","E01026790",5,19.377
"25446","E01026791",3,33.125
"25447","E01026792",4,22.534
"25448","E01026793",2,44.094
"25449","E01026794",4,21.849
"25450","E01026796",3,28.492
"25451","E01026797",5,18.889
"25452","E01026798",2,44.246
"25453","E01026799",3,32.773
"25454","E01026800",1,49.165
"25455","E01026801",8,9.542
"25456","E01026802",4,26.54
"25457","E01026803",3,33.509
"25458","E01026804",4,22.933
"25459","E01026805",2,34.895
"25460","E01026806",5,19.364
"25461","E01026807",3,26.903
"25462","E01026808",1,55.887
"25463","E01026809",1,45.754
"25464","E01026810",8,10.254
"25465","E01026811",10,4.089
"25466","E01026812",10,3.568
"25467","E01026813",10,1.589
"25468","E01026814",4,24.845
"25469","E01026815",10,4.446
"25470","E01026816",5,20.529
"25471","E01026817",2,35.93
"25472","E01026818",3,30.981
"25473","E01026819",2,44.747
"25474","E01026820",2,33.788
"25475","E01026821",2,33.948
"25476","E01026823",3,29.815
"25477","E01026824",2,43.181
"25478","E01026825",3,29.666
"25479","E01026826",2,42.885
"25480","E01026827",1,51.626
"25481","E01026828",2,44.462
"25482","E01026829",2,34.131
"25483","E01026830",2,43.909
"25484","E01026831",6,17.02
"25485","E01026832",1,45.55
"25486","E01026833",1,59.006
"25487","E01026834",2,40.02
"25488","E01026835",8,9.882
"25489","E01026836",9,6.278
"25490","E01026837",6,14.143
"25491","E01026838",9,5.913
"25492","E01026839",8,9.824
"25493","E01026840",8,11.108
"25494","E01026841",5,20.571
"25495","E01026842",6,15.084
"25496","E01026843",3,29.243
"25497","E01026844",3,31.124
"25498","E01026845",6,16.751
"25499","E01026846",4,23.304
"25500","E01026848",2,43.136
"25501","E01026849",8,9.649
"25502","E01026850",5,19.029
"25503","E01026852",10,3.231
"25504","E01026853",3,28.253
"25505","E01026855",7,11.239
"25506","E01026856",7,12.289
"25507","E01026857",7,11.423
"25508","E01026858",2,36.696
"25509","E01026859",4,23.923
"25510","E01026860",9,7.55
"25511","E01026861",3,30.783
"25512","E01026862",5,18.733
"25513","E01026863",6,15.33
"25514","E01026864",5,21.086
"25515","E01026865",2,39.576
"25516","E01026866",5,21.49
"25517","E01026867",1,49.878
"25518","E01026868",1,46.355
"25519","E01026869",1,49.626
"25520","E01026870",6,17.145
"25521","E01026871",10,3.828
"25522","E01026872",5,20.394
"25523","E01026873",6,15.45
"25524","E01026874",4,22.347
"25525","E01026875",8,9.837
"25526","E01026876",6,14.335
"25527","E01026877",6,16.517
"25528","E01026878",5,19.473
"25529","E01026879",5,20.177
"25530","E01026880",7,12.07
"25531","E01026881",8,11.083
"25532","E01026883",7,11.592
"25533","E01026884",6,14.16
"25534","E01026885",7,12.089
"25535","E01026886",6,16.226
"25536","E01026887",5,18.62
"25537","E01026888",4,24.575
"25538","E01026889",8,8.968
"25539","E01026891",4,23.468
"25540","E01026892",4,24.303
"25541","E01026893",7,12.811
"25542","E01026894",5,18.178
"25543","E01026895",7,11.841
"25544","E01026896",7,13.654
"25545","E01026897",7,13.696
"25546","E01026898",5,19.266
"25547","E01026899",5,17.468
"25548","E01026900",6,17.157
"25549","E01026901",7,11.718
"25550","E01026902",5,17.764
"25551","E01026903",6,15.067
"25552","E01026904",6,15.752
"25553","E01026905",4,24.333
"25554","E01026906",9,7.936
"25555","E01026907",9,7.256
"25556","E01026908",9,6.282
"25557","E01026909",4,22.861
"25558","E01026910",7,11.363
"25559","E01026911",4,23.673
"25560","E01026912",8,8.851
"25561","E01026913",7,11.947
"25562","E01026914",8,10.55
"25563","E01026915",9,5.616
"25564","E01026916",9,6.004
"25565","E01026917",8,10.401
"25566","E01026918",8,9.532
"25567","E01026919",6,15.725
"25568","E01026920",7,13.759
"25569","E01026921",9,7.681
"25570","E01026922",5,17.745
"25571","E01026924",7,13.534
"25572","E01026925",4,24.821
"25573","E01026927",10,4.45
"25574","E01026928",7,12.63
"25575","E01026929",8,11.076
"25576","E01026930",7,11.679
"25577","E01026931",7,11.47
"25578","E01026932",8,9.431
"25579","E01026934",6,15.309
"25580","E01026935",6,14.925
"25581","E01026936",8,9.069
"25582","E01026937",8,9.047
"25583","E01026938",8,11.026
"25584","E01026939",7,13.361
"25585","E01026940",6,16.806
"25586","E01026941",7,13.841
"25587","E01026942",8,9.131
"25588","E01026943",5,21.349
"25589","E01026944",6,16.293
"25590","E01026947",6,15.695
"25591","E01026948",8,8.787
"25592","E01026949",2,37.223
"25593","E01026950",2,44.232
"25594","E01026951",2,37.325
"25595","E01026952",5,18.455
"25596","E01026953",6,15.507
"25597","E01026954",2,37.123
"25598","E01026955",10,4.482
"25599","E01026956",5,20.193
"25600","E01026957",2,36.003
"25601","E01026958",3,27.01
"25602","E01026959",3,30.316
"25603","E01026960",2,42.358
"25604","E01026961",2,38.405
"25605","E01026962",3,28.182
"25606","E01026963",3,30.79
"25607","E01026965",1,45.897
"25608","E01026966",3,32.272
"25609","E01026967",3,29.679
"25610","E01026968",1,57.533
"25611","E01026969",4,25.687
"25612","E01026970",5,17.98
"25613","E01026971",5,17.792
"25614","E01026972",4,26.392
"25615","E01026973",4,21.746
"25616","E01026974",6,17.39
"25617","E01026975",2,33.778
"25618","E01026976",3,29.042
"25619","E01026979",6,14.323
"25620","E01026980",8,9.356
"25621","E01026981",5,18.347
"25622","E01026982",4,23.107
"25623","E01026983",3,26.801
"25624","E01026984",3,30.961
"25625","E01026985",6,16.906
"25626","E01026986",6,15.975
"25627","E01026987",7,11.582
"25628","E01026988",3,29.468
"25629","E01026989",6,16.012
"25630","E01026991",8,10.68
"25631","E01026992",3,32.041
"25632","E01026993",8,10.336
"25633","E01026994",7,11.996
"25634","E01026998",8,8.99
"25635","E01026999",6,16.494
"25636","E01027000",7,11.618
"25637","E01027001",10,4.048
"25638","E01027002",9,6.914
"25639","E01027003",8,9.046
"25640","E01027004",7,11.409
"25641","E01027005",7,13.702
"25642","E01027006",8,10.543
"25643","E01027007",4,22.41
"25644","E01027008",8,8.71
"25645","E01027009",3,31.685
"25646","E01027010",8,8.526
"25647","E01027011",8,9.813
"25648","E01027012",5,17.717
"25649","E01027013",2,41.77
"25650","E01027015",9,5.748
"25651","E01027016",8,10.468
"25652","E01027017",6,16.738
"25653","E01027018",9,6.354
"25654","E01027019",7,13.671
"25655","E01027020",9,7.458
"25656","E01027021",8,10.908
"25657","E01027022",6,15.782
"25658","E01027023",7,12.708
"25659","E01027024",8,8.837
"25660","E01027025",5,19.498
"25661","E01027026",7,13.981
"25662","E01027027",8,9.181
"25663","E01027028",7,11.475
"25664","E01027029",5,18.778
"25665","E01027030",6,15.685
"25666","E01027031",7,12.115
"25667","E01027032",6,16.899
"25668","E01027033",6,15.59
"25669","E01027034",5,18.351
"25670","E01027035",4,22.03
"25671","E01027037",10,5.254
"25672","E01027038",4,22.622
"25673","E01027039",5,17.775
"25674","E01027040",8,8.539
"25675","E01027041",3,33.421
"25676","E01027042",9,7.498
"25677","E01027043",6,14.978
"25678","E01027044",8,9.278
"25679","E01027045",6,14.939
"25680","E01027046",9,5.963
"25681","E01027047",7,13.928
"25682","E01027048",9,6.529
"25683","E01027049",9,6.017
"25684","E01027050",7,11.372
"25685","E01027051",6,16.268
"25686","E01027052",8,9.139
"25687","E01027053",8,9.977
"25688","E01027054",7,11.227
"25689","E01027055",7,11.241
"25690","E01027056",3,27.112
"25691","E01027057",6,14.739
"25692","E01027058",3,27.685
"25693","E01027059",4,23.806
"25694","E01027060",3,27.929
"25695","E01027061",6,14.991
"25696","E01027062",6,15.492
"25697","E01027063",9,6.336
"25698","E01027064",8,8.492
"25699","E01027065",3,30.025
"25700","E01027066",9,6.501
"25701","E01027067",9,5.667
"25702","E01027069",3,28.581
"25703","E01027070",9,8.033
"25704","E01027071",8,9.83
"25705","E01027072",2,34.799
"25706","E01027073",6,15.505
"25707","E01027074",8,10.416
"25708","E01027075",9,7.497
"25709","E01027076",6,16.687
"25710","E01027078",5,17.525
"25711","E01027079",6,16.347
"25712","E01027080",9,6.701
"25713","E01027081",3,27.905
"25714","E01027082",3,32.704
"25715","E01027083",2,41.921
"25716","E01027084",9,6.936
"25717","E01027085",7,12.462
"25718","E01027086",9,6
"25719","E01027087",8,9.609
"25720","E01027088",9,6.071
"25721","E01027089",8,9.611
"25722","E01027090",6,14.357
"25723","E01027091",4,23.006
"25724","E01027092",6,15.849
"25725","E01027094",8,9.337
"25726","E01027095",6,17.032
"25727","E01027096",9,8.234
"25728","E01027097",8,8.54
"25729","E01027098",8,10.518
"25730","E01027099",9,7.203
"25731","E01027100",5,17.854
"25732","E01027102",8,8.503
"25733","E01027103",7,13.083
"25734","E01027104",3,29.433
"25735","E01027105",2,38.279
"25736","E01027106",3,32.916
"25737","E01027107",6,14.305
"25738","E01027108",10,5.421
"25739","E01027109",5,19.78
"25740","E01027111",3,27.965
"25741","E01027112",3,27.542
"25742","E01027113",5,19.184
"25743","E01027114",6,15.437
"25744","E01027115",9,6.319
"25745","E01027116",9,6.423
"25746","E01027117",9,6.321
"25747","E01027119",5,21.028
"25748","E01027120",9,6.353
"25749","E01027121",10,4.879
"25750","E01027122",9,8.141
"25751","E01027123",5,18.177
"25752","E01027125",10,5.407
"25753","E01027126",5,17.934
"25754","E01027127",1,52.578
"25755","E01027128",2,35.261
"25756","E01027129",6,16.075
"25757","E01027130",5,18.259
"25758","E01027131",2,39.646
"25759","E01027132",4,23.728
"25760","E01027133",5,18.065
"25761","E01027134",4,24.671
"25762","E01027135",7,13.922
"25763","E01027136",4,22.022
"25764","E01027137",4,26.151
"25765","E01027138",7,12.406
"25766","E01027139",6,15.74
"25767","E01027140",1,65.4
"25768","E01027141",9,7.684
"25769","E01027142",5,20.832
"25770","E01027143",7,13.976
"25771","E01027144",10,5.039
"25772","E01027145",6,16.249
"25773","E01027146",8,9.157
"25774","E01027147",4,25.591
"25775","E01027148",9,7.691
"25776","E01027149",7,14.134
"25777","E01027151",3,31.612
"25778","E01027152",4,26.316
"25779","E01027153",1,51.667
"25780","E01027154",3,29.085
"25781","E01027155",3,33.354
"25782","E01027156",3,28.326
"25783","E01027158",5,19.559
"25784","E01027159",7,11.235
"25785","E01027160",9,7.97
"25786","E01027161",2,38.986
"25787","E01027162",8,9.777
"25788","E01027163",10,3.695
"25789","E01027164",9,6.563
"25790","E01027165",10,3.41
"25791","E01027166",10,5.222
"25792","E01027167",10,5.01
"25793","E01027168",2,44.553
"25794","E01027169",7,11.937
"25795","E01027170",2,34.611
"25796","E01027171",4,23.732
"25797","E01027172",8,9.479
"25798","E01027173",4,25.464
"25799","E01027174",9,7.899
"25800","E01027175",4,21.89
"25801","E01027176",6,16.842
"25802","E01027177",2,36.077
"25803","E01027178",2,33.592
"25804","E01027179",6,14.682
"25805","E01027180",5,20.465
"25806","E01027181",8,8.563
"25807","E01027182",8,10.273
"25808","E01027183",6,14.741
"25809","E01027184",3,29.045
"25810","E01027185",3,29.973
"25811","E01027186",8,10.781
"25812","E01027187",4,25.624
"25813","E01027188",4,23.495
"25814","E01027189",4,21.843
"25815","E01027190",6,14.181
"25816","E01027191",4,22.54
"25817","E01027192",5,19.534
"25818","E01027193",9,7.885
"25819","E01027194",10,4.97
"25820","E01027195",2,33.841
"25821","E01027196",4,22.055
"25822","E01027197",3,31.643
"25823","E01027198",2,36.011
"25824","E01027199",1,45.013
"25825","E01027200",3,33.196
"25826","E01027201",9,7.461
"25827","E01027202",6,17.056
"25828","E01027203",10,3.941
"25829","E01027204",8,10.481
"25830","E01027205",10,3.138
"25831","E01027207",8,8.443
"25832","E01027208",10,5.306
"25833","E01027209",9,7.434
"25834","E01027210",8,9.689
"25835","E01027211",10,4.712
"25836","E01027212",8,10.007
"25837","E01027213",5,17.637
"25838","E01027214",2,35.872
"25839","E01027215",6,15.821
"25840","E01027216",8,10.116
"25841","E01027217",8,8.501
"25842","E01027218",9,8.222
"25843","E01027219",8,8.562
"25844","E01027220",8,9.744
"25845","E01027221",7,11.946
"25846","E01027222",10,4.957
"25847","E01027224",3,29.955
"25848","E01027225",4,24.113
"25849","E01027226",2,35.781
"25850","E01027227",3,27.375
"25851","E01027228",3,29.542
"25852","E01027229",2,34.737
"25853","E01027230",3,26.83
"25854","E01027231",2,38.422
"25855","E01027232",7,12.247
"25856","E01027233",3,28.987
"25857","E01027234",7,11.564
"25858","E01027235",2,42.798
"25859","E01027236",7,12.324
"25860","E01027237",6,15.747
"25861","E01027238",3,28.357
"25862","E01027239",2,43.122
"25863","E01027240",3,27.361
"25864","E01027241",3,29.522
"25865","E01027242",2,35.371
"25866","E01027243",2,33.704
"25867","E01027244",1,48.793
"25868","E01027245",4,22.036
"25869","E01027246",2,34.902
"25870","E01027247",6,14.807
"25871","E01027248",2,37.374
"25872","E01027249",2,36.655
"25873","E01027250",10,5.008
"25874","E01027252",3,27.617
"25875","E01027253",9,6.896
"25876","E01027254",9,7.001
"25877","E01027255",10,4.224
"25878","E01027256",9,5.583
"25879","E01027257",3,26.918
"25880","E01027258",10,4.154
"25881","E01027259",8,9.934
"25882","E01027260",10,5.44
"25883","E01027261",7,12.581
"25884","E01027262",6,15.207
"25885","E01027263",7,13.381
"25886","E01027264",8,8.974
"25887","E01027265",10,5.365
"25888","E01027267",8,9.876
"25889","E01027268",10,5.373
"25890","E01027269",5,19.863
"25891","E01027270",10,2.762
"25892","E01027271",10,4.88
"25893","E01027272",10,4.475
"25894","E01027273",7,13.92
"25895","E01027274",8,8.59
"25896","E01027275",9,7.592
"25897","E01027277",6,14.449
"25898","E01027279",6,15.778
"25899","E01027280",9,7.096
"25900","E01027281",6,17.083
"25901","E01027282",7,13.704
"25902","E01027283",8,9.159
"25903","E01027284",8,10.674
"25904","E01027285",8,10.362
"25905","E01027286",8,9.97
"25906","E01027287",8,10.454
"25907","E01027288",7,11.518
"25908","E01027289",8,9.6
"25909","E01027290",8,9.626
"25910","E01027291",10,5.296
"25911","E01027292",6,16.606
"25912","E01027293",9,6.33
"25913","E01027294",7,11.565
"25914","E01027295",9,8.091
"25915","E01027296",8,10.43
"25916","E01027297",7,11.266
"25917","E01027298",10,3.96
"25918","E01027299",6,16.457
"25919","E01027300",10,1.755
"25920","E01027301",9,5.855
"25921","E01027302",5,20.546
"25922","E01027303",9,6.784
"25923","E01027304",7,12.012
"25924","E01027305",6,14.839
"25925","E01027306",6,17.103
"25926","E01027307",7,11.331
"25927","E01027308",7,11.379
"25928","E01027309",8,9.914
"25929","E01027310",1,52.003
"25930","E01027311",8,9.416
"25931","E01027312",4,25.843
"25932","E01027313",3,27.245
"25933","E01027314",2,33.529
"25934","E01027316",6,16.396
"25935","E01027317",4,25.636
"25936","E01027318",1,49.131
"25937","E01027319",4,25.107
"25938","E01027320",5,17.473
"25939","E01027321",8,9.47
"25940","E01027322",8,9.416
"25941","E01027323",7,12.513
"25942","E01027324",9,6.696
"25943","E01027325",9,8.378
"25944","E01027326",6,14.677
"25945","E01027327",4,26.536
"25946","E01027328",5,18.589
"25947","E01027329",7,11.345
"25948","E01027330",3,28.313
"25949","E01027331",2,34.383
"25950","E01027332",9,7.745
"25951","E01027333",10,5.366
"25952","E01027334",1,52.429
"25953","E01027335",8,11.111
"25954","E01027336",3,26.7
"25955","E01027337",8,10.625
"25956","E01027338",7,12.182
"25957","E01027339",2,39.291
"25958","E01027340",3,28.154
"25959","E01027341",2,36.567
"25960","E01027342",3,32.035
"25961","E01027343",8,8.879
"25962","E01027344",9,8.004
"25963","E01027345",9,5.566
"25964","E01027346",9,8.006
"25965","E01027347",9,5.549
"25966","E01027348",7,13.192
"25967","E01027350",4,24.692
"25968","E01027351",3,32.028
"25969","E01027352",3,26.792
"25970","E01027353",7,13.476
"25971","E01027354",6,14.513
"25972","E01027355",9,6.722
"25973","E01027356",8,11.101
"25974","E01027357",10,3.009
"25975","E01027358",5,18.936
"25976","E01027359",3,32.91
"25977","E01027361",3,30.236
"25978","E01027362",5,19.145
"25979","E01027363",1,50.249
"25980","E01027364",8,9.718
"25981","E01027365",6,15.21
"25982","E01027366",5,17.714
"25983","E01027367",8,10.159
"25984","E01027368",6,15.769
"25985","E01027369",8,10.194
"25986","E01027370",8,9.809
"25987","E01027371",5,18.999
"25988","E01027372",8,10.711
"25989","E01027373",4,25.495
"25990","E01027374",5,21.208
"25991","E01027375",5,20.597
"25992","E01027376",3,28.026
"25993","E01027377",4,22.053
"25994","E01027378",8,9.924
"25995","E01027379",9,7.388
"25996","E01027380",4,25.297
"25997","E01027381",4,24.187
"25998","E01027382",4,22.217
"25999","E01027383",5,19.481
"26000","E01027384",6,16.28
"26001","E01027385",2,38.04
"26002","E01027386",5,18.521
"26003","E01027387",4,25.291
"26004","E01027388",2,36.029
"26005","E01027389",4,23.154
"26006","E01027390",5,21.464
"26007","E01027391",3,32.139
"26008","E01027392",1,47.448
"26009","E01027393",1,48.392
"26010","E01027394",5,17.474
"26011","E01027395",4,26.179
"26012","E01027396",3,33.31
"26013","E01027397",2,39.283
"26014","E01027398",2,37.268
"26015","E01027399",10,4.52
"26016","E01027400",10,2.745
"26017","E01027401",10,1.866
"26018","E01027402",10,2.405
"26019","E01027403",10,3.366
"26020","E01027404",9,6.16
"26021","E01027405",10,4.873
"26022","E01027406",9,6.894
"26023","E01027407",8,8.479
"26024","E01027408",5,18.711
"26025","E01027409",5,19.843
"26026","E01027410",10,3.944
"26027","E01027411",3,31.726
"26028","E01027412",2,34.143
"26029","E01027413",4,22.177
"26030","E01027414",2,44.365
"26031","E01027415",1,65.566
"26032","E01027416",1,78.338
"26033","E01027417",8,10.198
"26034","E01027418",7,13.672
"26035","E01027419",5,20.843
"26036","E01027420",8,10.747
"26037","E01027421",3,28.302
"26038","E01027422",1,46.989
"26039","E01027423",3,32.782
"26040","E01027424",1,56.447
"26041","E01027426",2,39.32
"26042","E01027427",1,47.37
"26043","E01027428",8,9.925
"26044","E01027429",2,42.566
"26045","E01027430",2,36.191
"26046","E01027431",1,51.525
"26047","E01027432",3,29.767
"26048","E01027433",6,16.864
"26049","E01027434",6,16.183
"26050","E01027435",3,30.001
"26051","E01027436",4,25.091
"26052","E01027437",10,4.342
"26053","E01027438",9,7.468
"26054","E01027439",10,3.027
"26055","E01027440",9,7.026
"26056","E01027442",3,29.388
"26057","E01027443",2,39.246
"26058","E01027444",6,17.118
"26059","E01027445",4,24.473
"26060","E01027446",8,9.456
"26061","E01027447",5,18.715
"26062","E01027449",9,7.493
"26063","E01027450",7,13.212
"26064","E01027451",1,55.091
"26065","E01027452",6,15.845
"26066","E01027453",4,23.594
"26067","E01027455",10,2.837
"26068","E01027456",10,2.458
"26069","E01027457",6,15.064
"26070","E01027458",9,7.497
"26071","E01027460",10,4.641
"26072","E01027461",2,34.202
"26073","E01027462",2,35.053
"26074","E01027463",8,9.061
"26075","E01027464",10,3.574
"26076","E01027465",9,5.881
"26077","E01027466",5,18.064
"26078","E01027468",10,2.816
"26079","E01027469",10,3.888
"26080","E01027471",10,4.374
"26081","E01027472",6,16.934
"26082","E01027473",8,9.946
"26083","E01027474",3,27.847
"26084","E01027475",6,15.645
"26085","E01027476",5,17.571
"26086","E01027477",5,20.103
"26087","E01027478",4,21.6
"26088","E01027479",4,22.57
"26089","E01027480",5,19.423
"26090","E01027481",7,12.01
"26091","E01027482",9,6.918
"26092","E01027483",5,18.213
"26093","E01027484",5,20.138
"26094","E01027485",4,26.237
"26095","E01027486",4,23.031
"26096","E01027487",5,18.384
"26097","E01027488",5,20.187
"26098","E01027489",8,8.577
"26099","E01027490",6,17.326
"26100","E01027491",10,3.046
"26101","E01027492",10,4.553
"26102","E01027493",2,34.697
"26103","E01027494",9,5.886
"26104","E01027495",5,17.957
"26105","E01027496",6,15.336
"26106","E01027497",8,9.138
"26107","E01027498",3,28.177
"26108","E01027499",8,8.69
"26109","E01027500",4,24.457
"26110","E01027503",4,24.752
"26111","E01027504",8,10.366
"26112","E01027505",7,13.552
"26113","E01027507",9,6.283
"26114","E01027508",7,13.166
"26115","E01027509",9,7.361
"26116","E01027510",5,17.547
"26117","E01027511",4,23.888
"26118","E01027512",3,29.884
"26119","E01027513",9,5.827
"26120","E01027514",6,14.694
"26121","E01027515",4,23.583
"26122","E01027516",4,21.567
"26123","E01027517",5,21.259
"26124","E01027518",1,44.963
"26125","E01027519",1,46.909
"26126","E01027520",10,4.623
"26127","E01027521",10,4.398
"26128","E01027522",2,34.436
"26129","E01027523",3,31.374
"26130","E01027524",6,17.075
"26131","E01027525",4,23.914
"26132","E01027526",10,4.947
"26133","E01027527",1,49.733
"26134","E01027528",1,53.21
"26135","E01027529",4,26.554
"26136","E01027530",2,34.842
"26137","E01027531",3,29.738
"26138","E01027532",5,18.334
"26139","E01027533",1,61.649
"26140","E01027534",2,43.436
"26141","E01027535",10,5.016
"26142","E01027536",6,15.664
"26143","E01027537",2,34.352
"26144","E01027538",9,5.673
"26145","E01027539",1,65.515
"26146","E01027540",1,55.531
"26147","E01027541",2,35.861
"26148","E01027542",1,60.713
"26149","E01027543",1,46.306
"26150","E01027544",3,27.15
"26151","E01027545",1,65.863
"26152","E01027546",1,62.72
"26153","E01027549",9,7.766
"26154","E01027550",4,25.435
"26155","E01027551",2,44.009
"26156","E01027552",2,38.109
"26157","E01027553",4,23.386
"26158","E01027554",8,10.598
"26159","E01027555",9,7.526
"26160","E01027556",8,9.659
"26161","E01027557",5,17.585
"26162","E01027558",8,10.959
"26163","E01027559",6,16.346
"26164","E01027560",7,12.334
"26165","E01027561",9,6.736
"26166","E01027562",6,15.628
"26167","E01027563",7,12.701
"26168","E01027564",4,21.947
"26169","E01027565",9,5.82
"26170","E01027566",8,8.511
"26171","E01027567",7,12.12
"26172","E01027568",7,11.696
"26173","E01027569",6,16.207
"26174","E01027570",7,13.386
"26175","E01027571",7,11.337
"26176","E01027572",7,13.075
"26177","E01027573",7,12.323
"26178","E01027574",10,3.021
"26179","E01027575",9,6.39
"26180","E01027576",10,2.434
"26181","E01027577",7,11.348
"26182","E01027578",5,17.781
"26183","E01027579",3,30.227
"26184","E01027580",3,30.336
"26185","E01027582",6,15.655
"26186","E01027583",9,7.896
"26187","E01027584",5,17.721
"26188","E01027585",7,13.865
"26189","E01027586",7,13.181
"26190","E01027587",5,17.868
"26191","E01027588",8,8.866
"26192","E01027589",7,11.264
"26193","E01027590",6,16.876
"26194","E01027591",7,13.98
"26195","E01027592",6,14.976
"26196","E01027593",6,16.471
"26197","E01027594",6,15.665
"26198","E01027595",9,8.327
"26199","E01027596",9,6.717
"26200","E01027597",9,8.325
"26201","E01027598",10,4.817
"26202","E01027599",4,26.352
"26203","E01027600",6,16.111
"26204","E01027601",8,10.314
"26205","E01027603",7,11.756
"26206","E01027604",7,11.172
"26207","E01027605",7,12.961
"26208","E01027606",9,8.299
"26209","E01027607",10,2.474
"26210","E01027608",3,27.155
"26211","E01027609",3,32.447
"26212","E01027610",5,20.052
"26213","E01027612",3,30.885
"26214","E01027613",5,18.232
"26215","E01027614",10,3.875
"26216","E01027615",10,1.569
"26217","E01027616",5,19.072
"26218","E01027617",6,17.216
"26219","E01027618",8,9.172
"26220","E01027619",9,7.833
"26221","E01027620",8,10.01
"26222","E01027622",7,13.439
"26223","E01027623",10,5.178
"26224","E01027624",10,5.054
"26225","E01027625",3,31.353
"26226","E01027626",7,11.556
"26227","E01027627",6,17.112
"26228","E01027628",6,16.424
"26229","E01027629",3,32.651
"26230","E01027630",6,16.642
"26231","E01027631",9,6.25
"26232","E01027632",8,10.31
"26233","E01027633",7,13.923
"26234","E01027634",8,8.844
"26235","E01027635",7,13.846
"26236","E01027636",7,13.642
"26237","E01027637",5,17.57
"26238","E01027638",10,4.266
"26239","E01027639",10,4.954
"26240","E01027640",9,6.488
"26241","E01027641",10,1.758
"26242","E01027642",8,8.719
"26243","E01027643",6,15.654
"26244","E01027644",6,15.221
"26245","E01027645",7,13.081
"26246","E01027646",8,10.076
"26247","E01027647",7,12.773
"26248","E01027648",7,13.483
"26249","E01027649",6,14.453
"26250","E01027650",9,8.039
"26251","E01027651",3,31.923
"26252","E01027652",9,7.466
"26253","E01027653",8,10.109
"26254","E01027654",10,2.334
"26255","E01027655",9,6.74
"26256","E01027656",8,9.225
"26257","E01027657",6,16.936
"26258","E01027658",6,15.154
"26259","E01027659",6,17.045
"26260","E01027660",9,5.931
"26261","E01027661",8,10.206
"26262","E01027662",10,0.846
"26263","E01027663",10,5.279
"26264","E01027665",8,8.812
"26265","E01027666",6,16.701
"26266","E01027667",6,15.805
"26267","E01027668",7,12.692
"26268","E01027669",6,14.605
"26269","E01027670",10,4.59
"26270","E01027671",10,2.568
"26271","E01027672",10,4.294
"26272","E01027673",6,16.751
"26273","E01027674",10,3.952
"26274","E01027675",10,4.766
"26275","E01027676",4,21.724
"26276","E01027677",8,9.111
"26277","E01027678",4,24.057
"26278","E01027679",9,8.313
"26279","E01027680",7,11.32
"26280","E01027681",6,16.055
"26281","E01027682",7,11.99
"26282","E01027683",9,7.702
"26283","E01027684",6,14.954
"26284","E01027685",7,14.128
"26285","E01027686",5,19.802
"26286","E01027687",8,10.042
"26287","E01027688",7,12.059
"26288","E01027689",6,16.131
"26289","E01027690",9,7.676
"26290","E01027691",8,9.898
"26291","E01027692",6,16.191
"26292","E01027693",7,12.353
"26293","E01027694",6,15.563
"26294","E01027695",7,12.705
"26295","E01027696",8,10.867
"26296","E01027697",10,2.669
"26297","E01027698",10,1.953
"26298","E01027699",10,2.513
"26299","E01027700",10,3.945
"26300","E01027701",5,18.206
"26301","E01027702",5,18.666
"26302","E01027703",7,12.834
"26303","E01027704",8,9.323
"26304","E01027705",7,12.515
"26305","E01027706",4,22.526
"26306","E01027707",7,12.951
"26307","E01027708",9,7.043
"26308","E01027709",10,4.543
"26309","E01027710",4,24.574
"26310","E01027711",5,18.903
"26311","E01027712",10,3.801
"26312","E01027713",7,12.06
"26313","E01027714",8,8.59
"26314","E01027715",9,6.941
"26315","E01027716",10,1.694
"26316","E01027717",10,2.976
"26317","E01027718",10,3.082
"26318","E01027719",10,2.94
"26319","E01027720",6,15.237
"26320","E01027721",10,4.645
"26321","E01027722",9,5.96
"26322","E01027723",4,26.103
"26323","E01027724",7,12.633
"26324","E01027725",8,9.499
"26325","E01027726",7,13.266
"26326","E01027727",7,12.249
"26327","E01027728",8,10.686
"26328","E01027729",3,29.377
"26329","E01027730",10,5.425
"26330","E01027731",9,7.186
"26331","E01027732",10,3.863
"26332","E01027733",10,1.41
"26333","E01027734",7,11.794
"26334","E01027735",7,11.439
"26335","E01027736",6,15.826
"26336","E01027737",7,12.281
"26337","E01027738",6,16.423
"26338","E01027739",6,15.398
"26339","E01027740",1,50.477
"26340","E01027741",6,15.376
"26341","E01027742",5,21.13
"26342","E01027743",6,16.248
"26343","E01027744",6,16.547
"26344","E01027745",6,15.778
"26345","E01027746",7,12.999
"26346","E01027747",8,10.821
"26347","E01027748",7,13.412
"26348","E01027749",2,35.73
"26349","E01027751",7,12.425
"26350","E01027752",5,21.256
"26351","E01027753",6,16.598
"26352","E01027756",6,17.441
"26353","E01027758",6,16.202
"26354","E01027759",6,15.792
"26355","E01027760",5,20.812
"26356","E01027761",8,10.102
"26357","E01027762",5,18.434
"26358","E01027763",5,18.766
"26359","E01027764",5,19.053
"26360","E01027765",7,12.208
"26361","E01027766",6,14.945
"26362","E01027767",9,7.499
"26363","E01027768",10,2.558
"26364","E01027769",5,18.67
"26365","E01027770",6,16.774
"26366","E01027771",7,11.137
"26367","E01027772",7,12.657
"26368","E01027773",5,20.479
"26369","E01027774",6,15.803
"26370","E01027775",6,16.744
"26371","E01027776",6,15.978
"26372","E01027777",5,19.56
"26373","E01027778",5,19.909
"26374","E01027779",3,27.329
"26375","E01027780",6,14.335
"26376","E01027781",6,16.468
"26377","E01027782",6,17.063
"26378","E01027783",7,13.712
"26379","E01027784",5,20.957
"26380","E01027786",10,4.393
"26381","E01027787",4,24.615
"26382","E01027788",7,13.928
"26383","E01027790",5,17.769
"26384","E01027791",9,5.466
"26385","E01027792",9,6.995
"26386","E01027793",5,21.057
"26387","E01027794",9,7.207
"26388","E01027795",3,27.264
"26389","E01027796",5,21.033
"26390","E01027797",7,12.848
"26391","E01027798",4,22.762
"26392","E01027799",6,14.869
"26393","E01027800",5,17.988
"26394","E01027801",8,9.979
"26395","E01027802",5,17.608
"26396","E01027803",4,23.694
"26397","E01027804",1,59.803
"26398","E01027805",1,55.056
"26399","E01027806",1,73.123
"26400","E01027807",4,23.785
"26401","E01027808",7,12.266
"26402","E01027809",7,13.733
"26403","E01027810",3,29.439
"26404","E01027811",3,30.868
"26405","E01027812",2,40.543
"26406","E01027813",4,25.875
"26407","E01027814",5,19.762
"26408","E01027815",5,18.814
"26409","E01027816",6,14.67
"26410","E01027817",1,55.659
"26411","E01027818",4,24.577
"26412","E01027819",1,53.449
"26413","E01027820",1,56.655
"26414","E01027821",6,17.265
"26415","E01027822",4,22.738
"26416","E01027823",4,23.422
"26417","E01027824",2,35.018
"26418","E01027825",2,38.324
"26419","E01027826",4,25.795
"26420","E01027827",3,33.26
"26421","E01027828",5,19.203
"26422","E01027829",6,16.318
"26423","E01027830",3,26.836
"26424","E01027833",3,28.893
"26425","E01027834",7,12.838
"26426","E01027835",4,23.241
"26427","E01027836",7,11.858
"26428","E01027837",2,39.475
"26429","E01027838",8,8.512
"26430","E01027839",7,14.11
"26431","E01027840",3,32.085
"26432","E01027841",4,21.544
"26433","E01027842",5,18.789
"26434","E01027843",4,21.557
"26435","E01027844",9,6.869
"26436","E01027845",8,9.144
"26437","E01027847",1,63.754
"26438","E01027849",6,15.232
"26439","E01027850",2,39.1
"26440","E01027851",5,19.403
"26441","E01027852",2,37.516
"26442","E01027853",3,28.824
"26443","E01027854",2,36.025
"26444","E01027855",8,9.85
"26445","E01027856",8,11.064
"26446","E01027857",5,18.829
"26447","E01027858",8,9.359
"26448","E01027859",8,10.281
"26449","E01027860",7,13.426
"26450","E01027861",3,28.085
"26451","E01027862",3,30.231
"26452","E01027863",9,8.214
"26453","E01027864",2,41.603
"26454","E01027865",2,34.448
"26455","E01027866",5,21.293
"26456","E01027867",9,8.35
"26457","E01027868",4,22.012
"26458","E01027871",6,16.695
"26459","E01027872",2,39.062
"26460","E01027873",7,12.154
"26461","E01027874",1,66.864
"26462","E01027875",7,11.644
"26463","E01027876",8,9.399
"26464","E01027877",8,10.884
"26465","E01027878",4,22.449
"26466","E01027879",10,4.601
"26467","E01027880",10,3.898
"26468","E01027881",6,16.639
"26469","E01027882",9,6.967
"26470","E01027883",7,14.053
"26471","E01027884",6,16.15
"26472","E01027885",8,9.137
"26473","E01027886",6,15.332
"26474","E01027887",7,11.742
"26475","E01027888",8,9.786
"26476","E01027889",4,22.034
"26477","E01027890",7,13.927
"26478","E01027891",6,16.149
"26479","E01027892",3,26.751
"26480","E01027893",9,7.62
"26481","E01027894",8,11.003
"26482","E01027895",6,14.281
"26483","E01027896",7,12.945
"26484","E01027897",8,10.263
"26485","E01027899",9,6.925
"26486","E01027900",7,12.046
"26487","E01027901",10,5.299
"26488","E01027902",7,13.887
"26489","E01027903",9,8.199
"26490","E01027904",8,9.265
"26491","E01027906",4,24.445
"26492","E01027907",1,46.868
"26493","E01027908",2,37.115
"26494","E01027909",3,32.728
"26495","E01027913",10,3.119
"26496","E01027914",10,2.7
"26497","E01027915",7,12.522
"26498","E01027916",5,17.678
"26499","E01027918",5,20.221
"26500","E01027919",8,9.303
"26501","E01027920",9,7.944
"26502","E01027921",7,14.061
"26503","E01027922",10,5.456
"26504","E01027923",6,16.764
"26505","E01027924",7,14.018
"26506","E01027925",8,11.071
"26507","E01027926",6,16.088
"26508","E01027927",4,25.721
"26509","E01027928",3,31.524
"26510","E01027930",2,42.733
"26511","E01027932",4,23.811
"26512","E01027933",3,30.021
"26513","E01027934",9,5.985
"26514","E01027935",5,20.737
"26515","E01027936",10,4.632
"26516","E01027937",2,39.518
"26517","E01027938",9,6.016
"26518","E01027939",1,50.361
"26519","E01027940",8,8.965
"26520","E01027941",4,24.851
"26521","E01027942",4,22.942
"26522","E01027943",4,22.355
"26523","E01027944",8,9.981
"26524","E01027945",3,26.726
"26525","E01027946",5,20.485
"26526","E01027947",5,18.148
"26527","E01027948",5,18.312
"26528","E01027949",4,24.671
"26529","E01027950",5,19.9
"26530","E01027951",1,62.116
"26531","E01027952",1,46.072
"26532","E01027953",6,17.308
"26533","E01027954",3,32.924
"26534","E01027955",2,34.084
"26535","E01027956",1,46.483
"26536","E01027957",5,20.184
"26537","E01027958",2,38.089
"26538","E01027959",10,4.153
"26539","E01027960",3,29.691
"26540","E01027961",7,11.412
"26541","E01027962",6,17.094
"26542","E01027963",3,31.822
"26543","E01027964",2,36.591
"26544","E01027965",1,47.24
"26545","E01027966",1,50.632
"26546","E01027967",2,40.637
"26547","E01027968",1,60.535
"26548","E01027969",4,26.148
"26549","E01027970",5,19.107
"26550","E01027971",7,13.209
"26551","E01027972",5,17.981
"26552","E01027973",9,7.462
"26553","E01027974",1,67.426
"26554","E01027975",4,24.954
"26555","E01027976",2,39.822
"26556","E01027977",2,37.825
"26557","E01027978",1,56.813
"26558","E01027979",6,15.635
"26559","E01027980",2,41.679
"26560","E01027981",6,16.812
"26561","E01027982",4,25.07
"26562","E01027983",2,43.062
"26563","E01027984",6,14.19
"26564","E01027985",5,20.554
"26565","E01027986",2,41.717
"26566","E01027987",3,28.582
"26567","E01027988",5,18.267
"26568","E01027989",5,20.749
"26569","E01027990",7,12.589
"26570","E01027991",4,26.253
"26571","E01027992",10,4.193
"26572","E01027993",7,11.894
"26573","E01027994",6,15.221
"26574","E01027995",7,13.586
"26575","E01027996",3,27.113
"26576","E01027997",7,11.695
"26577","E01027998",4,22.619
"26578","E01027999",6,15.482
"26579","E01028000",7,11.411
"26580","E01028001",1,59.986
"26581","E01028002",6,16.864
"26582","E01028003",6,16.075
"26583","E01028004",8,10.363
"26584","E01028005",6,16.865
"26585","E01028006",5,18.595
"26586","E01028007",7,13.024
"26587","E01028008",2,37.939
"26588","E01028009",8,8.567
"26589","E01028010",9,6.273
"26590","E01028011",2,42.018
"26591","E01028012",4,21.896
"26592","E01028013",7,12.991
"26593","E01028014",3,32.69
"26594","E01028015",8,11.001
"26595","E01028016",5,18.34
"26596","E01028017",5,20.303
"26597","E01028018",7,11.786
"26598","E01028019",3,32.634
"26599","E01028020",3,32.016
"26600","E01028021",8,10.812
"26601","E01028022",5,19.644
"26602","E01028023",6,16.289
"26603","E01028024",6,15.987
"26604","E01028025",4,25.867
"26605","E01028026",2,38.194
"26606","E01028027",3,32.104
"26607","E01028028",3,27.158
"26608","E01028029",2,37.185
"26609","E01028030",3,27.98
"26610","E01028031",4,22.958
"26611","E01028032",7,12.024
"26612","E01028033",3,28.862
"26613","E01028034",6,16.89
"26614","E01028035",6,15.76
"26615","E01028036",6,17.371
"26616","E01028037",4,22.611
"26617","E01028038",3,27.477
"26618","E01028039",4,21.73
"26619","E01028042",6,15.424
"26620","E01028043",5,17.498
"26621","E01028044",2,33.932
"26622","E01028045",4,24.935
"26623","E01028046",6,15.513
"26624","E01028047",10,3.647
"26625","E01028048",7,13.631
"26626","E01028049",4,22.851
"26627","E01028050",6,14.894
"26628","E01028051",6,15.155
"26629","E01028052",8,9.802
"26630","E01028053",2,39.763
"26631","E01028054",9,6.23
"26632","E01028055",1,46.756
"26633","E01028056",3,27.258
"26634","E01028057",2,43.898
"26635","E01028058",9,7.568
"26636","E01028059",10,5.259
"26637","E01028060",10,4.635
"26638","E01028061",8,9.692
"26639","E01028062",2,39.76
"26640","E01028063",9,6.361
"26641","E01028064",3,31.325
"26642","E01028065",1,63.033
"26643","E01028066",1,52.903
"26644","E01028067",2,38.413
"26645","E01028068",1,52.477
"26646","E01028069",9,6.483
"26647","E01028070",10,3.057
"26648","E01028073",5,20.855
"26649","E01028074",7,11.484
"26650","E01028075",6,15.813
"26651","E01028076",6,15.165
"26652","E01028077",3,26.982
"26653","E01028078",5,18.408
"26654","E01028079",10,4.991
"26655","E01028080",8,9.512
"26656","E01028081",6,16.074
"26657","E01028082",10,5.372
"26658","E01028083",4,26.367
"26659","E01028084",10,3.67
"26660","E01028085",8,10.637
"26661","E01028086",8,8.957
"26662","E01028087",10,2.384
"26663","E01028088",10,2.795
"26664","E01028089",10,2.191
"26665","E01028090",7,12.823
"26666","E01028091",10,3.148
"26667","E01028092",5,20.263
"26668","E01028093",8,10.488
"26669","E01028094",9,7.368
"26670","E01028095",8,8.857
"26671","E01028096",9,6.701
"26672","E01028097",10,3.49
"26673","E01028098",3,27.594
"26674","E01028099",10,5.435
"26675","E01028100",7,12.05
"26676","E01028101",2,41.455
"26677","E01028102",6,16.814
"26678","E01028103",3,29.667
"26679","E01028104",9,7.644
"26680","E01028105",6,15.104
"26681","E01028106",6,15.385
"26682","E01028107",7,11.77
"26683","E01028108",7,12.66
"26684","E01028109",5,18.969
"26685","E01028110",2,42.884
"26686","E01028111",4,22.379
"26687","E01028112",2,36.911
"26688","E01028113",2,40.771
"26689","E01028114",4,24.284
"26690","E01028115",9,7.206
"26691","E01028116",7,12.511
"26692","E01028117",10,3.718
"26693","E01028118",9,7.622
"26694","E01028119",9,6.917
"26695","E01028120",10,5.379
"26696","E01028121",10,4.713
"26697","E01028122",4,22.237
"26698","E01028123",9,5.746
"26699","E01028124",8,8.428
"26700","E01028125",8,10.33
"26701","E01028126",4,22.872
"26702","E01028127",2,40.601
"26703","E01028128",10,4.61
"26704","E01028129",5,20.248
"26705","E01028130",4,23.972
"26706","E01028131",7,11.693
"26707","E01028132",5,19.477
"26708","E01028133",3,27.802
"26709","E01028134",5,20.98
"26710","E01028135",10,2.856
"26711","E01028136",10,2.088
"26712","E01028137",10,1.561
"26713","E01028138",9,7.389
"26714","E01028139",10,4.07
"26715","E01028142",6,15.545
"26716","E01028143",4,21.97
"26717","E01028144",5,20.018
"26718","E01028146",8,9.377
"26719","E01028147",2,42.164
"26720","E01028148",10,3.554
"26721","E01028149",9,7.223
"26722","E01028150",7,11.667
"26723","E01028151",9,5.755
"26724","E01028152",7,13.009
"26725","E01028153",3,29.141
"26726","E01028154",6,17.374
"26727","E01028155",5,19.482
"26728","E01028156",6,14.534
"26729","E01028157",8,9.635
"26730","E01028158",4,24.678
"26731","E01028159",4,23.88
"26732","E01028160",6,16.232
"26733","E01028161",4,22.314
"26734","E01028162",6,15.809
"26735","E01028163",8,10.226
"26736","E01028164",4,24.557
"26737","E01028165",3,26.64
"26738","E01028166",3,32.23
"26739","E01028167",3,27.126
"26740","E01028168",8,9.684
"26741","E01028169",10,3.527
"26742","E01028170",8,10.237
"26743","E01028171",5,19.645
"26744","E01028172",9,7.329
"26745","E01028173",1,52.018
"26746","E01028174",4,24.136
"26747","E01028175",7,13.859
"26748","E01028176",8,10.909
"26749","E01028177",9,7.428
"26750","E01028178",9,5.912
"26751","E01028179",9,7.153
"26752","E01028180",8,8.758
"26753","E01028181",8,8.691
"26754","E01028182",8,10.002
"26755","E01028183",8,8.756
"26756","E01028184",10,4.892
"26757","E01028185",3,27.865
"26758","E01028186",2,38.344
"26759","E01028187",3,32.476
"26760","E01028188",5,18.274
"26761","E01028189",6,17.214
"26762","E01028190",8,9.1
"26763","E01028191",6,15.796
"26764","E01028192",3,27.816
"26765","E01028193",8,9.552
"26766","E01028194",9,7.281
"26767","E01028195",8,8.955
"26768","E01028196",10,3.235
"26769","E01028197",10,4.613
"26770","E01028198",10,3.975
"26771","E01028199",10,2.729
"26772","E01028200",9,6.311
"26773","E01028201",10,3.244
"26774","E01028202",6,14.995
"26775","E01028203",6,16.566
"26776","E01028204",9,6.006
"26777","E01028205",7,11.901
"26778","E01028206",8,9.421
"26779","E01028207",9,5.958
"26780","E01028208",5,18.714
"26781","E01028209",3,30.203
"26782","E01028210",4,24.811
"26783","E01028211",5,20.004
"26784","E01028212",4,25.282
"26785","E01028213",9,7.015
"26786","E01028214",10,4.899
"26787","E01028215",10,4.926
"26788","E01028216",10,2.127
"26789","E01028217",9,7.084
"26790","E01028218",10,3.799
"26791","E01028219",10,5.352
"26792","E01028220",6,14.84
"26793","E01028222",10,2.131
"26794","E01028223",4,24.942
"26795","E01028224",2,34.588
"26796","E01028225",3,28.494
"26797","E01028226",1,54.434
"26798","E01028227",1,46.621
"26799","E01028228",4,25.775
"26800","E01028229",4,24.152
"26801","E01028230",3,32.358
"26802","E01028231",3,33.242
"26803","E01028232",4,24.622
"26804","E01028233",2,38.507
"26805","E01028234",2,44.633
"26806","E01028235",8,10.147
"26807","E01028236",7,13.622
"26808","E01028237",6,15.999
"26809","E01028238",2,35.13
"26810","E01028239",4,23.068
"26811","E01028240",8,9.811
"26812","E01028242",6,16.002
"26813","E01028243",5,18.346
"26814","E01028244",8,10.37
"26815","E01028245",2,38.988
"26816","E01028246",9,7.585
"26817","E01028247",1,52.444
"26818","E01028248",3,27.365
"26819","E01028249",5,20.74
"26820","E01028250",5,18.207
"26821","E01028251",10,5.165
"26822","E01028252",4,25.473
"26823","E01028253",9,7.657
"26824","E01028254",4,25.657
"26825","E01028255",9,6.934
"26826","E01028256",1,59.728
"26827","E01028257",2,38.336
"26828","E01028258",3,31.291
"26829","E01028259",2,42.141
"26830","E01028260",4,25.503
"26831","E01028261",1,51.362
"26832","E01028262",7,11.642
"26833","E01028263",1,75.649
"26834","E01028264",8,8.561
"26835","E01028267",3,30.786
"26836","E01028268",2,41.384
"26837","E01028269",3,32.694
"26838","E01028270",9,7.663
"26839","E01028271",2,36.893
"26840","E01028272",3,27.603
"26841","E01028273",6,15.621
"26842","E01028274",2,38.055
"26843","E01028275",1,49.741
"26844","E01028276",1,79.3
"26845","E01028277",8,11.038
"26846","E01028278",4,24.958
"26847","E01028279",3,31.837
"26848","E01028280",2,35.502
"26849","E01028281",1,51.335
"26850","E01028282",3,31.286
"26851","E01028283",6,14.667
"26852","E01028284",2,44.254
"26853","E01028285",6,14.209
"26854","E01028286",5,20.423
"26855","E01028287",7,13.556
"26856","E01028288",8,9.568
"26857","E01028289",7,11.899
"26858","E01028290",5,17.924
"26859","E01028291",5,17.816
"26860","E01028292",9,5.828
"26861","E01028293",7,13.262
"26862","E01028294",4,26.341
"26863","E01028295",8,10.148
"26864","E01028296",4,24.354
"26865","E01028297",3,31.73
"26866","E01028298",6,16.231
"26867","E01028299",2,35.434
"26868","E01028300",2,36.824
"26869","E01028301",1,52.751
"26870","E01028302",5,19.754
"26871","E01028303",6,15.833
"26872","E01028304",3,32.783
"26873","E01028305",4,22.449
"26874","E01028306",4,26.39
"26875","E01028307",7,12.374
"26876","E01028308",6,15.553
"26877","E01028309",8,10.009
"26878","E01028310",2,35.658
"26879","E01028311",1,50.707
"26880","E01028312",6,15.726
"26881","E01028313",2,39.547
"26882","E01028315",10,5.174
"26883","E01028316",7,13.656
"26884","E01028317",5,18.148
"26885","E01028318",2,39.914
"26886","E01028319",2,36.878
"26887","E01028320",1,54.465
"26888","E01028321",7,12.018
"26889","E01028322",7,13.907
"26890","E01028323",5,19.04
"26891","E01028325",8,10.53
"26892","E01028326",5,19.123
"26893","E01028327",8,10.866
"26894","E01028328",9,5.549
"26895","E01028329",8,10.033
"26896","E01028330",9,6.749
"26897","E01028331",7,11.673
"26898","E01028332",9,5.667
"26899","E01028333",6,17.212
"26900","E01028334",2,42.563
"26901","E01028335",3,30.352
"26902","E01028336",7,13.216
"26903","E01028337",8,10.016
"26904","E01028338",4,24.388
"26905","E01028339",3,27.471
"26906","E01028340",2,36.89
"26907","E01028342",4,23.994
"26908","E01028343",4,22.941
"26909","E01028344",8,8.69
"26910","E01028345",9,6.921
"26911","E01028346",9,5.777
"26912","E01028347",10,4.708
"26913","E01028348",9,7.808
"26914","E01028349",6,16.498
"26915","E01028350",6,15.858
"26916","E01028351",9,7.725
"26917","E01028352",9,6.094
"26918","E01028353",8,11.11
"26919","E01028354",10,3.126
"26920","E01028355",9,8.225
"26921","E01028356",10,2.541
"26922","E01028357",10,2.374
"26923","E01028358",7,11.879
"26924","E01028359",10,3.064
"26925","E01028360",9,7.178
"26926","E01028361",10,2.082
"26927","E01028362",4,22.759
"26928","E01028363",10,1.692
"26929","E01028364",10,3.4
"26930","E01028365",10,3.987
"26931","E01028366",4,23.577
"26932","E01028367",8,9.542
"26933","E01028368",10,4.148
"26934","E01028369",5,20.502
"26935","E01028370",6,14.388
"26936","E01028371",9,6.168
"26937","E01028372",6,16.206
"26938","E01028374",7,13.894
"26939","E01028375",9,5.609
"26940","E01028376",9,6.282
"26941","E01028377",10,1.148
"26942","E01028378",8,10.593
"26943","E01028379",10,1.973
"26944","E01028380",3,29.284
"26945","E01028381",10,3.285
"26946","E01028382",10,2.166
"26947","E01028383",9,7.073
"26948","E01028384",10,5.335
"26949","E01028385",10,3.403
"26950","E01028386",9,6.853
"26951","E01028387",6,15.468
"26952","E01028388",10,2.485
"26953","E01028389",9,5.719
"26954","E01028390",10,5.003
"26955","E01028391",10,2.021
"26956","E01028392",7,13.153
"26957","E01028393",10,1.809
"26958","E01028394",9,5.958
"26959","E01028395",10,2.888
"26960","E01028396",10,5.046
"26961","E01028397",10,3.831
"26962","E01028398",8,8.906
"26963","E01028399",10,5.409
"26964","E01028400",10,1.698
"26965","E01028401",10,5.356
"26966","E01028402",7,11.138
"26967","E01028403",8,9.157
"26968","E01028404",10,4.407
"26969","E01028405",8,10.611
"26970","E01028406",8,8.887
"26971","E01028407",10,3.955
"26972","E01028408",9,7.416
"26973","E01028409",9,6.095
"26974","E01028410",9,7.249
"26975","E01028411",8,9.499
"26976","E01028412",10,4.29
"26977","E01028413",6,15.133
"26978","E01028414",10,5.109
"26979","E01028415",9,8.222
"26980","E01028416",6,15.566
"26981","E01028417",5,20.052
"26982","E01028418",8,11.042
"26983","E01028419",8,9.167
"26984","E01028420",7,11.421
"26985","E01028421",8,8.708
"26986","E01028422",8,8.658
"26987","E01028423",9,5.99
"26988","E01028426",9,7.237
"26989","E01028427",8,9.682
"26990","E01028428",10,4.779
"26991","E01028429",9,8.015
"26992","E01028430",6,17.14
"26993","E01028431",9,7.065
"26994","E01028432",7,11.756
"26995","E01028433",10,4.314
"26996","E01028434",9,6.659
"26997","E01028435",2,33.645
"26998","E01028437",7,13.286
"26999","E01028439",9,7.095
"27000","E01028440",6,17.128
"27001","E01028441",5,18.931
"27002","E01028443",8,9.699
"27003","E01028444",9,7.375
"27004","E01028445",4,25.525
"27005","E01028446",5,18.874
"27006","E01028447",5,18.892
"27007","E01028448",3,26.63
"27008","E01028449",3,27.312
"27009","E01028450",2,39.744
"27010","E01028451",6,16.285
"27011","E01028452",3,30.281
"27012","E01028453",3,26.889
"27013","E01028454",2,35.47
"27014","E01028455",10,5.112
"27015","E01028456",6,17.368
"27016","E01028457",10,3.333
"27017","E01028458",5,19.125
"27018","E01028459",10,5.392
"27019","E01028460",10,3.976
"27020","E01028461",9,6.449
"27021","E01028462",8,8.387
"27022","E01028463",9,8.156
"27023","E01028464",9,6.016
"27024","E01028465",10,3.554
"27025","E01028466",4,22.416
"27026","E01028467",8,8.876
"27027","E01028469",9,5.811
"27028","E01028470",8,10.21
"27029","E01028471",4,22.873
"27030","E01028472",9,7.172
"27031","E01028473",10,4.011
"27032","E01028474",6,15.298
"27033","E01028476",9,6.542
"27034","E01028477",7,13.227
"27035","E01028478",9,7.327
"27036","E01028479",5,17.904
"27037","E01028480",7,12.744
"27038","E01028481",8,8.504
"27039","E01028482",9,7.03
"27040","E01028483",7,13.088
"27041","E01028484",6,15.142
"27042","E01028485",8,10.389
"27043","E01028486",7,12.385
"27044","E01028487",10,4.261
"27045","E01028488",9,7.49
"27046","E01028489",10,3.007
"27047","E01028490",7,12.151
"27048","E01028491",10,5.101
"27049","E01028492",9,5.479
"27050","E01028493",8,10.208
"27051","E01028494",5,21.533
"27052","E01028495",10,5.027
"27053","E01028496",8,9.524
"27054","E01028497",8,11.066
"27055","E01028498",6,14.687
"27056","E01028499",8,8.822
"27057","E01028500",3,26.986
"27058","E01028501",7,13.437
"27059","E01028502",9,8.346
"27060","E01028503",7,13.434
"27061","E01028504",7,13.736
"27062","E01028506",8,10.958
"27063","E01028507",8,10.037
"27064","E01028508",7,13.192
"27065","E01028510",10,3.825
"27066","E01028511",9,6.126
"27067","E01028512",7,12.965
"27068","E01028513",3,29.775
"27069","E01028514",3,29.145
"27070","E01028515",8,8.813
"27071","E01028516",5,21.138
"27072","E01028517",3,31.613
"27073","E01028518",2,42.494
"27074","E01028519",4,23.256
"27075","E01028520",2,37.445
"27076","E01028521",9,8.173
"27077","E01028522",6,16.543
"27078","E01028523",7,12.693
"27079","E01028524",3,27.226
"27080","E01028525",3,28.393
"27081","E01028526",8,9.879
"27082","E01028527",9,6.868
"27083","E01028528",5,19.131
"27084","E01028529",4,24.891
"27085","E01028530",7,13.26
"27086","E01028531",7,13.763
"27087","E01028532",5,19.3
"27088","E01028534",10,1.825
"27089","E01028535",10,3.688
"27090","E01028536",10,4.435
"27091","E01028537",10,3.613
"27092","E01028538",5,20.559
"27093","E01028539",8,8.95
"27094","E01028540",10,4.353
"27095","E01028541",9,7.595
"27096","E01028542",6,17.27
"27097","E01028543",5,20.581
"27098","E01028544",9,6.224
"27099","E01028545",10,4.57
"27100","E01028546",4,23.341
"27101","E01028547",9,5.659
"27102","E01028548",9,7.984
"27103","E01028549",9,6.83
"27104","E01028550",7,11.859
"27105","E01028551",10,5.326
"27106","E01028552",2,35.44
"27107","E01028553",3,28.529
"27108","E01028554",5,18.806
"27109","E01028555",7,12.812
"27110","E01028556",7,11.157
"27111","E01028557",5,19.186
"27112","E01028558",7,13.738
"27113","E01028559",7,12.065
"27114","E01028560",8,8.417
"27115","E01028561",10,3.908
"27116","E01028562",8,9.519
"27117","E01028563",10,3.998
"27118","E01028565",10,2.74
"27119","E01028567",3,28.096
"27120","E01028568",1,46.108
"27121","E01028569",1,46.079
"27122","E01028570",7,13.065
"27123","E01028571",9,5.89
"27124","E01028572",10,4.43
"27125","E01028573",10,2.757
"27126","E01028574",5,18.497
"27127","E01028575",7,13.791
"27128","E01028576",3,33.397
"27129","E01028577",2,37.238
"27130","E01028578",8,10.034
"27131","E01028579",6,15.293
"27132","E01028580",6,15.198
"27133","E01028581",9,5.538
"27134","E01028582",4,22.496
"27135","E01028584",10,2.608
"27136","E01028586",7,11.489
"27137","E01028587",6,15.324
"27138","E01028588",7,12.476
"27139","E01028591",10,3.314
"27140","E01028592",10,4.467
"27141","E01028594",10,5.432
"27142","E01028595",8,10.87
"27143","E01028596",10,3.756
"27144","E01028597",6,14.156
"27145","E01028598",8,10.356
"27146","E01028599",8,10.62
"27147","E01028600",9,6.263
"27148","E01028601",9,7.896
"27149","E01028602",10,5.049
"27150","E01028603",8,9.605
"27151","E01028604",5,21.268
"27152","E01028605",5,20.023
"27153","E01028606",9,7.727
"27154","E01028607",9,8.087
"27155","E01028608",9,5.673
"27156","E01028609",8,8.589
"27157","E01028610",7,11.894
"27158","E01028611",9,8.225
"27159","E01028612",7,12.144
"27160","E01028613",9,6.334
"27161","E01028614",7,12.552
"27162","E01028615",9,7.973
"27163","E01028616",9,7.804
"27164","E01028617",10,2.746
"27165","E01028619",8,8.578
"27166","E01028622",10,3.103
"27167","E01028623",7,11.878
"27168","E01028624",10,5.297
"27169","E01028625",10,2.349
"27170","E01028626",10,3.065
"27171","E01028627",9,6.146
"27172","E01028628",10,4.136
"27173","E01028629",9,6.629
"27174","E01028630",9,7.621
"27175","E01028631",7,13.003
"27176","E01028632",6,15.461
"27177","E01028633",5,20.064
"27178","E01028634",10,3.549
"27179","E01028635",7,14.006
"27180","E01028636",6,16.937
"27181","E01028637",10,5.267
"27182","E01028638",7,12.714
"27183","E01028639",9,8.199
"27184","E01028640",8,9.907
"27185","E01028641",8,10.443
"27186","E01028642",9,6.2
"27187","E01028643",8,9.093
"27188","E01028644",9,6.151
"27189","E01028645",10,2.91
"27190","E01028646",6,17.226
"27191","E01028647",7,11.798
"27192","E01028649",8,10.119
"27193","E01028650",9,5.755
"27194","E01028651",7,11.226
"27195","E01028652",9,5.898
"27196","E01028653",8,9.823
"27197","E01028654",10,3.322
"27198","E01028655",9,5.724
"27199","E01028656",10,0.714
"27200","E01028657",8,10.899
"27201","E01028658",8,11.054
"27202","E01028659",9,5.962
"27203","E01028660",8,9.682
"27204","E01028661",10,3.01
"27205","E01028662",10,5.354
"27206","E01028663",8,9.925
"27207","E01028664",10,4.933
"27208","E01028665",10,2.646
"27209","E01028666",9,6.836
"27210","E01028667",10,3.996
"27211","E01028668",10,2.625
"27212","E01028669",9,5.779
"27213","E01028670",10,2.375
"27214","E01028671",8,11.124
"27215","E01028672",9,5.635
"27216","E01028673",8,10.672
"27217","E01028674",10,3.014
"27218","E01028675",7,11.79
"27219","E01028676",7,12.52
"27220","E01028677",7,11.779
"27221","E01028678",6,15.011
"27222","E01028679",7,14.064
"27223","E01028680",9,8.082
"27224","E01028681",10,4.419
"27225","E01028682",8,9.926
"27226","E01028683",9,6.704
"27227","E01028684",10,4.709
"27228","E01028685",9,6.742
"27229","E01028686",9,7.613
"27230","E01028688",9,5.476
"27231","E01028689",8,9.66
"27232","E01028690",7,12.451
"27233","E01028691",6,14.199
"27234","E01028692",2,35.505
"27235","E01028693",10,0.704
"27236","E01028694",10,2.361
"27237","E01028695",10,2.238
"27238","E01028696",10,2.627
"27239","E01028697",6,15.358
"27240","E01028698",10,3.933
"27241","E01028699",10,2.501
"27242","E01028700",6,16.97
"27243","E01028701",9,5.845
"27244","E01028702",9,5.934
"27245","E01028703",6,14.239
"27246","E01028704",7,11.545
"27247","E01028705",10,2.113
"27248","E01028706",10,1.484
"27249","E01028707",10,2.459
"27250","E01028708",8,9.29
"27251","E01028709",10,2.653
"27252","E01028710",10,3.714
"27253","E01028711",9,8.022
"27254","E01028712",7,11.409
"27255","E01028713",7,13.717
"27256","E01028715",9,7.575
"27257","E01028716",7,13.246
"27258","E01028717",6,16.394
"27259","E01028718",5,20.247
"27260","E01028719",9,6.347
"27261","E01028720",7,12.769
"27262","E01028721",10,4.675
"27263","E01028722",8,8.964
"27264","E01028723",7,12.318
"27265","E01028724",9,7.017
"27266","E01028725",6,15.873
"27267","E01028726",9,7.937
"27268","E01028728",7,11.467
"27269","E01028729",9,7.206
"27270","E01028730",8,8.569
"27271","E01028731",7,13.453
"27272","E01028732",8,10.111
"27273","E01028733",8,9.46
"27274","E01028734",10,4.079
"27275","E01028735",9,6.082
"27276","E01028737",8,9.78
"27277","E01028738",10,4.342
"27278","E01028739",8,8.653
"27279","E01028740",10,1.523
"27280","E01028741",10,4.222
"27281","E01028742",9,7.455
"27282","E01028743",9,7.57
"27283","E01028744",8,9.769
"27284","E01028745",9,7.244
"27285","E01028746",8,9.208
"27286","E01028747",8,8.904
"27287","E01028748",7,13.459
"27288","E01028749",7,12.447
"27289","E01028750",7,13.82
"27290","E01028751",9,8.07
"27291","E01028752",10,5.065
"27292","E01028753",6,14.836
"27293","E01028754",9,8.133
"27294","E01028755",9,8.253
"27295","E01028757",6,16.78
"27296","E01028758",9,5.82
"27297","E01028759",8,11.072
"27298","E01028760",8,9.199
"27299","E01028761",9,5.935
"27300","E01028762",6,15.344
"27301","E01028763",9,8.356
"27302","E01028764",8,8.966
"27303","E01028765",6,15.434
"27304","E01028767",6,15.89
"27305","E01028771",6,16.672
"27306","E01028772",8,8.98
"27307","E01028773",7,11.663
"27308","E01028774",9,5.635
"27309","E01028775",10,4.997
"27310","E01028776",5,17.698
"27311","E01028777",9,7.066
"27312","E01028778",7,12.072
"27313","E01028779",8,9.411
"27314","E01028780",9,7.821
"27315","E01028781",4,26.234
"27316","E01028782",10,5.156
"27317","E01028783",7,12.273
"27318","E01028784",8,10.222
"27319","E01028785",9,6.732
"27320","E01028786",9,5.527
"27321","E01028787",5,17.497
"27322","E01028788",9,5.542
"27323","E01028789",10,4.799
"27324","E01028790",8,10.053
"27325","E01028791",10,4.37
"27326","E01028792",9,6.583
"27327","E01028793",8,8.385
"27328","E01028794",7,12.102
"27329","E01028795",6,15.049
"27330","E01028796",6,14.835
"27331","E01028797",6,15.527
"27332","E01028798",8,8.945
"27333","E01028799",8,9.426
"27334","E01028800",7,12.533
"27335","E01028801",8,10.515
"27336","E01028802",8,8.397
"27337","E01028804",9,8.372
"27338","E01028806",8,10.825
"27339","E01028807",7,12.031
"27340","E01028808",7,13.908
"27341","E01028809",2,35.198
"27342","E01028810",10,3.962
"27343","E01028811",5,20.129
"27344","E01028813",6,15.071
"27345","E01028814",9,5.706
"27346","E01028815",10,1.551
"27347","E01028816",8,8.715
"27348","E01028817",8,9.206
"27349","E01028818",8,10.47
"27350","E01028819",4,21.638
"27351","E01028820",9,6.43
"27352","E01028821",9,6.231
"27353","E01028822",10,4.674
"27354","E01028823",9,6.811
"27355","E01028824",9,5.487
"27356","E01028825",10,4.532
"27357","E01028826",6,16.048
"27358","E01028827",7,13.817
"27359","E01028828",4,24.087
"27360","E01028829",7,12.133
"27361","E01028830",8,9.369
"27362","E01028831",10,5.043
"27363","E01028832",6,16.273
"27364","E01028833",7,12.903
"27365","E01028834",5,19.123
"27366","E01028835",7,13.862
"27367","E01028836",4,23.067
"27368","E01028837",8,8.463
"27369","E01028838",3,29.191
"27370","E01028839",8,9.956
"27371","E01028840",6,15.267
"27372","E01028841",4,23.943
"27373","E01028842",5,20.167
"27374","E01028843",5,20.827
"27375","E01028844",8,8.47
"27376","E01028845",9,5.932
"27377","E01028846",5,20.476
"27378","E01028847",4,23.732
"27379","E01028848",7,13.308
"27380","E01028849",2,35.458
"27381","E01028850",6,14.388
"27382","E01028851",7,13.705
"27383","E01028852",5,17.573
"27384","E01028853",3,31.706
"27385","E01028854",7,11.136
"27386","E01028855",9,6.405
"27387","E01028856",7,12.421
"27388","E01028858",4,22.274
"27389","E01028859",4,24.243
"27390","E01028860",8,9.651
"27391","E01028861",7,13.949
"27392","E01028862",6,15.059
"27393","E01028863",5,21.421
"27394","E01028864",5,18.323
"27395","E01028865",8,8.52
"27396","E01028866",5,21.294
"27397","E01028867",5,20.417
"27398","E01028868",5,19.587
"27399","E01028869",6,16.688
"27400","E01028870",5,21.227
"27401","E01028871",4,24.686
"27402","E01028872",6,15.123
"27403","E01028873",3,31.967
"27404","E01028874",8,10.724
"27405","E01028875",8,9.306
"27406","E01028876",4,24.629
"27407","E01028877",8,9.363
"27408","E01028878",6,16.475
"27409","E01028879",3,26.66
"27410","E01028880",3,26.965
"27411","E01028881",5,17.512
"27412","E01028882",4,21.543
"27413","E01028883",6,16.068
"27414","E01028884",5,18.948
"27415","E01028886",3,26.793
"27416","E01028887",7,11.529
"27417","E01028888",5,18.298
"27418","E01028889",7,12.409
"27419","E01028890",3,27.321
"27420","E01028891",3,29.141
"27421","E01028892",9,6.473
"27422","E01028893",5,19.417
"27423","E01028894",5,17.601
"27424","E01028895",5,20.815
"27425","E01028896",6,16.946
"27426","E01028897",5,18.116
"27427","E01028898",5,21.024
"27428","E01028899",7,12.216
"27429","E01028902",6,17.358
"27430","E01028903",4,26.191
"27431","E01028904",4,21.564
"27432","E01028905",3,28.61
"27433","E01028906",2,37.092
"27434","E01028907",8,9.403
"27435","E01028908",2,36.681
"27436","E01028909",3,26.697
"27437","E01028910",5,17.676
"27438","E01028911",8,9.494
"27439","E01028912",2,36.086
"27440","E01028913",6,15.524
"27441","E01028914",4,24.171
"27442","E01028915",6,16.696
"27443","E01028916",9,6.469
"27444","E01028917",8,10.873
"27445","E01028918",6,15.53
"27446","E01028919",6,15.208
"27447","E01028920",4,22.075
"27448","E01028921",5,18.203
"27449","E01028922",5,20.515
"27450","E01028923",6,15.898
"27451","E01028924",6,16.376
"27452","E01028925",6,14.294
"27453","E01028926",4,21.648
"27454","E01028927",7,13.877
"27455","E01028928",5,20.628
"27456","E01028929",9,5.532
"27457","E01028930",9,7.462
"27458","E01028931",5,20.579
"27459","E01028933",4,23.2
"27460","E01028934",2,36.545
"27461","E01028935",10,5.383
"27462","E01028936",8,9.125
"27463","E01028937",7,12.557
"27464","E01028938",7,13.269
"27465","E01028939",8,10.56
"27466","E01028940",8,9.363
"27467","E01028942",10,4.784
"27468","E01028943",6,15.039
"27469","E01028944",5,20.017
"27470","E01028945",4,23.955
"27471","E01028947",8,8.429
"27472","E01028948",3,26.996
"27473","E01028949",9,6.132
"27474","E01028950",7,12.755
"27475","E01028951",9,8.081
"27476","E01028952",10,5.401
"27477","E01028953",10,4.036
"27478","E01028954",6,15.341
"27479","E01028955",4,21.659
"27480","E01028956",7,12.715
"27481","E01028957",1,52.857
"27482","E01028958",4,24.502
"27483","E01028960",5,20.128
"27484","E01028961",6,16.745
"27485","E01028962",2,39.938
"27486","E01028963",10,4.501
"27487","E01028964",10,3.209
"27488","E01028965",3,28.633
"27489","E01028966",9,7.298
"27490","E01028967",1,45.416
"27491","E01028968",4,22.494
"27492","E01028969",5,17.774
"27493","E01028970",6,15.007
"27494","E01028971",6,17.253
"27495","E01028972",10,3.197
"27496","E01028973",6,15.888
"27497","E01028974",10,3.808
"27498","E01028975",4,22.928
"27499","E01028976",7,11.82
"27500","E01028977",6,14.505
"27501","E01028978",5,20.095
"27502","E01028979",5,20.542
"27503","E01028980",5,21.539
"27504","E01028981",6,14.923
"27505","E01028982",4,25.119
"27506","E01028983",2,44.048
"27507","E01028984",4,23.131
"27508","E01028985",10,4.602
"27509","E01028986",9,6.458
"27510","E01028988",6,15.318
"27511","E01028989",4,22.447
"27512","E01028990",4,22.277
"27513","E01028992",3,27.476
"27514","E01028993",4,23.519
"27515","E01028994",4,22.955
"27516","E01028995",6,15.317
"27517","E01028996",5,21.297
"27518","E01028997",7,12.625
"27519","E01028998",8,10.976
"27520","E01028999",4,21.934
"27521","E01029000",4,22.404
"27522","E01029001",6,14.842
"27523","E01029002",3,26.78
"27524","E01029003",4,21.929
"27525","E01029005",4,23.594
"27526","E01029006",6,15.561
"27527","E01029007",2,40.983
"27528","E01029009",9,7.818
"27529","E01029010",4,23.897
"27530","E01029011",5,18.498
"27531","E01029012",7,13.639
"27532","E01029013",5,21.186
"27533","E01029014",2,36.892
"27534","E01029016",5,20.894
"27535","E01029018",6,14.39
"27536","E01029019",6,15.685
"27537","E01029020",6,16.53
"27538","E01029021",6,14.493
"27539","E01029022",8,11.12
"27540","E01029023",6,15.631
"27541","E01029024",8,10.814
"27542","E01029025",4,24.54
"27543","E01029027",5,18.941
"27544","E01029028",5,21.366
"27545","E01029029",4,24.877
"27546","E01029030",10,3.221
"27547","E01029031",9,7.917
"27548","E01029032",10,5.29
"27549","E01029033",8,9.008
"27550","E01029034",9,7.36
"27551","E01029036",3,27.288
"27552","E01029037",6,17.273
"27553","E01029038",4,23.223
"27554","E01029039",7,11.299
"27555","E01029040",7,13.438
"27556","E01029041",4,24.023
"27557","E01029042",2,39.22
"27558","E01029043",7,13.77
"27559","E01029044",5,17.92
"27560","E01029045",5,18.068
"27561","E01029046",2,40.896
"27562","E01029047",5,18.68
"27563","E01029050",5,20.488
"27564","E01029051",7,13.615
"27565","E01029052",5,19.441
"27566","E01029053",5,21.306
"27567","E01029054",5,21.165
"27568","E01029055",6,14.237
"27569","E01029056",7,12.834
"27570","E01029057",6,15.411
"27571","E01029058",4,23.264
"27572","E01029059",6,17.253
"27573","E01029060",7,13.971
"27574","E01029062",2,35.086
"27575","E01029063",7,11.849
"27576","E01029064",6,15.534
"27577","E01029065",9,6.163
"27578","E01029066",5,20.249
"27579","E01029067",5,21.306
"27580","E01029068",5,19.932
"27581","E01029070",7,13.801
"27582","E01029071",5,18.814
"27583","E01029072",3,29.751
"27584","E01029073",5,17.622
"27585","E01029074",10,4.235
"27586","E01029075",6,16.699
"27587","E01029076",9,8.175
"27588","E01029077",6,17.301
"27589","E01029078",6,17.427
"27590","E01029079",3,27.647
"27591","E01029080",7,12.015
"27592","E01029081",5,18.165
"27593","E01029082",10,5.281
"27594","E01029083",10,3.871
"27595","E01029084",6,14.626
"27596","E01029085",6,16.691
"27597","E01029086",7,12.291
"27598","E01029089",6,14.936
"27599","E01029091",7,12.938
"27600","E01029092",8,10.184
"27601","E01029093",3,28.616
"27602","E01029094",5,17.823
"27603","E01029095",1,44.921
"27604","E01029096",3,28.479
"27605","E01029097",2,39.311
"27606","E01029098",2,38.192
"27607","E01029099",2,41.654
"27608","E01029100",2,42.667
"27609","E01029101",4,22.589
"27610","E01029102",6,16.194
"27611","E01029103",9,6.57
"27612","E01029104",9,6.09
"27613","E01029105",2,43.286
"27614","E01029106",1,56.668
"27615","E01029107",2,39.386
"27616","E01029108",5,18.198
"27617","E01029109",2,38.383
"27618","E01029110",3,29.219
"27619","E01029111",4,26.45
"27620","E01029112",2,33.759
"27621","E01029113",7,13.32
"27622","E01029114",7,13.891
"27623","E01029115",8,9.36
"27624","E01029116",4,25.463
"27625","E01029117",2,33.805
"27626","E01029118",7,12.983
"27627","E01029119",3,26.624
"27628","E01029120",6,14.314
"27629","E01029121",4,22.498
"27630","E01029122",7,12.184
"27631","E01029123",4,22.254
"27632","E01029124",6,16.126
"27633","E01029125",5,19.814
"27634","E01029126",7,12.645
"27635","E01029127",6,15.461
"27636","E01029128",9,6.815
"27637","E01029129",8,10.345
"27638","E01029130",6,15.501
"27639","E01029131",1,45.466
"27640","E01029132",1,59.513
"27641","E01029133",5,19.98
"27642","E01029134",3,29.733
"27643","E01029135",5,17.932
"27644","E01029136",4,24.05
"27645","E01029137",5,19.466
"27646","E01029138",5,18.153
"27647","E01029139",5,17.65
"27648","E01029142",8,10.342
"27649","E01029143",3,27.045
"27650","E01029144",5,19.15
"27651","E01029145",7,12.822
"27652","E01029147",8,10.403
"27653","E01029148",7,11.491
"27654","E01029149",7,14.089
"27655","E01029150",6,15.848
"27656","E01029151",5,19.675
"27657","E01029152",3,30.419
"27658","E01029153",5,18.286
"27659","E01029154",4,24.126
"27660","E01029155",6,14.784
"27661","E01029156",5,20.576
"27662","E01029157",5,19.719
"27663","E01029158",7,13.182
"27664","E01029159",9,6.027
"27665","E01029161",6,16.365
"27666","E01029162",7,11.76
"27667","E01029163",5,18.446
"27668","E01029164",6,15.334
"27669","E01029165",5,21.032
"27670","E01029166",6,15.707
"27671","E01029167",4,24.769
"27672","E01029168",6,14.596
"27673","E01029169",6,16.049
"27674","E01029170",2,40.715
"27675","E01029171",4,23.01
"27676","E01029172",9,7.599
"27677","E01029173",4,24.522
"27678","E01029174",5,18.423
"27679","E01029175",3,32.521
"27680","E01029176",7,11.996
"27681","E01029177",2,40.074
"27682","E01029178",6,14.709
"27683","E01029179",3,27.758
"27684","E01029180",5,18.02
"27685","E01029181",5,17.491
"27686","E01029182",8,10.714
"27687","E01029183",5,20.122
"27688","E01029184",8,10.364
"27689","E01029185",4,22.116
"27690","E01029186",4,25.324
"27691","E01029187",3,26.674
"27692","E01029188",7,12.159
"27693","E01029189",6,16.803
"27694","E01029190",8,10.959
"27695","E01029191",5,19.133
"27696","E01029192",5,19.902
"27697","E01029193",5,21.446
"27698","E01029194",7,13.299
"27699","E01029195",5,18.365
"27700","E01029196",5,21.262
"27701","E01029197",5,18.955
"27702","E01029198",6,15.492
"27703","E01029199",6,14.787
"27704","E01029200",4,23.013
"27705","E01029201",7,11.654
"27706","E01029202",2,34.562
"27707","E01029203",6,17.102
"27708","E01029204",6,15.415
"27709","E01029205",5,18.979
"27710","E01029206",6,14.386
"27711","E01029207",8,10.604
"27712","E01029208",6,16.077
"27713","E01029209",7,12.935
"27714","E01029210",8,9.818
"27715","E01029211",5,20.126
"27716","E01029212",5,18.915
"27717","E01029213",5,21.324
"27718","E01029214",5,19.742
"27719","E01029215",4,25.162
"27720","E01029216",6,15.765
"27721","E01029217",6,15.496
"27722","E01029218",4,25.013
"27723","E01029219",6,14.48
"27724","E01029220",7,12.496
"27725","E01029221",5,17.835
"27726","E01029222",6,16.419
"27727","E01029223",7,13.835
"27728","E01029224",6,15.879
"27729","E01029225",6,14.459
"27730","E01029226",4,25.382
"27731","E01029227",6,16.858
"27732","E01029228",6,16.848
"27733","E01029229",4,23.974
"27734","E01029230",5,20.919
"27735","E01029231",6,14.947
"27736","E01029232",5,21.427
"27737","E01029233",3,29.66
"27738","E01029235",4,22.158
"27739","E01029236",2,37.815
"27740","E01029237",2,41.113
"27741","E01029238",3,26.749
"27742","E01029239",2,38.092
"27743","E01029240",6,15.382
"27744","E01029241",5,19.999
"27745","E01029242",7,11.547
"27746","E01029243",7,11.928
"27747","E01029244",10,3.077
"27748","E01029245",8,10.366
"27749","E01029246",8,9.384
"27750","E01029247",1,50.138
"27751","E01029248",3,27.585
"27752","E01029249",4,25.921
"27753","E01029250",8,10.085
"27754","E01029251",10,4.848
"27755","E01029252",9,7.164
"27756","E01029254",10,4.732
"27757","E01029255",6,15.315
"27758","E01029256",8,10.629
"27759","E01029257",5,21.049
"27760","E01029258",6,14.359
"27761","E01029259",5,19.893
"27762","E01029260",7,13.135
"27763","E01029261",5,17.62
"27764","E01029262",7,13.074
"27765","E01029263",9,6.885
"27766","E01029264",10,3.503
"27767","E01029265",10,3.118
"27768","E01029266",7,12.15
"27769","E01029267",5,17.679
"27770","E01029268",5,19.645
"27771","E01029269",6,14.939
"27772","E01029270",5,18.943
"27773","E01029271",6,16.114
"27774","E01029273",8,10.825
"27775","E01029274",7,11.863
"27776","E01029275",5,20.622
"27777","E01029276",9,7.411
"27778","E01029277",7,13.102
"27779","E01029278",5,18.221
"27780","E01029279",4,23.057
"27781","E01029280",3,31.537
"27782","E01029281",4,22.475
"27783","E01029282",8,9.489
"27784","E01029283",4,22.783
"27785","E01029284",2,34.846
"27786","E01029285",5,18.76
"27787","E01029286",3,30.358
"27788","E01029287",5,20.351
"27789","E01029288",7,14.062
"27790","E01029289",6,17.043
"27791","E01029290",7,13.223
"27792","E01029291",3,29.397
"27793","E01029292",1,54.518
"27794","E01029293",1,58.916
"27795","E01029294",9,5.832
"27796","E01029295",10,4.781
"27797","E01029296",9,7.418
"27798","E01029297",2,44.062
"27799","E01029298",3,27.918
"27800","E01029299",3,29.072
"27801","E01029300",6,15.159
"27802","E01029301",5,20.073
"27803","E01029302",10,4.437
"27804","E01029303",10,2.681
"27805","E01029304",2,39.496
"27806","E01029305",5,21.48
"27807","E01029306",4,21.967
"27808","E01029307",2,35.732
"27809","E01029308",9,8.139
"27810","E01029310",9,5.662
"27811","E01029311",4,22.865
"27812","E01029312",7,12.722
"27813","E01029313",6,16.238
"27814","E01029315",10,4.781
"27815","E01029316",6,16.04
"27816","E01029317",7,13.245
"27817","E01029319",8,9.71
"27818","E01029320",5,20.454
"27819","E01029321",7,14.136
"27820","E01029322",3,27.327
"27821","E01029324",3,29.234
"27822","E01029325",4,24.138
"27823","E01029326",3,26.639
"27824","E01029327",4,23.489
"27825","E01029328",3,30.168
"27826","E01029329",4,24.055
"27827","E01029330",4,21.734
"27828","E01029331",6,16.839
"27829","E01029333",2,36.194
"27830","E01029334",3,33.371
"27831","E01029335",4,25.043
"27832","E01029336",3,28.41
"27833","E01029337",4,26.264
"27834","E01029338",4,25.672
"27835","E01029339",3,28.635
"27836","E01029341",4,23.782
"27837","E01029342",6,15.885
"27838","E01029343",4,21.583
"27839","E01029345",6,14.639
"27840","E01029346",2,34.841
"27841","E01029347",9,7.486
"27842","E01029348",5,20.397
"27843","E01029349",3,27.568
"27844","E01029350",2,40.146
"27845","E01029351",3,32.368
"27846","E01029352",5,17.588
"27847","E01029353",4,25.539
"27848","E01029354",4,25.357
"27849","E01029355",3,32.123
"27850","E01029356",2,39.975
"27851","E01029357",3,28.823
"27852","E01029358",1,52.98
"27853","E01029359",3,30.029
"27854","E01029360",3,33.177
"27855","E01029361",3,30.069
"27856","E01029362",2,36.054
"27857","E01029363",4,23.017
"27858","E01029364",8,9.914
"27859","E01029365",5,18.255
"27860","E01029366",10,3.794
"27861","E01029367",4,25.741
"27862","E01029368",10,4.695
"27863","E01029369",8,8.743
"27864","E01029370",9,7.296
"27865","E01029371",6,14.984
"27866","E01029372",1,47.796
"27867","E01029373",4,23.59
"27868","E01029374",5,20.664
"27869","E01029375",9,6.959
"27870","E01029376",7,12.544
"27871","E01029377",10,2.785
"27872","E01029378",9,5.564
"27873","E01029379",7,11.662
"27874","E01029380",9,5.562
"27875","E01029381",3,27.315
"27876","E01029382",5,20.877
"27877","E01029383",7,11.227
"27878","E01029385",7,11.542
"27879","E01029386",4,22.873
"27880","E01029387",4,25.757
"27881","E01029388",3,28.404
"27882","E01029389",6,15.772
"27883","E01029390",2,40.523
"27884","E01029391",9,8.346
"27885","E01029392",8,8.415
"27886","E01029393",7,13.385
"27887","E01029394",6,16.318
"27888","E01029395",6,14.254
"27889","E01029396",6,15.5
"27890","E01029397",3,29.095
"27891","E01029398",6,14.981
"27892","E01029399",6,15.699
"27893","E01029400",5,18.226
"27894","E01029401",5,17.661
"27895","E01029402",8,8.936
"27896","E01029403",5,18.771
"27897","E01029404",3,30.399
"27898","E01029405",8,10.974
"27899","E01029406",6,15.609
"27900","E01029407",3,31.235
"27901","E01029408",2,35.055
"27902","E01029409",3,31.062
"27903","E01029410",3,31.352
"27904","E01029411",6,15.315
"27905","E01029412",9,6.503
"27906","E01029413",6,15.047
"27907","E01029414",7,11.542
"27908","E01029415",9,8.163
"27909","E01029416",8,8.664
"27910","E01029417",6,14.271
"27911","E01029418",10,3.601
"27912","E01029419",10,4.448
"27913","E01029420",9,7.626
"27914","E01029422",8,9.068
"27915","E01029423",4,24.593
"27916","E01029424",6,14.923
"27917","E01029425",5,17.529
"27918","E01029426",2,35.948
"27919","E01029427",1,47.815
"27920","E01029428",7,12.421
"27921","E01029429",2,37.917
"27922","E01029430",9,6.891
"27923","E01029431",4,24.194
"27924","E01029432",8,10.583
"27925","E01029433",4,23.056
"27926","E01029434",4,25.198
"27927","E01029435",7,13.002
"27928","E01029436",2,36.157
"27929","E01029437",3,30.078
"27930","E01029438",7,11.299
"27931","E01029439",10,4.986
"27932","E01029440",7,11.86
"27933","E01029441",8,8.993
"27934","E01029442",10,2.83
"27935","E01029443",10,3.721
"27936","E01029444",7,12.29
"27937","E01029445",2,35.774
"27938","E01029446",6,16.053
"27939","E01029447",2,44.146
"27940","E01029448",2,34.149
"27941","E01029449",5,21.111
"27942","E01029450",2,41.732
"27943","E01029451",4,22.485
"27944","E01029452",3,29.85
"27945","E01029453",1,46.962
"27946","E01029454",10,2.894
"27947","E01029455",10,5.168
"27948","E01029456",6,15.074
"27949","E01029457",10,4.973
"27950","E01029458",8,9.305
"27951","E01029459",10,4.14
"27952","E01029460",8,10.078
"27953","E01029461",6,16.033
"27954","E01029462",5,20.418
"27955","E01029463",8,10.283
"27956","E01029464",5,20.126
"27957","E01029465",10,5.243
"27958","E01029466",10,4.952
"27959","E01029467",7,12.004
"27960","E01029468",1,50.002
"27961","E01029469",8,10.036
"27962","E01029470",5,21.023
"27963","E01029471",6,15.488
"27964","E01029472",3,27.966
"27965","E01029473",7,11.804
"27966","E01029474",9,7.925
"27967","E01029475",8,8.593
"27968","E01029476",8,9.213
"27969","E01029477",9,7.361
"27970","E01029478",7,13.175
"27971","E01029480",8,10.696
"27972","E01029482",6,17.094
"27973","E01029483",10,1.26
"27974","E01029484",8,8.744
"27975","E01029485",10,1.284
"27976","E01029486",8,10.337
"27977","E01029487",3,33.069
"27978","E01029488",6,14.267
"27979","E01029489",8,8.675
"27980","E01029490",7,12.728
"27981","E01029491",7,13.455
"27982","E01029492",2,39.396
"27983","E01029493",8,10.126
"27984","E01029494",6,14.529
"27985","E01029495",9,8.285
"27986","E01029496",3,33.308
"27987","E01029498",8,10.823
"27988","E01029499",2,36.741
"27989","E01029500",8,8.602
"27990","E01029501",5,20.497
"27991","E01029502",4,24.057
"27992","E01029503",6,15.553
"27993","E01029504",4,22.611
"27994","E01029505",8,8.918
"27995","E01029506",9,5.531
"27996","E01029507",10,4.42
"27997","E01029508",8,8.38
"27998","E01029509",8,10.948
"27999","E01029511",10,3.455
"28000","E01029512",10,4.452
"28001","E01029513",10,2.159
"28002","E01029514",10,2.897
"28003","E01029515",8,10.789
"28004","E01029516",6,16.297
"28005","E01029517",7,12.14
"28006","E01029518",9,6.574
"28007","E01029519",7,12.611
"28008","E01029520",10,0.813
"28009","E01029521",6,17.374
"28010","E01029522",6,14.598
"28011","E01029523",8,9.36
"28012","E01029524",6,16.455
"28013","E01029525",8,10.634
"28014","E01029526",5,20.278
"28015","E01029527",3,29.99
"28016","E01029528",4,23.593
"28017","E01029529",6,15.224
"28018","E01029531",9,6.234
"28019","E01029532",5,18.032
"28020","E01029533",6,14.665
"28021","E01029534",7,14.066
"28022","E01029535",3,32.743
"28023","E01029536",8,8.775
"28024","E01029537",5,20.761
"28025","E01029538",3,29.743
"28026","E01029539",7,14.027
"28027","E01029540",5,18.922
"28028","E01029541",4,22.941
"28029","E01029542",5,18.022
"28030","E01029543",2,36.475
"28031","E01029544",8,10.519
"28032","E01029545",6,14.758
"28033","E01029546",9,7.63
"28034","E01029547",2,38.839
"28035","E01029548",1,47.608
"28036","E01029549",4,25.317
"28037","E01029551",9,6.396
"28038","E01029552",5,19.283
"28039","E01029553",3,27.221
"28040","E01029554",2,33.967
"28041","E01029555",4,25.915
"28042","E01029556",6,15.404
"28043","E01029557",8,9.334
"28044","E01029558",3,31.961
"28045","E01029559",4,22.65
"28046","E01029560",2,38.903
"28047","E01029561",3,30.702
"28048","E01029562",7,12.952
"28049","E01029563",6,16.45
"28050","E01029564",2,36.126
"28051","E01029565",10,3.83
"28052","E01029566",1,50.848
"28053","E01029567",5,20.832
"28054","E01029568",2,33.941
"28055","E01029569",5,18.813
"28056","E01029570",8,10.35
"28057","E01029571",7,13.858
"28058","E01029572",9,7.127
"28059","E01029573",8,8.85
"28060","E01029574",6,14.542
"28061","E01029575",3,29.597
"28062","E01029576",9,6.031
"28063","E01029577",9,7.752
"28064","E01029578",4,24.599
"28065","E01029579",8,9.429
"28066","E01029580",8,8.826
"28067","E01029581",7,13.219
"28068","E01029582",7,12.137
"28069","E01029583",5,17.529
"28070","E01029584",7,12.76
"28071","E01029585",6,17.353
"28072","E01029586",9,6.638
"28073","E01029587",8,9.189
"28074","E01029588",4,23.957
"28075","E01029589",10,3.648
"28076","E01029590",8,10.078
"28077","E01029591",2,33.79
"28078","E01029593",4,25.202
"28079","E01029594",4,25.133
"28080","E01029595",5,17.451
"28081","E01029596",6,14.799
"28082","E01029597",3,33.434
"28083","E01029598",4,23.734
"28084","E01029599",4,25.104
"28085","E01029600",10,4.852
"28086","E01029601",9,5.629
"28087","E01029602",4,26.185
"28088","E01029603",3,27.794
"28089","E01029604",2,39.807
"28090","E01029605",10,3.012
"28091","E01029606",10,1.236
"28092","E01029607",5,20.643
"28093","E01029608",9,5.7
"28094","E01029609",6,17.064
"28095","E01029610",7,13.945
"28096","E01029611",4,21.969
"28097","E01029612",9,7.848
"28098","E01029613",8,9.463
"28099","E01029614",6,17.318
"28100","E01029615",3,29.287
"28101","E01029616",5,21.052
"28102","E01029617",7,13.231
"28103","E01029618",6,15.43
"28104","E01029619",7,13.633
"28105","E01029620",6,14.251
"28106","E01029621",7,13.014
"28107","E01029622",7,11.74
"28108","E01029623",6,14.681
"28109","E01029624",9,7.978
"28110","E01029625",8,8.859
"28111","E01029626",9,6.587
"28112","E01029627",4,22.256
"28113","E01029628",10,3.087
"28114","E01029629",10,1.769
"28115","E01029630",9,7.496
"28116","E01029631",9,7.266
"28117","E01029632",7,13.961
"28118","E01029633",7,11.819
"28119","E01029634",3,31.486
"28120","E01029635",2,39.843
"28121","E01029636",8,8.409
"28122","E01029637",8,10.577
"28123","E01029638",5,21.072
"28124","E01029639",9,8.373
"28125","E01029640",6,14.201
"28126","E01029641",9,6.721
"28127","E01029642",7,11.666
"28128","E01029643",3,29.742
"28129","E01029644",7,12.962
"28130","E01029645",7,12.598
"28131","E01029646",4,22.728
"28132","E01029647",5,17.829
"28133","E01029648",4,26.1
"28134","E01029649",6,15.275
"28135","E01029650",9,7.741
"28136","E01029651",7,11.258
"28137","E01029652",9,6.864
"28138","E01029653",6,14.323
"28139","E01029654",7,11.887
"28140","E01029655",6,15.201
"28141","E01029656",8,8.579
"28142","E01029657",10,3.266
"28143","E01029658",6,16.683
"28144","E01029659",9,6.202
"28145","E01029660",6,15.676
"28146","E01029661",9,7.208
"28147","E01029662",10,2.001
"28148","E01029663",10,5.379
"28149","E01029664",7,12.489
"28150","E01029665",9,6.407
"28151","E01029666",2,35.118
"28152","E01029667",6,17.139
"28153","E01029668",5,19.28
"28154","E01029669",5,19.366
"28155","E01029670",6,16.937
"28156","E01029671",7,12.762
"28157","E01029672",9,5.759
"28158","E01029673",7,13.689
"28159","E01029674",10,3.238
"28160","E01029675",9,7.037
"28161","E01029676",6,14.552
"28162","E01029677",9,7.529
"28163","E01029678",10,3.876
"28164","E01029679",2,34.61
"28165","E01029680",7,12.216
"28166","E01029681",4,24.212
"28167","E01029682",7,11.699
"28168","E01029683",8,10.998
"28169","E01029684",10,2.499
"28170","E01029685",10,2.418
"28171","E01029686",10,5.378
"28172","E01029687",8,8.864
"28173","E01029688",7,11.882
"28174","E01029689",4,22.919
"28175","E01029690",9,7.685
"28176","E01029691",2,35.16
"28177","E01029692",3,31.453
"28178","E01029693",5,18.284
"28179","E01029694",7,12.168
"28180","E01029695",7,12.547
"28181","E01029696",5,18.849
"28182","E01029697",6,17.391
"28183","E01029698",9,7.219
"28184","E01029699",6,16.362
"28185","E01029700",9,6.552
"28186","E01029702",5,19.948
"28187","E01029703",8,10.463
"28188","E01029704",8,11.048
"28189","E01029705",9,7.006
"28190","E01029706",8,8.398
"28191","E01029707",6,17.284
"28192","E01029708",6,14.328
"28193","E01029709",10,4.655
"28194","E01029710",9,5.72
"28195","E01029711",9,7.993
"28196","E01029712",8,10.941
"28197","E01029713",8,10.843
"28198","E01029714",10,4.021
"28199","E01029715",3,32.27
"28200","E01029716",2,35.089
"28201","E01029717",2,44.115
"28202","E01029718",9,5.69
"28203","E01029719",7,13.529
"28204","E01029720",3,31.303
"28205","E01029721",8,9.145
"28206","E01029722",5,18.378
"28207","E01029723",9,6.222
"28208","E01029724",10,4.588
"28209","E01029725",7,14.11
"28210","E01029726",6,14.31
"28211","E01029727",2,38.499
"28212","E01029728",6,16.685
"28213","E01029729",3,30.683
"28214","E01029733",6,14.182
"28215","E01029734",2,35.769
"28216","E01029735",6,15.33
"28217","E01029736",8,8.934
"28218","E01029737",7,14.126
"28219","E01029738",10,4.924
"28220","E01029739",10,3.308
"28221","E01029740",5,21.346
"28222","E01029741",10,4.584
"28223","E01029742",7,11.276
"28224","E01029743",9,6.478
"28225","E01029744",10,5.399
"28226","E01029745",4,21.598
"28227","E01029746",7,13.761
"28228","E01029747",9,7.915
"28229","E01029748",9,5.743
"28230","E01029749",7,12.609
"28231","E01029750",6,17.264
"28232","E01029751",8,10.346
"28233","E01029752",3,33.135
"28234","E01029753",6,15.507
"28235","E01029754",9,5.795
"28236","E01029755",9,6.523
"28237","E01029756",5,18.474
"28238","E01029757",9,5.774
"28239","E01029758",10,2.351
"28240","E01029759",10,4.287
"28241","E01029760",10,2.647
"28242","E01029761",8,10.496
"28243","E01029762",8,10.512
"28244","E01029763",2,35.815
"28245","E01029764",7,12.626
"28246","E01029765",2,36.262
"28247","E01029766",4,25.962
"28248","E01029767",7,12.256
"28249","E01029768",8,9.544
"28250","E01029769",9,6.443
"28251","E01029770",10,3.897
"28252","E01029771",8,9.358
"28253","E01029772",7,12.002
"28254","E01029773",9,5.91
"28255","E01029774",5,19.084
"28256","E01029775",9,8.159
"28257","E01029776",9,5.937
"28258","E01029777",7,11.187
"28259","E01029778",6,16.931
"28260","E01029779",9,5.751
"28261","E01029780",8,9.961
"28262","E01029781",8,10.834
"28263","E01029782",3,30.573
"28264","E01029783",3,27.473
"28265","E01029784",9,6.666
"28266","E01029785",10,5.33
"28267","E01029786",9,7.119
"28268","E01029787",4,25.064
"28269","E01029788",8,9.544
"28270","E01029789",6,15.23
"28271","E01029790",7,11.836
"28272","E01029791",7,11.203
"28273","E01029792",9,8.024
"28274","E01029793",7,11.343
"28275","E01029794",8,9.379
"28276","E01029795",5,17.612
"28277","E01029796",6,17.44
"28278","E01029797",4,23.901
"28279","E01029798",6,14.741
"28280","E01029799",9,6.732
"28281","E01029800",9,7.256
"28282","E01029801",5,19.576
"28283","E01029802",6,16.01
"28284","E01029803",6,14.635
"28285","E01029804",3,29.459
"28286","E01029805",9,7.541
"28287","E01029806",8,9.587
"28288","E01029807",4,23.036
"28289","E01029808",3,26.705
"28290","E01029809",2,36.087
"28291","E01029810",3,29.448
"28292","E01029811",4,22.39
"28293","E01029812",3,30.057
"28294","E01029813",9,8.272
"28295","E01029814",6,16.141
"28296","E01029815",9,7.275
"28297","E01029816",10,4.787
"28298","E01029817",4,22.544
"28299","E01029818",9,5.714
"28300","E01029819",9,7.354
"28301","E01029820",6,15.287
"28302","E01029821",6,14.952
"28303","E01029822",10,4.543
"28304","E01029823",7,12.224
"28305","E01029824",2,42.453
"28306","E01029825",8,9.78
"28307","E01029826",7,11.21
"28308","E01029827",2,39.581
"28309","E01029828",1,46.573
"28310","E01029829",5,21.477
"28311","E01029830",4,25.7
"28312","E01029831",4,25.179
"28313","E01029832",7,13.401
"28314","E01029833",7,12.562
"28315","E01029834",4,26.372
"28316","E01029835",1,46.586
"28317","E01029836",5,18.196
"28318","E01029837",5,18.094
"28319","E01029838",4,21.768
"28320","E01029839",10,3.541
"28321","E01029840",1,46.551
"28322","E01029841",6,16.37
"28323","E01029842",1,49.294
"28324","E01029843",2,34.999
"28325","E01029844",8,9.152
"28326","E01029845",1,69.309
"28327","E01029846",6,16.696
"28328","E01029847",10,5.345
"28329","E01029848",9,6.958
"28330","E01029849",3,33.097
"28331","E01029850",3,30.102
"28332","E01029851",4,22.249
"28333","E01029852",5,21.173
"28334","E01029853",6,16.997
"28335","E01029854",10,4.724
"28336","E01029855",6,15.398
"28337","E01029856",7,12.332
"28338","E01029857",4,23.418
"28339","E01029858",8,8.652
"28340","E01029859",1,46.613
"28341","E01029860",10,5.331
"28342","E01029861",6,16.284
"28343","E01029862",9,6.089
"28344","E01029863",7,11.701
"28345","E01029864",9,6.216
"28346","E01029865",9,7.693
"28347","E01029867",3,28.594
"28348","E01029868",9,6.41
"28349","E01029869",5,19.178
"28350","E01029870",5,18.08
"28351","E01029871",7,12.04
"28352","E01029872",8,8.404
"28353","E01029873",5,19.33
"28354","E01029874",7,14.072
"28355","E01029875",6,15.282
"28356","E01029876",4,22.304
"28357","E01029877",7,12.097
"28358","E01029878",9,7.675
"28359","E01029879",7,12.898
"28360","E01029880",6,14.599
"28361","E01029881",6,15.433
"28362","E01029882",8,10.027
"28363","E01029883",8,8.426
"28364","E01029884",4,21.604
"28365","E01029885",8,9.739
"28366","E01029886",3,33.067
"28367","E01029887",8,10.379
"28368","E01029888",3,26.934
"28369","E01029889",3,32.905
"28370","E01029890",7,13.674
"28371","E01029891",6,15.506
"28372","E01029892",4,26.504
"28373","E01029894",9,8.334
"28374","E01029895",10,3.513
"28375","E01029896",6,16.77
"28376","E01029897",7,12.273
"28377","E01029898",6,14.788
"28378","E01029899",7,12.2
"28379","E01029900",5,19.645
"28380","E01029901",7,12.133
"28381","E01029902",6,14.557
"28382","E01029903",10,5.003
"28383","E01029904",8,8.662
"28384","E01029905",8,10.27
"28385","E01029906",6,16.761
"28386","E01029907",6,16.445
"28387","E01029908",10,4.565
"28388","E01029909",8,8.481
"28389","E01029910",3,28.089
"28390","E01029911",7,12.672
"28391","E01029912",3,27.145
"28392","E01029913",8,10.614
"28393","E01029914",3,27.211
"28394","E01029915",7,12.827
"28395","E01029916",3,28.507
"28396","E01029917",8,8.69
"28397","E01029918",4,24.288
"28398","E01029919",6,15.235
"28399","E01029920",4,24.155
"28400","E01029921",7,11.87
"28401","E01029922",5,20.582
"28402","E01029923",8,10.867
"28403","E01029925",7,11.31
"28404","E01029926",7,13.301
"28405","E01029927",2,36.563
"28406","E01029928",5,20.675
"28407","E01029929",4,26.032
"28408","E01029930",6,16.214
"28409","E01029937",7,11.75
"28410","E01029938",2,38.634
"28411","E01029939",9,6.225
"28412","E01029940",4,24.3
"28413","E01029941",7,14.107
"28414","E01029942",6,15.251
"28415","E01029944",5,19.724
"28416","E01029945",7,12.593
"28417","E01029946",4,24.067
"28418","E01029947",6,15.556
"28419","E01029949",5,19.009
"28420","E01029950",4,23.498
"28421","E01029951",9,6.249
"28422","E01029952",7,11.28
"28423","E01029953",7,13.875
"28424","E01029955",7,12.63
"28425","E01029956",8,10.996
"28426","E01029957",8,10.824
"28427","E01029958",5,17.742
"28428","E01029960",5,20.321
"28429","E01029961",5,19.825
"28430","E01029962",3,27.247
"28431","E01029963",9,6.51
"28432","E01029964",7,11.727
"28433","E01029965",9,6.798
"28434","E01029966",9,8.246
"28435","E01029967",10,3.249
"28436","E01029968",3,31.479
"28437","E01029969",3,30.264
"28438","E01029970",5,19.726
"28439","E01029971",2,37.084
"28440","E01029973",10,3.751
"28441","E01029974",8,8.584
"28442","E01029975",6,14.609
"28443","E01029976",7,12.158
"28444","E01029977",9,6.434
"28445","E01029978",4,21.586
"28446","E01029979",1,48.651
"28447","E01029980",1,47.041
"28448","E01029981",7,11.199
"28449","E01029982",2,34.383
"28450","E01029983",7,13.442
"28451","E01029984",3,28.47
"28452","E01029985",3,27.901
"28453","E01029986",2,44.828
"28454","E01029987",2,41.254
"28455","E01029988",2,41.289
"28456","E01029990",5,19.04
"28457","E01029991",8,8.909
"28458","E01029992",6,14.293
"28459","E01029994",1,52.17
"28460","E01029995",8,10.613
"28461","E01029996",3,31.97
"28462","E01029997",9,7.405
"28463","E01029998",3,32.836
"28464","E01029999",9,6.952
"28465","E01030000",8,9.686
"28466","E01030001",4,22.613
"28467","E01030002",5,18.064
"28468","E01030003",8,10.823
"28469","E01030004",9,5.898
"28470","E01030005",7,13.801
"28471","E01030006",6,15.461
"28472","E01030007",7,12.859
"28473","E01030008",10,3.973
"28474","E01030009",9,5.957
"28475","E01030010",3,32.104
"28476","E01030011",10,2.811
"28477","E01030012",1,50.404
"28478","E01030013",2,34.871
"28479","E01030014",3,28.985
"28480","E01030015",8,9.135
"28481","E01030016",5,17.83
"28482","E01030017",2,42.046
"28483","E01030018",1,53.567
"28484","E01030019",8,11.008
"28485","E01030020",7,13.004
"28486","E01030021",1,55.998
"28487","E01030022",3,27.962
"28488","E01030023",2,44.1
"28489","E01030024",1,55.917
"28490","E01030025",2,35.102
"28491","E01030026",3,27.538
"28492","E01030027",5,17.722
"28493","E01030028",4,24.344
"28494","E01030029",2,38.225
"28495","E01030030",4,23.752
"28496","E01030031",1,51.267
"28497","E01030032",2,35.388
"28498","E01030033",10,4.682
"28499","E01030034",9,7.378
"28500","E01030035",2,41.704
"28501","E01030036",2,39.894
"28502","E01030037",7,13.345
"28503","E01030038",7,12.272
"28504","E01030039",5,18.405
"28505","E01030040",6,15.54
"28506","E01030041",7,13.966
"28507","E01030042",7,11.293
"28508","E01030043",8,9.623
"28509","E01030044",6,16.377
"28510","E01030045",9,7.967
"28511","E01030046",8,10.968
"28512","E01030047",6,14.225
"28513","E01030048",7,12.094
"28514","E01030049",7,13.019
"28515","E01030050",9,6.357
"28516","E01030051",5,17.61
"28517","E01030052",5,17.577
"28518","E01030053",5,18.686
"28519","E01030054",7,12.884
"28520","E01030055",6,16.284
"28521","E01030056",5,18.311
"28522","E01030057",6,15.413
"28523","E01030058",6,16.684
"28524","E01030059",6,16.673
"28525","E01030060",7,13.106
"28526","E01030061",5,21.07
"28527","E01030062",9,6.529
"28528","E01030063",7,12.008
"28529","E01030064",7,12.548
"28530","E01030065",6,15.979
"28531","E01030066",5,17.807
"28532","E01030067",6,15.466
"28533","E01030068",6,16.635
"28534","E01030069",7,12.779
"28535","E01030070",8,10.699
"28536","E01030071",5,18.628
"28537","E01030072",7,12.917
"28538","E01030073",5,19.47
"28539","E01030075",10,3.221
"28540","E01030076",6,16.755
"28541","E01030077",3,32.226
"28542","E01030078",9,8.373
"28543","E01030079",1,47.092
"28544","E01030080",6,17.408
"28545","E01030081",6,15.058
"28546","E01030083",7,13.028
"28547","E01030084",8,10.693
"28548","E01030085",8,9.867
"28549","E01030086",7,11.718
"28550","E01030087",6,16.256
"28551","E01030088",7,13.807
"28552","E01030089",6,14.294
"28553","E01030090",6,16.299
"28554","E01030091",6,15.196
"28555","E01030092",5,19.691
"28556","E01030093",8,10.875
"28557","E01030094",5,19.735
"28558","E01030095",6,14.429
"28559","E01030096",5,17.878
"28560","E01030097",5,19.783
"28561","E01030098",7,12.498
"28562","E01030099",7,14.05
"28563","E01030100",6,15.103
"28564","E01030101",6,14.34
"28565","E01030104",9,6.974
"28566","E01030105",5,18.248
"28567","E01030106",5,21.167
"28568","E01030107",9,6.392
"28569","E01030108",3,27.167
"28570","E01030109",3,31.227
"28571","E01030110",5,20.567
"28572","E01030111",9,5.487
"28573","E01030112",5,18.208
"28574","E01030113",6,17.032
"28575","E01030114",3,32.539
"28576","E01030115",4,25.752
"28577","E01030116",9,5.786
"28578","E01030117",8,10.188
"28579","E01030118",5,20.448
"28580","E01030119",7,12.064
"28581","E01030121",7,12.7
"28582","E01030122",8,8.908
"28583","E01030123",3,29.849
"28584","E01030124",10,3.483
"28585","E01030125",5,18.742
"28586","E01030127",10,3.847
"28587","E01030128",10,3.187
"28588","E01030129",10,2.775
"28589","E01030130",5,21.215
"28590","E01030131",2,36.872
"28591","E01030132",7,11.612
"28592","E01030133",5,19.08
"28593","E01030134",6,15.775
"28594","E01030135",7,12.855
"28595","E01030137",8,9.474
"28596","E01030138",6,16.653
"28597","E01030139",2,40.117
"28598","E01030140",5,19.989
"28599","E01030141",4,22.91
"28600","E01030142",10,4.581
"28601","E01030143",6,16.365
"28602","E01030144",8,9.324
"28603","E01030145",7,13.125
"28604","E01030146",5,17.787
"28605","E01030147",9,6.564
"28606","E01030148",10,5.421
"28607","E01030149",10,5.144
"28608","E01030150",6,14.397
"28609","E01030151",7,13.04
"28610","E01030152",8,8.914
"28611","E01030153",6,16.926
"28612","E01030154",5,18.155
"28613","E01030155",7,11.626
"28614","E01030158",8,10.71
"28615","E01030159",7,13.692
"28616","E01030160",3,28.225
"28617","E01030161",4,23.877
"28618","E01030162",4,25.702
"28619","E01030163",3,27.927
"28620","E01030164",9,7.991
"28621","E01030165",5,19.983
"28622","E01030166",10,4.125
"28623","E01030167",8,10.319
"28624","E01030168",2,44.033
"28625","E01030169",4,23.913
"28626","E01030170",2,35.745
"28627","E01030171",6,14.159
"28628","E01030172",8,10.462
"28629","E01030173",6,17.278
"28630","E01030174",5,19.398
"28631","E01030175",7,11.298
"28632","E01030176",5,20.067
"28633","E01030179",9,6.628
"28634","E01030180",10,5.331
"28635","E01030181",10,5.376
"28636","E01030183",9,7.095
"28637","E01030184",6,16.33
"28638","E01030185",4,25.388
"28639","E01030186",5,20.581
"28640","E01030187",4,23.233
"28641","E01030188",4,26.409
"28642","E01030189",3,30.196
"28643","E01030190",8,10.607
"28644","E01030191",8,9.868
"28645","E01030192",10,4.679
"28646","E01030193",8,11.024
"28647","E01030194",6,16.035
"28648","E01030195",10,2.839
"28649","E01030196",9,5.813
"28650","E01030197",9,7.706
"28651","E01030198",6,14.54
"28652","E01030199",5,21.095
"28653","E01030200",7,13.488
"28654","E01030201",4,23.607
"28655","E01030203",9,7.939
"28656","E01030204",10,2.61
"28657","E01030205",10,2.73
"28658","E01030206",10,3.822
"28659","E01030207",8,9.485
"28660","E01030208",4,22.948
"28661","E01030209",5,20.376
"28662","E01030210",4,24.845
"28663","E01030211",7,12.552
"28664","E01030212",6,16.304
"28665","E01030214",7,11.953
"28666","E01030215",4,23.169
"28667","E01030216",9,6.89
"28668","E01030217",7,13.208
"28669","E01030218",6,14.156
"28670","E01030219",5,20.41
"28671","E01030220",4,22.07
"28672","E01030221",7,12.351
"28673","E01030222",5,21.26
"28674","E01030223",4,22.403
"28675","E01030224",6,16.014
"28676","E01030225",4,23.507
"28677","E01030226",5,18.88
"28678","E01030227",2,42.977
"28679","E01030228",7,12.8
"28680","E01030229",4,23.377
"28681","E01030230",5,20.756
"28682","E01030231",3,26.749
"28683","E01030232",5,19.461
"28684","E01030233",9,6.865
"28685","E01030234",3,32.404
"28686","E01030235",7,12.405
"28687","E01030236",4,21.705
"28688","E01030237",9,7.613
"28689","E01030238",9,6.827
"28690","E01030239",8,9.57
"28691","E01030240",7,13.937
"28692","E01030241",6,17.292
"28693","E01030242",8,9.467
"28694","E01030243",5,19.134
"28695","E01030244",3,28.281
"28696","E01030245",6,15.845
"28697","E01030246",1,48.925
"28698","E01030247",1,71.909
"28699","E01030248",2,41.365
"28700","E01030249",1,50.386
"28701","E01030250",1,72.701
"28702","E01030251",3,29.278
"28703","E01030252",5,20.586
"28704","E01030253",2,34.175
"28705","E01030254",2,41.2
"28706","E01030255",3,29.322
"28707","E01030256",2,37.216
"28708","E01030257",3,27.813
"28709","E01030258",1,68.842
"28710","E01030259",6,15.834
"28711","E01030260",5,18.306
"28712","E01030261",1,64.626
"28713","E01030262",3,31.526
"28714","E01030263",4,23.614
"28715","E01030264",1,46.058
"28716","E01030265",2,44.36
"28717","E01030266",5,21.011
"28718","E01030267",5,20.74
"28719","E01030268",9,7.387
"28720","E01030269",8,10.603
"28721","E01030270",4,25.564
"28722","E01030271",7,13.733
"28723","E01030272",6,14.787
"28724","E01030273",7,11.675
"28725","E01030274",1,47.148
"28726","E01030275",6,17.153
"28727","E01030276",3,26.829
"28728","E01030277",1,62.067
"28729","E01030278",3,27.662
"28730","E01030279",1,59.967
"28731","E01030280",7,11.372
"28732","E01030281",5,21.296
"28733","E01030283",4,22.892
"28734","E01030285",5,19.381
"28735","E01030286",5,21.049
"28736","E01030287",3,30.529
"28737","E01030288",9,7.774
"28738","E01030289",2,37.8
"28739","E01030290",6,14.791
"28740","E01030291",1,50.859
"28741","E01030292",9,5.674
"28742","E01030293",9,8.207
"28743","E01030294",7,13.589
"28744","E01030295",4,23.668
"28745","E01030296",10,1.407
"28746","E01030297",10,3.6
"28747","E01030298",8,9.777
"28748","E01030299",9,5.84
"28749","E01030300",6,16.179
"28750","E01030301",9,5.481
"28751","E01030302",8,10.607
"28752","E01030303",10,1.659
"28753","E01030304",3,30.997
"28754","E01030305",10,3.171
"28755","E01030306",10,2.576
"28756","E01030307",10,3.873
"28757","E01030308",10,2.839
"28758","E01030309",10,3.832
"28759","E01030310",5,18.781
"28760","E01030311",5,17.71
"28761","E01030312",6,16.749
"28762","E01030313",8,10.513
"28763","E01030314",10,4.445
"28764","E01030315",9,5.798
"28765","E01030316",10,1.221
"28766","E01030317",9,8.286
"28767","E01030318",7,11.44
"28768","E01030319",10,4.515
"28769","E01030320",10,4.668
"28770","E01030321",10,2.387
"28771","E01030322",8,8.997
"28772","E01030323",10,3.735
"28773","E01030324",10,5.386
"28774","E01030325",9,6.403
"28775","E01030326",9,7.924
"28776","E01030327",10,4.806
"28777","E01030328",10,3.238
"28778","E01030329",10,2.555
"28779","E01030330",9,5.886
"28780","E01030331",9,6.739
"28781","E01030332",7,13.639
"28782","E01030333",9,7.23
"28783","E01030334",8,10.963
"28784","E01030335",7,11.436
"28785","E01030336",5,17.815
"28786","E01030337",5,20.573
"28787","E01030338",10,1.745
"28788","E01030339",9,6.415
"28789","E01030340",9,6.737
"28790","E01030341",10,2.171
"28791","E01030342",10,4.41
"28792","E01030343",10,4.467
"28793","E01030344",10,3.753
"28794","E01030345",10,4.849
"28795","E01030346",10,4.837
"28796","E01030347",8,10.067
"28797","E01030348",10,2.829
"28798","E01030349",10,3.667
"28799","E01030350",10,3.705
"28800","E01030351",10,4.162
"28801","E01030352",9,6.6
"28802","E01030353",10,3.272
"28803","E01030354",3,28.891
"28804","E01030355",10,3.839
"28805","E01030356",9,6.604
"28806","E01030357",10,4.097
"28807","E01030358",9,5.509
"28808","E01030360",10,5.439
"28809","E01030361",8,8.996
"28810","E01030362",3,31.022
"28811","E01030363",6,14.756
"28812","E01030364",3,27.512
"28813","E01030365",10,4.045
"28814","E01030366",8,11.021
"28815","E01030367",10,2.728
"28816","E01030368",10,2.09
"28817","E01030369",10,2.216
"28818","E01030370",10,4.473
"28819","E01030371",5,18.345
"28820","E01030372",9,5.857
"28821","E01030373",9,8.019
"28822","E01030374",9,7.998
"28823","E01030375",10,4.889
"28824","E01030376",10,3.705
"28825","E01030377",10,1.865
"28826","E01030378",10,3.625
"28827","E01030379",10,2.279
"28828","E01030380",10,2.712
"28829","E01030381",10,4.272
"28830","E01030382",10,2.742
"28831","E01030384",8,9.061
"28832","E01030385",3,28.843
"28833","E01030386",10,1.535
"28834","E01030387",10,3.089
"28835","E01030388",9,6.021
"28836","E01030389",9,7.369
"28837","E01030390",7,12.274
"28838","E01030391",9,6.409
"28839","E01030392",10,5.058
"28840","E01030393",8,9.629
"28841","E01030394",10,3.851
"28842","E01030395",10,3.993
"28843","E01030396",10,2.986
"28844","E01030398",10,1.383
"28845","E01030399",6,14.816
"28846","E01030400",2,34.473
"28847","E01030401",9,6.155
"28848","E01030402",9,8.206
"28849","E01030403",10,5.017
"28850","E01030404",10,2.827
"28851","E01030405",9,5.967
"28852","E01030406",9,6.633
"28853","E01030407",10,1.455
"28854","E01030408",10,0.866
"28855","E01030409",8,8.385
"28856","E01030410",7,11.458
"28857","E01030412",7,11.783
"28858","E01030413",9,7.924
"28859","E01030414",8,10.637
"28860","E01030415",10,2.642
"28861","E01030416",9,6.133
"28862","E01030417",10,1.107
"28863","E01030418",10,4.773
"28864","E01030419",10,3.763
"28865","E01030420",7,11.302
"28866","E01030421",9,6.849
"28867","E01030422",7,12.46
"28868","E01030423",7,12.485
"28869","E01030424",5,18.342
"28870","E01030425",10,4.073
"28871","E01030426",6,14.723
"28872","E01030427",10,3.169
"28873","E01030428",9,5.939
"28874","E01030429",8,10.465
"28875","E01030430",9,5.483
"28876","E01030431",8,8.625
"28877","E01030432",4,23.519
"28878","E01030433",4,23.744
"28879","E01030434",9,5.781
"28880","E01030435",10,2.85
"28881","E01030436",10,2.882
"28882","E01030437",10,2.286
"28883","E01030438",9,5.825
"28884","E01030439",10,3.096
"28885","E01030440",8,9.821
"28886","E01030441",10,3.8
"28887","E01030442",10,2.183
"28888","E01030443",10,2.904
"28889","E01030444",10,2.717
"28890","E01030445",10,4.668
"28891","E01030446",9,6.787
"28892","E01030447",8,8.51
"28893","E01030448",10,1.725
"28894","E01030449",8,10.614
"28895","E01030450",8,9.491
"28896","E01030451",5,18.783
"28897","E01030452",7,13.546
"28898","E01030453",9,6.66
"28899","E01030454",10,2.711
"28900","E01030455",7,11.419
"28901","E01030456",10,1.2
"28902","E01030457",5,17.974
"28903","E01030458",6,14.259
"28904","E01030459",5,20.112
"28905","E01030460",10,1.811
"28906","E01030461",10,1.521
"28907","E01030462",9,5.485
"28908","E01030463",10,3.502
"28909","E01030464",6,17.313
"28910","E01030465",7,13.844
"28911","E01030466",7,12.121
"28912","E01030467",10,1.774
"28913","E01030468",10,2.974
"28914","E01030469",9,5.615
"28915","E01030470",10,2.661
"28916","E01030471",9,7.394
"28917","E01030472",6,14.825
"28918","E01030473",9,5.56
"28919","E01030474",8,8.799
"28920","E01030475",10,5.01
"28921","E01030476",10,4.009
"28922","E01030477",7,11.813
"28923","E01030478",8,8.621
"28924","E01030479",7,11.382
"28925","E01030480",10,3.825
"28926","E01030481",5,21.251
"28927","E01030482",5,17.69
"28928","E01030483",2,34.245
"28929","E01030484",4,25.45
"28930","E01030485",8,9.097
"28931","E01030486",10,3.204
"28932","E01030487",9,6.786
"28933","E01030488",10,4.638
"28934","E01030489",9,5.481
"28935","E01030490",7,11.307
"28936","E01030491",6,14.245
"28937","E01030492",9,7.706
"28938","E01030493",4,22.135
"28939","E01030494",5,20.625
"28940","E01030495",9,5.669
"28941","E01030496",4,23.177
"28942","E01030497",3,29.622
"28943","E01030498",10,2.339
"28944","E01030499",9,5.89
"28945","E01030500",10,4.688
"28946","E01030501",9,7.609
"28947","E01030502",5,18.53
"28948","E01030503",4,24.249
"28949","E01030504",10,3.79
"28950","E01030505",9,8.173
"28951","E01030506",10,1.589
"28952","E01030507",10,4.516
"28953","E01030508",10,1.509
"28954","E01030509",8,9.545
"28955","E01030510",10,3.669
"28956","E01030511",10,1.818
"28957","E01030512",10,4.717
"28958","E01030513",10,4.722
"28959","E01030514",10,4.68
"28960","E01030515",6,16.01
"28961","E01030516",6,15.89
"28962","E01030517",10,3.159
"28963","E01030518",10,1.714
"28964","E01030519",7,12.155
"28965","E01030520",6,14.891
"28966","E01030521",8,10.032
"28967","E01030522",10,1.695
"28968","E01030523",10,4.849
"28969","E01030524",6,15.738
"28970","E01030525",10,4.507
"28971","E01030526",9,7.957
"28972","E01030527",8,10.811
"28973","E01030528",5,18.494
"28974","E01030529",7,12.878
"28975","E01030530",7,12.333
"28976","E01030531",6,15.156
"28977","E01030532",9,5.694
"28978","E01030533",10,3.393
"28979","E01030534",7,11.148
"28980","E01030535",9,6.325
"28981","E01030536",9,6.323
"28982","E01030537",9,7.653
"28983","E01030538",8,10.699
"28984","E01030539",8,9.677
"28985","E01030540",10,1.557
"28986","E01030541",10,1.728
"28987","E01030542",10,2.626
"28988","E01030543",10,3.868
"28989","E01030544",8,10.474
"28990","E01030545",9,7.41
"28991","E01030546",6,15.978
"28992","E01030547",3,33.407
"28993","E01030548",6,16.064
"28994","E01030549",7,14.084
"28995","E01030550",6,17.024
"28996","E01030551",3,28.665
"28997","E01030552",8,9.707
"28998","E01030553",8,8.883
"28999","E01030554",10,3.089
"29000","E01030555",6,16.063
"29001","E01030556",9,7.455
"29002","E01030557",6,16.377
"29003","E01030558",8,9.614
"29004","E01030559",10,3.587
"29005","E01030560",9,7.888
"29006","E01030561",9,5.521
"29007","E01030562",7,12.4
"29008","E01030563",9,6.851
"29009","E01030564",9,6.531
"29010","E01030565",9,8.304
"29011","E01030566",10,5.342
"29012","E01030567",9,6.796
"29013","E01030568",10,3.76
"29014","E01030569",7,13.076
"29015","E01030570",6,16.589
"29016","E01030571",9,7.657
"29017","E01030572",6,16.892
"29018","E01030573",9,7.211
"29019","E01030574",8,9.986
"29020","E01030576",7,12.555
"29021","E01030577",7,11.449
"29022","E01030578",4,22.648
"29023","E01030579",4,22.369
"29024","E01030580",9,5.96
"29025","E01030581",10,1.967
"29026","E01030582",9,6.15
"29027","E01030583",8,10.239
"29028","E01030585",9,7.745
"29029","E01030586",5,18.093
"29030","E01030587",5,18.476
"29031","E01030588",3,30.407
"29032","E01030589",10,4.765
"29033","E01030590",9,8.346
"29034","E01030591",8,11
"29035","E01030592",9,7.625
"29036","E01030593",10,4.689
"29037","E01030594",7,11.651
"29038","E01030595",9,6.49
"29039","E01030596",10,1.726
"29040","E01030597",10,3.614
"29041","E01030598",7,12.336
"29042","E01030599",2,36.034
"29043","E01030600",7,12.054
"29044","E01030601",5,17.465
"29045","E01030602",9,6.467
"29046","E01030603",10,2.84
"29047","E01030604",9,5.786
"29048","E01030605",10,4.855
"29049","E01030606",10,2.62
"29050","E01030607",10,1.9
"29051","E01030608",3,26.628
"29052","E01030609",6,17.37
"29053","E01030610",5,17.675
"29054","E01030613",8,8.768
"29055","E01030614",10,4.728
"29056","E01030615",4,24.038
"29057","E01030616",10,2.139
"29058","E01030617",9,6.303
"29059","E01030618",7,13.306
"29060","E01030619",4,23.948
"29061","E01030620",9,7.449
"29062","E01030621",7,11.913
"29063","E01030622",9,6.736
"29064","E01030623",10,2.938
"29065","E01030624",10,3.033
"29066","E01030625",10,4.502
"29067","E01030626",10,3.372
"29068","E01030627",10,3.208
"29069","E01030628",7,11.574
"29070","E01030629",6,16.006
"29071","E01030630",7,11.919
"29072","E01030631",6,15.348
"29073","E01030632",10,4.594
"29074","E01030633",6,16.6
"29075","E01030634",4,26.468
"29076","E01030635",9,8.03
"29077","E01030636",10,4.139
"29078","E01030637",10,2.269
"29079","E01030638",10,3.546
"29080","E01030639",9,6.859
"29081","E01030640",4,21.55
"29082","E01030641",9,5.68
"29083","E01030642",9,6.378
"29084","E01030643",7,13.068
"29085","E01030644",10,4.981
"29086","E01030645",3,28.92
"29087","E01030646",8,9.879
"29088","E01030647",7,12.135
"29089","E01030648",7,11.455
"29090","E01030649",7,13.93
"29091","E01030650",4,24.996
"29092","E01030651",7,13.887
"29093","E01030652",7,13.515
"29094","E01030653",6,16.647
"29095","E01030654",8,10.145
"29096","E01030655",9,7.207
"29097","E01030656",5,20.068
"29098","E01030657",3,27.427
"29099","E01030658",6,15.642
"29100","E01030659",8,10.018
"29101","E01030660",6,14.284
"29102","E01030661",9,7.788
"29103","E01030662",8,10.519
"29104","E01030663",5,21.322
"29105","E01030664",4,21.825
"29106","E01030665",6,17.068
"29107","E01030666",8,11.014
"29108","E01030667",6,16.624
"29109","E01030668",8,9.67
"29110","E01030669",8,8.489
"29111","E01030670",10,4.072
"29112","E01030671",9,6.474
"29113","E01030672",10,3.69
"29114","E01030673",10,5.225
"29115","E01030674",4,25.281
"29116","E01030675",7,12.977
"29117","E01030676",2,34.242
"29118","E01030677",4,22.883
"29119","E01030678",7,13.18
"29120","E01030679",8,8.49
"29121","E01030680",9,5.967
"29122","E01030681",6,16.258
"29123","E01030682",9,6.101
"29124","E01030683",9,7.635
"29125","E01030684",6,16.075
"29126","E01030685",7,12.17
"29127","E01030686",8,8.698
"29128","E01030687",9,8.035
"29129","E01030688",8,8.688
"29130","E01030689",10,4.968
"29131","E01030690",9,7.905
"29132","E01030691",10,3.547
"29133","E01030692",9,7.447
"29134","E01030693",10,3.905
"29135","E01030694",7,12.669
"29136","E01030695",10,1.527
"29137","E01030696",8,10.15
"29138","E01030697",8,9.005
"29139","E01030698",8,9.356
"29140","E01030699",7,12.244
"29141","E01030700",6,15.815
"29142","E01030701",7,11.837
"29143","E01030702",3,31.346
"29144","E01030703",7,11.237
"29145","E01030704",8,9.526
"29146","E01030705",9,7.094
"29147","E01030706",8,9.041
"29148","E01030707",6,14.765
"29149","E01030708",8,10.274
"29150","E01030709",6,16.995
"29151","E01030710",3,26.981
"29152","E01030711",3,31.102
"29153","E01030712",6,16.061
"29154","E01030713",8,9.55
"29155","E01030714",5,18.544
"29156","E01030715",9,6.324
"29157","E01030716",8,8.641
"29158","E01030717",6,16.741
"29159","E01030718",8,9.294
"29160","E01030719",6,15.582
"29161","E01030720",9,6.799
"29162","E01030721",5,19.62
"29163","E01030722",9,7.935
"29164","E01030723",9,6.85
"29165","E01030724",4,21.575
"29166","E01030725",5,18.094
"29167","E01030726",10,3.131
"29168","E01030727",9,6.728
"29169","E01030728",10,4.645
"29170","E01030729",6,15.956
"29171","E01030730",9,7.803
"29172","E01030731",9,6.284
"29173","E01030732",8,8.724
"29174","E01030733",8,9.167
"29175","E01030734",7,12.454
"29176","E01030735",7,12.405
"29177","E01030737",6,14.9
"29178","E01030738",6,16.43
"29179","E01030739",4,26.125
"29180","E01030740",5,21.505
"29181","E01030741",7,12.28
"29182","E01030742",9,7.219
"29183","E01030743",4,22.732
"29184","E01030744",2,36.356
"29185","E01030745",3,30.351
"29186","E01030746",3,26.837
"29187","E01030747",4,21.731
"29188","E01030748",6,15.053
"29189","E01030749",4,24.365
"29190","E01030750",4,22.187
"29191","E01030751",6,14.681
"29192","E01030752",3,29.068
"29193","E01030753",9,6.289
"29194","E01030754",9,6.055
"29195","E01030755",6,14.607
"29196","E01030756",10,3.481
"29197","E01030757",9,7.162
"29198","E01030758",9,7.997
"29199","E01030759",5,19.776
"29200","E01030760",9,6.684
"29201","E01030761",9,7.549
"29202","E01030762",10,4.195
"29203","E01030763",5,19.101
"29204","E01030764",9,7.496
"29205","E01030765",5,20.785
"29206","E01030766",8,9.271
"29207","E01030767",6,14.156
"29208","E01030768",9,6.227
"29209","E01030769",10,1.708
"29210","E01030770",10,2.746
"29211","E01030771",10,1.294
"29212","E01030772",9,8.116
"29213","E01030773",10,2.816
"29214","E01030774",10,3.048
"29215","E01030775",10,2.142
"29216","E01030776",10,3.368
"29217","E01030777",10,5.157
"29218","E01030778",10,2.537
"29219","E01030779",10,3.2
"29220","E01030780",10,3.486
"29221","E01030781",9,8.252
"29222","E01030782",8,10.114
"29223","E01030783",9,5.994
"29224","E01030784",9,7.214
"29225","E01030785",9,8.227
"29226","E01030786",4,23.201
"29227","E01030787",5,20.203
"29228","E01030788",3,29.011
"29229","E01030789",10,3.03
"29230","E01030790",10,4.69
"29231","E01030791",10,2.734
"29232","E01030792",10,3.517
"29233","E01030793",5,21.15
"29234","E01030794",8,10.525
"29235","E01030795",9,7.556
"29236","E01030796",10,2.161
"29237","E01030797",10,2.912
"29238","E01030798",10,1.237
"29239","E01030799",10,1.75
"29240","E01030800",7,12.412
"29241","E01030801",6,14.402
"29242","E01030802",10,4.783
"29243","E01030803",8,11.015
"29244","E01030804",10,2.262
"29245","E01030805",5,21.377
"29246","E01030806",10,3
"29247","E01030807",9,6.104
"29248","E01030808",10,3.503
"29249","E01030809",9,5.891
"29250","E01030810",10,2.766
"29251","E01030811",10,3.837
"29252","E01030812",4,26.587
"29253","E01030813",8,8.929
"29254","E01030814",5,19.316
"29255","E01030815",5,21.186
"29256","E01030816",4,25.065
"29257","E01030817",7,13.475
"29258","E01030818",5,17.983
"29259","E01030819",5,20.645
"29260","E01030820",10,4.508
"29261","E01030821",7,11.684
"29262","E01030822",9,7.552
"29263","E01030823",8,10.206
"29264","E01030824",3,28.111
"29265","E01030825",7,13.267
"29266","E01030826",5,18.318
"29267","E01030827",6,16.327
"29268","E01030828",10,4.659
"29269","E01030829",8,9.73
"29270","E01030830",9,5.525
"29271","E01030831",10,4.173
"29272","E01030832",7,11.182
"29273","E01030833",5,18.133
"29274","E01030834",5,20.902
"29275","E01030835",8,9.601
"29276","E01030836",8,10.558
"29277","E01030837",10,5.411
"29278","E01030838",8,11.109
"29279","E01030839",10,3.313
"29280","E01030840",5,17.894
"29281","E01030841",10,2.556
"29282","E01030842",5,17.669
"29283","E01030843",4,23.721
"29284","E01030844",8,8.675
"29285","E01030845",7,12.276
"29286","E01030846",9,6.016
"29287","E01030847",8,10.371
"29288","E01030848",7,11.421
"29289","E01030850",5,18.985
"29290","E01030851",6,15.358
"29291","E01030852",5,18.387
"29292","E01030853",8,8.694
"29293","E01030854",9,7.304
"29294","E01030855",10,1.595
"29295","E01030856",9,6.431
"29296","E01030857",6,14.819
"29297","E01030858",7,12.451
"29298","E01030859",7,12.415
"29299","E01030861",10,5.053
"29300","E01030862",5,21.162
"29301","E01030863",10,4.68
"29302","E01030864",8,9.85
"29303","E01030865",7,13.561
"29304","E01030866",10,2.81
"29305","E01030867",7,14.125
"29306","E01030868",9,5.642
"29307","E01030869",8,10.645
"29308","E01030870",10,2.21
"29309","E01030871",10,5.456
"29310","E01030872",6,16.415
"29311","E01030873",10,4.451
"29312","E01030874",10,4.504
"29313","E01030875",7,13.642
"29314","E01030876",10,5.169
"29315","E01030877",5,18.585
"29316","E01030878",9,6.952
"29317","E01030879",6,15.756
"29318","E01030880",9,6.212
"29319","E01030881",10,3.05
"29320","E01030882",10,1.713
"29321","E01030883",10,4.013
"29322","E01030884",7,11.985
"29323","E01030885",7,11.767
"29324","E01030886",10,3.417
"29325","E01030887",10,1.748
"29326","E01030888",10,4.008
"29327","E01030889",8,11
"29328","E01030890",8,8.967
"29329","E01030891",10,1.333
"29330","E01030892",10,2.558
"29331","E01030893",9,8.253
"29332","E01030894",10,3.201
"29333","E01030895",7,12.997
"29334","E01030896",6,16.119
"29335","E01030897",10,3.939
"29336","E01030898",10,3.223
"29337","E01030899",10,2.089
"29338","E01030900",9,6.314
"29339","E01030901",4,22.869
"29340","E01030902",10,4.372
"29341","E01030903",9,5.672
"29342","E01030904",9,7.863
"29343","E01030905",7,12.507
"29344","E01030906",10,4.882
"29345","E01030907",10,4.488
"29346","E01030908",7,11.775
"29347","E01030909",8,9.174
"29348","E01030910",8,9.107
"29349","E01030911",9,5.851
"29350","E01030912",6,15.633
"29351","E01030913",5,20.611
"29352","E01030914",4,26.357
"29353","E01030915",8,9.774
"29354","E01030916",9,7.631
"29355","E01030917",10,2.454
"29356","E01030918",9,7.8
"29357","E01030919",10,1.665
"29358","E01030920",8,8.922
"29359","E01030921",7,12.549
"29360","E01030922",9,6.081
"29361","E01030923",10,1.614
"29362","E01030924",10,1.402
"29363","E01030925",10,1.389
"29364","E01030926",10,3.794
"29365","E01030927",7,12.638
"29366","E01030928",7,11.681
"29367","E01030929",9,6.491
"29368","E01030930",10,3.134
"29369","E01030931",10,3.176
"29370","E01030932",9,7.103
"29371","E01030933",8,9.357
"29372","E01030934",7,11.799
"29373","E01030935",10,4.613
"29374","E01030937",8,8.972
"29375","E01030938",5,18.251
"29376","E01030939",10,4.504
"29377","E01030940",9,6.813
"29378","E01030941",9,6.002
"29379","E01030942",8,8.659
"29380","E01030943",6,16.292
"29381","E01030944",9,6.36
"29382","E01030945",10,3.75
"29383","E01030946",4,26.503
"29384","E01030947",8,8.665
"29385","E01030948",9,6.963
"29386","E01030949",8,10.931
"29387","E01030950",8,10.23
"29388","E01030951",7,13.745
"29389","E01030952",2,40.638
"29390","E01030953",9,5.587
"29391","E01030954",7,13.24
"29392","E01030955",10,4.454
"29393","E01030956",5,17.631
"29394","E01030957",5,19.387
"29395","E01030958",10,4.286
"29396","E01030959",10,5.202
"29397","E01030960",8,10.817
"29398","E01030961",10,2.729
"29399","E01030962",4,24.103
"29400","E01030963",10,0.73
"29401","E01030964",10,3.449
"29402","E01030965",10,3.403
"29403","E01030966",10,2.733
"29404","E01030967",10,4.493
"29405","E01030968",6,15.159
"29406","E01030969",10,2.826
"29407","E01030970",8,8.782
"29408","E01030971",6,14.83
"29409","E01030972",7,13.964
"29410","E01030974",5,19.451
"29411","E01030975",8,9.632
"29412","E01030976",9,6.255
"29413","E01030977",7,13.83
"29414","E01030978",9,6.861
"29415","E01030979",8,10.756
"29416","E01030980",4,25.642
"29417","E01030981",4,25.341
"29418","E01030983",4,26.065
"29419","E01030984",4,25.657
"29420","E01030986",10,4.26
"29421","E01030987",9,7.296
"29422","E01030988",9,5.75
"29423","E01030989",8,8.842
"29424","E01030990",10,2.333
"29425","E01030991",8,8.813
"29426","E01030992",10,5.368
"29427","E01030994",7,14.005
"29428","E01030995",4,22.79
"29429","E01030996",10,2.847
"29430","E01030997",8,9.443
"29431","E01030998",10,2.13
"29432","E01030999",10,1.709
"29433","E01031000",10,3.871
"29434","E01031001",10,5.102
"29435","E01031002",10,3.224
"29436","E01031003",10,3.213
"29437","E01031004",8,8.801
"29438","E01031005",3,31.728
"29439","E01031006",3,31.539
"29440","E01031007",6,16.155
"29441","E01031008",2,35.544
"29442","E01031009",4,23.066
"29443","E01031010",2,42.522
"29444","E01031011",7,11.362
"29445","E01031012",3,27.725
"29446","E01031013",8,10.744
"29447","E01031014",8,10.398
"29448","E01031015",1,59.861
"29449","E01031016",4,24.441
"29450","E01031017",6,14.929
"29451","E01031018",5,19.403
"29452","E01031019",8,10.261
"29453","E01031020",8,11.086
"29454","E01031021",4,22.892
"29455","E01031022",8,10.367
"29456","E01031023",8,10.298
"29457","E01031024",7,13.883
"29458","E01031025",5,21.418
"29459","E01031026",4,24.905
"29460","E01031027",6,17.241
"29461","E01031028",5,21.217
"29462","E01031029",7,13.259
"29463","E01031030",3,27.571
"29464","E01031031",5,20.713
"29465","E01031032",3,28.364
"29466","E01031033",4,22.998
"29467","E01031034",8,10.805
"29468","E01031035",4,21.692
"29469","E01031036",7,12.338
"29470","E01031037",5,18.743
"29471","E01031038",6,14.808
"29472","E01031039",8,9.086
"29473","E01031040",6,15.112
"29474","E01031041",7,12.007
"29475","E01031042",8,10.55
"29476","E01031043",1,52.061
"29477","E01031044",2,41.242
"29478","E01031045",4,22.579
"29479","E01031046",2,43.786
"29480","E01031047",4,26.399
"29481","E01031048",6,16.858
"29482","E01031049",6,16.643
"29483","E01031050",4,21.714
"29484","E01031051",7,11.176
"29485","E01031052",3,27.388
"29486","E01031053",3,29.587
"29487","E01031054",3,28.321
"29488","E01031055",8,11.103
"29489","E01031056",4,22.956
"29490","E01031057",1,64.535
"29491","E01031058",3,28.122
"29492","E01031059",3,27.155
"29493","E01031060",4,21.907
"29494","E01031061",6,15.431
"29495","E01031062",6,17.339
"29496","E01031063",1,45.278
"29497","E01031064",2,38.383
"29498","E01031065",2,34.77
"29499","E01031066",1,45.343
"29500","E01031067",3,27.213
"29501","E01031068",6,14.563
"29502","E01031069",8,8.434
"29503","E01031070",7,13.166
"29504","E01031073",4,24.586
"29505","E01031074",2,39.532
"29506","E01031075",2,39.619
"29507","E01031077",3,31.615
"29508","E01031078",5,19.243
"29509","E01031079",3,26.881
"29510","E01031080",3,29.011
"29511","E01031081",3,27.736
"29512","E01031082",9,6.877
"29513","E01031083",6,14.677
"29514","E01031084",4,21.908
"29515","E01031085",6,15.502
"29516","E01031086",4,25.762
"29517","E01031087",3,28.52
"29518","E01031088",4,21.779
"29519","E01031089",6,14.721
"29520","E01031090",1,62.467
"29521","E01031091",6,14.572
"29522","E01031092",2,37.429
"29523","E01031093",5,19.713
"29524","E01031094",3,30.225
"29525","E01031095",2,37.786
"29526","E01031096",4,23.789
"29527","E01031097",2,37.911
"29528","E01031098",5,19.33
"29529","E01031099",6,14.989
"29530","E01031100",10,4.116
"29531","E01031101",10,4.756
"29532","E01031102",6,16.706
"29533","E01031104",10,4.457
"29534","E01031105",4,22.88
"29535","E01031106",5,20.874
"29536","E01031107",6,16.495
"29537","E01031108",7,13.286
"29538","E01031109",3,29.464
"29539","E01031110",8,10.902
"29540","E01031111",8,8.556
"29541","E01031112",9,8.254
"29542","E01031114",4,22.631
"29543","E01031115",3,27.071
"29544","E01031116",1,46.874
"29545","E01031117",3,28.341
"29546","E01031118",2,38.493
"29547","E01031119",3,33.104
"29548","E01031120",9,7.117
"29549","E01031121",10,3.382
"29550","E01031122",10,5.04
"29551","E01031123",10,5.057
"29552","E01031124",9,5.741
"29553","E01031125",8,9.233
"29554","E01031127",4,25.856
"29555","E01031129",9,8.319
"29556","E01031130",5,18.688
"29557","E01031131",4,22.057
"29558","E01031132",4,22.945
"29559","E01031133",6,16.856
"29560","E01031134",10,3.458
"29561","E01031135",10,3.747
"29562","E01031136",8,8.688
"29563","E01031137",7,13.174
"29564","E01031138",9,6.779
"29565","E01031139",10,3.756
"29566","E01031140",8,10.037
"29567","E01031142",2,43.321
"29568","E01031143",7,11.28
"29569","E01031144",5,17.74
"29570","E01031145",5,17.532
"29571","E01031146",4,23.776
"29572","E01031148",8,11.001
"29573","E01031149",7,13.061
"29574","E01031150",8,9.59
"29575","E01031151",9,6.849
"29576","E01031152",8,9.467
"29577","E01031153",5,17.651
"29578","E01031154",8,8.667
"29579","E01031155",10,4.085
"29580","E01031156",9,5.666
"29581","E01031157",9,5.487
"29582","E01031158",10,4.328
"29583","E01031159",4,23.389
"29584","E01031160",7,11.775
"29585","E01031161",8,9.771
"29586","E01031162",9,8.099
"29587","E01031163",3,28.225
"29588","E01031165",3,28.332
"29589","E01031166",8,10.825
"29590","E01031167",6,16.745
"29591","E01031168",5,19.742
"29592","E01031169",5,20.65
"29593","E01031170",3,27.855
"29594","E01031171",5,19.021
"29595","E01031172",3,30.113
"29596","E01031173",2,33.916
"29597","E01031174",3,29.73
"29598","E01031175",10,2.851
"29599","E01031176",4,24.119
"29600","E01031177",4,26.353
"29601","E01031178",6,14.46
"29602","E01031179",10,4.814
"29603","E01031180",8,8.984
"29604","E01031181",5,17.749
"29605","E01031182",8,9.286
"29606","E01031183",9,7.813
"29607","E01031184",10,4.38
"29608","E01031185",4,25.907
"29609","E01031186",5,20.307
"29610","E01031187",7,13.295
"29611","E01031188",7,12.542
"29612","E01031189",6,14.162
"29613","E01031190",6,15.235
"29614","E01031191",9,6.947
"29615","E01031192",7,12.301
"29616","E01031193",6,15.273
"29617","E01031194",6,15.706
"29618","E01031195",7,11.462
"29619","E01031196",8,10.571
"29620","E01031197",7,13.979
"29621","E01031198",7,12.777
"29622","E01031199",6,15.931
"29623","E01031200",8,8.819
"29624","E01031201",9,5.483
"29625","E01031202",9,5.826
"29626","E01031203",6,16.078
"29627","E01031204",6,14.179
"29628","E01031205",8,10.82
"29629","E01031206",5,18.921
"29630","E01031207",6,15.218
"29631","E01031208",9,6.771
"29632","E01031209",6,15.903
"29633","E01031210",8,9.438
"29634","E01031211",7,13.26
"29635","E01031213",8,9.91
"29636","E01031214",9,6.033
"29637","E01031215",7,13.022
"29638","E01031216",6,16.835
"29639","E01031217",8,9.534
"29640","E01031218",8,9.437
"29641","E01031219",8,9.627
"29642","E01031220",9,7.634
"29643","E01031221",6,15.014
"29644","E01031222",9,6.015
"29645","E01031223",9,8.207
"29646","E01031224",8,10.134
"29647","E01031225",10,2.934
"29648","E01031227",8,9.196
"29649","E01031228",10,2.047
"29650","E01031229",6,14.704
"29651","E01031231",5,21.215
"29652","E01031232",10,4.551
"29653","E01031233",7,12.495
"29654","E01031234",7,13.781
"29655","E01031235",9,6.726
"29656","E01031236",6,14.326
"29657","E01031237",8,9.461
"29658","E01031238",4,25.692
"29659","E01031239",9,7.128
"29660","E01031240",6,15.679
"29661","E01031241",8,8.761
"29662","E01031242",5,19.8
"29663","E01031243",8,8.907
"29664","E01031244",8,10.993
"29665","E01031245",5,17.511
"29666","E01031246",8,10.691
"29667","E01031247",7,11.84
"29668","E01031248",8,10.536
"29669","E01031249",5,18.951
"29670","E01031251",10,3.407
"29671","E01031252",6,14.691
"29672","E01031253",6,15.541
"29673","E01031254",9,7.098
"29674","E01031255",10,1.472
"29675","E01031256",10,4.14
"29676","E01031257",7,12.822
"29677","E01031258",9,5.788
"29678","E01031259",9,8.051
"29679","E01031260",7,13.419
"29680","E01031261",3,26.923
"29681","E01031262",5,19.883
"29682","E01031263",6,14.466
"29683","E01031264",4,25.634
"29684","E01031265",4,21.759
"29685","E01031266",6,14.72
"29686","E01031267",8,10.447
"29687","E01031268",9,6.895
"29688","E01031269",8,9.179
"29689","E01031271",6,14.23
"29690","E01031272",9,7.69
"29691","E01031273",1,46.504
"29692","E01031274",5,20.631
"29693","E01031275",10,3.973
"29694","E01031276",5,20.805
"29695","E01031277",10,4.075
"29696","E01031278",8,9.396
"29697","E01031279",8,10.441
"29698","E01031280",8,9.693
"29699","E01031281",7,12.229
"29700","E01031282",6,16.542
"29701","E01031283",7,13.94
"29702","E01031284",8,8.553
"29703","E01031285",10,3.692
"29704","E01031286",7,11.397
"29705","E01031287",10,1.192
"29706","E01031288",10,2.484
"29707","E01031289",10,3.498
"29708","E01031290",9,8.202
"29709","E01031291",5,19.324
"29710","E01031292",10,2.639
"29711","E01031293",8,9.656
"29712","E01031294",9,8.037
"29713","E01031295",10,0.782
"29714","E01031296",10,2.812
"29715","E01031297",8,10.371
"29716","E01031298",10,2.558
"29717","E01031299",10,0.991
"29718","E01031300",10,2.511
"29719","E01031301",8,9.734
"29720","E01031302",7,13.479
"29721","E01031303",7,11.389
"29722","E01031304",10,3.444
"29723","E01031305",10,1.308
"29724","E01031306",9,7.692
"29725","E01031307",10,1.432
"29726","E01031308",8,9.082
"29727","E01031309",6,17.437
"29728","E01031310",9,8.339
"29729","E01031311",4,22.073
"29730","E01031312",5,19.684
"29731","E01031313",10,3.761
"29732","E01031314",10,4.91
"29733","E01031315",7,12.787
"29734","E01031316",7,11.744
"29735","E01031317",10,4.16
"29736","E01031319",9,8.066
"29737","E01031320",8,9.536
"29738","E01031321",3,27.668
"29739","E01031322",7,11.903
"29740","E01031323",9,6.559
"29741","E01031324",7,11.785
"29742","E01031325",4,23.718
"29743","E01031327",5,18.428
"29744","E01031328",9,8.126
"29745","E01031329",9,6.56
"29746","E01031330",9,6.36
"29747","E01031331",10,5.19
"29748","E01031332",4,25.974
"29749","E01031333",5,18.475
"29750","E01031334",7,13.52
"29751","E01031335",7,11.518
"29752","E01031336",7,14.11
"29753","E01031337",7,11.876
"29754","E01031338",9,5.5
"29755","E01031339",10,4.011
"29756","E01031340",10,2.759
"29757","E01031341",3,29.635
"29758","E01031342",7,13.197
"29759","E01031343",7,11.371
"29760","E01031344",4,22.057
"29761","E01031345",8,10.548
"29762","E01031346",7,13.748
"29763","E01031347",3,27.001
"29764","E01031348",3,28.259
"29765","E01031349",9,7.835
"29766","E01031350",4,23.082
"29767","E01031351",8,10.332
"29768","E01031352",8,10.891
"29769","E01031353",10,4.962
"29770","E01031354",9,7.266
"29771","E01031355",6,16.414
"29772","E01031356",10,4.631
"29773","E01031357",9,8.294
"29774","E01031358",3,31.595
"29775","E01031359",7,12.933
"29776","E01031360",4,25.751
"29777","E01031361",3,30.594
"29778","E01031362",8,10.855
"29779","E01031363",6,15.127
"29780","E01031364",5,19.427
"29781","E01031365",7,11.967
"29782","E01031366",4,23.905
"29783","E01031367",10,1.399
"29784","E01031368",7,11.179
"29785","E01031369",9,6.339
"29786","E01031370",5,18.479
"29787","E01031371",3,29.652
"29788","E01031372",5,19.502
"29789","E01031373",6,16.737
"29790","E01031374",8,8.742
"29791","E01031375",7,11.43
"29792","E01031376",7,14.033
"29793","E01031377",4,22.629
"29794","E01031378",6,15.056
"29795","E01031379",8,9.28
"29796","E01031380",10,5.352
"29797","E01031381",8,10.397
"29798","E01031382",7,12.645
"29799","E01031383",9,6.928
"29800","E01031384",9,7.591
"29801","E01031385",4,21.841
"29802","E01031386",4,22.26
"29803","E01031387",6,16.812
"29804","E01031389",10,4.998
"29805","E01031390",5,18.025
"29806","E01031391",8,10.28
"29807","E01031392",5,19.507
"29808","E01031393",8,10.772
"29809","E01031394",5,21.265
"29810","E01031395",6,14.379
"29811","E01031396",6,15.744
"29812","E01031397",6,14.718
"29813","E01031398",6,15.357
"29814","E01031399",7,12.26
"29815","E01031400",3,28.804
"29816","E01031402",6,15.934
"29817","E01031403",5,21.103
"29818","E01031404",1,50.335
"29819","E01031405",6,15.991
"29820","E01031406",6,14.151
"29821","E01031407",7,13.114
"29822","E01031408",5,19.676
"29823","E01031409",3,31.254
"29824","E01031410",6,17.313
"29825","E01031411",9,7.877
"29826","E01031412",10,4.567
"29827","E01031413",8,9.414
"29828","E01031414",6,14.656
"29829","E01031415",5,19.545
"29830","E01031416",8,8.822
"29831","E01031417",6,15.013
"29832","E01031418",7,11.471
"29833","E01031419",6,16.615
"29834","E01031420",9,7.748
"29835","E01031422",9,6.029
"29836","E01031423",7,12.994
"29837","E01031424",9,8.172
"29838","E01031425",9,6.781
"29839","E01031426",4,23.927
"29840","E01031427",1,50.654
"29841","E01031428",3,27.711
"29842","E01031429",1,51.988
"29843","E01031430",3,28.889
"29844","E01031431",4,23.959
"29845","E01031432",2,42.86
"29846","E01031433",4,25.129
"29847","E01031434",3,26.989
"29848","E01031435",5,20.054
"29849","E01031436",1,54.928
"29850","E01031437",3,31.8
"29851","E01031438",5,19.406
"29852","E01031439",7,13.061
"29853","E01031440",6,15.089
"29854","E01031441",4,25.782
"29855","E01031442",4,21.577
"29856","E01031443",3,26.872
"29857","E01031444",2,35.555
"29858","E01031445",7,13.823
"29859","E01031446",7,11.953
"29860","E01031447",7,13.133
"29861","E01031448",6,17.224
"29862","E01031449",5,18.015
"29863","E01031450",2,38.373
"29864","E01031451",3,30.366
"29865","E01031452",5,18.274
"29866","E01031453",3,29.112
"29867","E01031454",1,46.285
"29868","E01031455",5,20.884
"29869","E01031456",2,42.696
"29870","E01031457",6,15.076
"29871","E01031458",10,5.165
"29872","E01031459",3,31.167
"29873","E01031460",7,13.528
"29874","E01031461",8,9.137
"29875","E01031462",6,14.564
"29876","E01031463",8,9.651
"29877","E01031464",6,16.259
"29878","E01031465",6,16.597
"29879","E01031466",6,15.404
"29880","E01031469",4,22.479
"29881","E01031470",6,17.079
"29882","E01031471",5,17.822
"29883","E01031472",5,19.838
"29884","E01031473",3,31.8
"29885","E01031474",7,12.744
"29886","E01031475",8,10.165
"29887","E01031476",10,5.305
"29888","E01031477",4,22.871
"29889","E01031478",6,16.188
"29890","E01031479",5,18.142
"29891","E01031480",5,18.709
"29892","E01031481",6,15.078
"29893","E01031482",3,31.585
"29894","E01031483",3,30.295
"29895","E01031484",5,20.521
"29896","E01031485",10,2.414
"29897","E01031486",9,6.069
"29898","E01031487",10,4.978
"29899","E01031489",8,9.03
"29900","E01031490",7,13.828
"29901","E01031491",8,9.454
"29902","E01031492",3,30.573
"29903","E01031493",6,15.362
"29904","E01031494",3,29.915
"29905","E01031495",8,9.567
"29906","E01031496",9,6.234
"29907","E01031497",9,7.745
"29908","E01031498",6,14.47
"29909","E01031499",5,20.118
"29910","E01031500",6,16.149
"29911","E01031501",6,15.166
"29912","E01031502",10,4.403
"29913","E01031503",7,11.137
"29914","E01031504",7,13.401
"29915","E01031505",8,9.33
"29916","E01031506",5,20.504
"29917","E01031507",4,22.145
"29918","E01031508",5,18.499
"29919","E01031511",9,7.157
"29920","E01031512",5,21.537
"29921","E01031514",6,14.805
"29922","E01031515",4,23.991
"29923","E01031516",7,12.602
"29924","E01031517",7,12.68
"29925","E01031518",8,10.321
"29926","E01031519",5,19.492
"29927","E01031520",5,18.919
"29928","E01031521",6,15.189
"29929","E01031522",4,23.496
"29930","E01031523",5,21.177
"29931","E01031524",5,17.811
"29932","E01031525",6,16.203
"29933","E01031526",4,26.175
"29934","E01031527",7,12.264
"29935","E01031528",5,18.442
"29936","E01031529",5,17.597
"29937","E01031530",4,22.097
"29938","E01031531",10,5.155
"29939","E01031532",9,7.41
"29940","E01031533",5,18.394
"29941","E01031534",7,11.356
"29942","E01031535",6,16.303
"29943","E01031536",6,15.681
"29944","E01031538",4,22.527
"29945","E01031539",5,20.032
"29946","E01031540",7,12.662
"29947","E01031541",7,11.608
"29948","E01031542",8,9.047
"29949","E01031543",6,17.125
"29950","E01031544",5,19.411
"29951","E01031545",6,14.382
"29952","E01031546",3,27.345
"29953","E01031547",3,29.517
"29954","E01031548",3,33.044
"29955","E01031549",3,31.862
"29956","E01031550",4,26.135
"29957","E01031551",4,23.383
"29958","E01031552",3,28.807
"29959","E01031553",3,27.772
"29960","E01031554",5,19.854
"29961","E01031555",3,32.6
"29962","E01031556",3,27.883
"29963","E01031557",4,24.325
"29964","E01031558",1,48.017
"29965","E01031559",3,29.096
"29966","E01031560",7,13.552
"29967","E01031561",8,9.528
"29968","E01031562",3,27.521
"29969","E01031563",9,8.152
"29970","E01031564",6,15.596
"29971","E01031565",5,20.574
"29972","E01031566",7,13.892
"29973","E01031567",7,12.961
"29974","E01031568",6,17.03
"29975","E01031569",4,22.604
"29976","E01031570",5,19.181
"29977","E01031571",5,21.423
"29978","E01031572",4,22.335
"29979","E01031573",3,29.421
"29980","E01031574",5,17.715
"29981","E01031575",3,29.011
"29982","E01031576",3,29.225
"29983","E01031577",5,18.45
"29984","E01031578",9,6.155
"29985","E01031579",5,20.218
"29986","E01031580",8,9.713
"29987","E01031581",9,5.708
"29988","E01031582",7,13.439
"29989","E01031583",5,20.483
"29990","E01031584",5,20.633
"29991","E01031585",3,28.25
"29992","E01031586",5,19.662
"29993","E01031588",9,6.666
"29994","E01031589",9,7.868
"29995","E01031590",10,3.763
"29996","E01031591",5,17.534
"29997","E01031592",9,6.414
"29998","E01031593",10,4.808
"29999","E01031594",5,20.363
"30000","E01031595",4,21.558
"30001","E01031596",3,30.388
"30002","E01031597",8,9.033
"30003","E01031598",3,30.65
"30004","E01031599",3,27.693
"30005","E01031600",5,19.558
"30006","E01031601",5,17.627
"30007","E01031603",6,16.995
"30008","E01031604",4,22.322
"30009","E01031605",4,21.704
"30010","E01031606",5,20.51
"30011","E01031607",5,18.843
"30012","E01031608",3,27.512
"30013","E01031609",4,25.226
"30014","E01031610",4,22.727
"30015","E01031611",7,11.978
"30016","E01031612",9,6.55
"30017","E01031614",6,15.318
"30018","E01031615",9,7.44
"30019","E01031616",7,13.724
"30020","E01031617",8,9.265
"30021","E01031618",8,10.813
"30022","E01031620",7,12.497
"30023","E01031621",10,4.031
"30024","E01031622",9,7.753
"30025","E01031623",9,7.902
"30026","E01031624",8,9.95
"30027","E01031625",9,6.982
"30028","E01031626",7,13.4
"30029","E01031627",10,3.072
"30030","E01031628",6,14.746
"30031","E01031629",9,7.079
"30032","E01031630",7,11.946
"30033","E01031631",4,23.982
"30034","E01031632",6,15.368
"30035","E01031633",8,10.737
"30036","E01031634",6,16.327
"30037","E01031635",8,8.933
"30038","E01031638",10,4.831
"30039","E01031639",10,3.573
"30040","E01031640",10,1.433
"30041","E01031641",8,8.806
"30042","E01031642",8,9.96
"30043","E01031643",6,17.384
"30044","E01031644",10,3.733
"30045","E01031645",10,1.936
"30046","E01031646",10,2.002
"30047","E01031647",8,10.939
"30048","E01031648",9,6.965
"30049","E01031649",10,3.111
"30050","E01031650",10,3.063
"30051","E01031651",7,11.705
"30052","E01031652",5,21.249
"30053","E01031653",6,14.998
"30054","E01031654",10,4.646
"30055","E01031655",9,5.916
"30056","E01031656",7,12.979
"30057","E01031657",6,17.394
"30058","E01031658",7,11.556
"30059","E01031659",7,11.417
"30060","E01031660",8,9.215
"30061","E01031661",7,12.884
"30062","E01031662",7,11.902
"30063","E01031663",5,20.043
"30064","E01031664",8,9.398
"30065","E01031665",7,13.701
"30066","E01031666",10,2.193
"30067","E01031667",8,11.023
"30068","E01031668",10,5.268
"30069","E01031669",7,14.095
"30070","E01031670",9,6.644
"30071","E01031671",4,23.021
"30072","E01031672",10,4.059
"30073","E01031673",8,9.695
"30074","E01031674",8,9.052
"30075","E01031675",9,8.014
"30076","E01031677",8,9.562
"30077","E01031678",10,4.271
"30078","E01031679",9,6.62
"30079","E01031680",10,2.466
"30080","E01031681",10,5.258
"30081","E01031682",10,2.897
"30082","E01031683",9,7.525
"30083","E01031684",10,4.902
"30084","E01031685",9,6.014
"30085","E01031686",9,5.486
"30086","E01031687",5,20.698
"30087","E01031688",7,11.745
"30088","E01031689",10,2.806
"30089","E01031690",10,1.56
"30090","E01031691",10,3.734
"30091","E01031693",9,8.265
"30092","E01031694",7,11.305
"30093","E01031695",10,3.926
"30094","E01031696",8,10.553
"30095","E01031697",6,16.602
"30096","E01031698",7,12.521
"30097","E01031699",10,3.431
"30098","E01031700",10,2.89
"30099","E01031701",7,12.112
"30100","E01031702",10,2.602
"30101","E01031703",10,1.195
"30102","E01031704",9,6.665
"30103","E01031705",4,25.709
"30104","E01031706",10,5.359
"30105","E01031707",9,7.345
"30106","E01031708",7,13.421
"30107","E01031709",7,12.673
"30108","E01031710",10,1.591
"30109","E01031712",5,19.956
"30110","E01031713",10,5.016
"30111","E01031714",9,6.167
"30112","E01031715",10,1.924
"30113","E01031716",4,26.225
"30114","E01031717",9,7.314
"30115","E01031718",9,6.306
"30116","E01031719",8,9.946
"30117","E01031720",10,5.384
"30118","E01031721",7,12.208
"30119","E01031722",7,11.74
"30120","E01031723",9,7.02
"30121","E01031724",10,4.808
"30122","E01031725",9,6.383
"30123","E01031726",7,13.316
"30124","E01031727",8,8.785
"30125","E01031729",10,3.582
"30126","E01031730",8,9.625
"30127","E01031731",5,19.649
"30128","E01031732",7,13.843
"30129","E01031733",8,11.049
"30130","E01031734",10,2.94
"30131","E01031735",10,2.481
"30132","E01031736",10,4.242
"30133","E01031737",8,9.159
"30134","E01031738",10,1.21
"30135","E01031739",10,2.237
"30136","E01031740",10,5.363
"30137","E01031741",8,9.307
"30138","E01031743",5,20.583
"30139","E01031744",10,3.728
"30140","E01031745",10,3.862
"30141","E01031746",6,14.891
"30142","E01031747",10,2.138
"30143","E01031748",10,3.419
"30144","E01031749",10,2.779
"30145","E01031750",5,20.959
"30146","E01031751",9,7.755
"30147","E01031752",3,29.96
"30148","E01031753",9,8.057
"30149","E01031754",9,6.027
"30150","E01031755",9,6.558
"30151","E01031757",7,13.049
"30152","E01031758",10,4.524
"30153","E01031759",10,2.261
"30154","E01031760",10,2.252
"30155","E01031763",10,1.412
"30156","E01031764",6,14.951
"30157","E01031765",8,8.685
"30158","E01031766",7,14.037
"30159","E01031767",8,8.682
"30160","E01031768",10,2.987
"30161","E01031769",8,9.749
"30162","E01031770",6,14.702
"30163","E01031771",5,21.476
"30164","E01031772",8,8.421
"30165","E01031773",10,1.856
"30166","E01031774",10,3.064
"30167","E01031775",10,2.944
"30168","E01031776",8,9.366
"30169","E01031777",6,14.592
"30170","E01031778",8,8.843
"30171","E01031779",2,38.972
"30172","E01031780",9,7.301
"30173","E01031781",8,8.546
"30174","E01031782",7,12.592
"30175","E01031783",2,36.249
"30176","E01031785",6,16.567
"30177","E01031786",4,25.006
"30178","E01031787",3,29.288
"30179","E01031788",4,21.991
"30180","E01031790",2,34.738
"30181","E01031791",4,25.981
"30182","E01031792",6,14.425
"30183","E01031793",10,5.084
"30184","E01031794",6,15.191
"30185","E01031795",3,30.888
"30186","E01031796",6,14.256
"30187","E01031797",10,3.53
"30188","E01031798",6,15.587
"30189","E01031799",5,21.009
"30190","E01031800",10,3.098
"30191","E01031801",5,17.862
"30192","E01031802",8,9.17
"30193","E01031803",10,2.274
"30194","E01031804",10,3.438
"30195","E01031805",10,5.022
"30196","E01031806",5,20.475
"30197","E01031807",6,14.793
"30198","E01031808",3,30.168
"30199","E01031809",5,20.645
"30200","E01031810",5,20.865
"30201","E01031811",4,22.761
"30202","E01031812",9,7.951
"30203","E01031813",7,12.47
"30204","E01031814",9,5.646
"30205","E01031815",9,6.067
"30206","E01031816",9,8.108
"30207","E01031817",6,17.174
"30208","E01031818",4,22.708
"30209","E01031820",10,4.916
"30210","E01031821",8,9.476
"30211","E01031822",10,4.204
"30212","E01031823",10,4.05
"30213","E01031824",10,3.326
"30214","E01031825",7,11.531
"30215","E01031826",6,17.197
"30216","E01031827",5,18.855
"30217","E01031828",10,4.451
"30218","E01031829",9,7.586
"30219","E01031830",4,25.774
"30220","E01031831",7,13.082
"30221","E01031832",6,17.055
"30222","E01031833",4,24.049
"30223","E01031834",6,17.387
"30224","E01031835",4,22.421
"30225","E01031836",4,24.496
"30226","E01031837",7,11.317
"30227","E01031838",9,8.09
"30228","E01031839",5,17.534
"30229","E01031840",9,7.656
"30230","E01031841",8,10.379
"30231","E01031842",6,16.174
"30232","E01031843",6,14.742
"30233","E01031845",6,14.835
"30234","E01031846",6,16.55
"30235","E01031847",7,11.728
"30236","E01031848",7,12.796
"30237","E01031849",5,18.601
"30238","E01031850",7,13.834
"30239","E01031851",4,21.916
"30240","E01031852",9,8.064
"30241","E01031853",6,17.266
"30242","E01031854",3,33.411
"30243","E01031855",10,4.724
"30244","E01031856",3,27.946
"30245","E01031857",5,19.665
"30246","E01031858",7,11.913
"30247","E01031859",3,27.641
"30248","E01031860",5,20.012
"30249","E01031861",8,10.202
"30250","E01031862",4,26.239
"30251","E01031863",8,10.132
"30252","E01031864",10,2.699
"30253","E01031865",8,9.096
"30254","E01031866",6,15.696
"30255","E01031867",5,20.155
"30256","E01031868",7,11.451
"30257","E01031869",4,22.959
"30258","E01031870",7,12.875
"30259","E01031871",5,18.929
"30260","E01031872",5,21.286
"30261","E01031873",7,11.262
"30262","E01031874",8,10.99
"30263","E01031876",6,14.606
"30264","E01031877",6,16.77
"30265","E01031879",9,7.356
"30266","E01031882",6,15.533
"30267","E01031883",7,12.71
"30268","E01031884",6,14.454
"30269","E01031885",6,14.271
"30270","E01031886",7,11.429
"30271","E01031887",7,11.949
"30272","E01031888",9,7.529
"30273","E01031889",7,11.582
"30274","E01031890",9,7.247
"30275","E01031892",7,12.416
"30276","E01031893",7,11.224
"30277","E01031894",7,11.482
"30278","E01031895",5,19.006
"30279","E01031896",3,31.493
"30280","E01031897",8,9.747
"30281","E01031898",5,21.315
"30282","E01031901",4,23.019
"30283","E01031902",7,11.898
"30284","E01031903",10,4.922
"30285","E01031904",8,9.247
"30286","E01031905",10,1.694
"30287","E01031906",10,4.87
"30288","E01031907",10,1.527
"30289","E01031908",5,18.162
"30290","E01031909",9,7.846
"30291","E01031910",8,10.49
"30292","E01031911",4,25.916
"30293","E01031912",3,28.138
"30294","E01031913",9,5.958
"30295","E01031914",2,33.967
"30296","E01031915",9,5.833
"30297","E01031916",6,14.313
"30298","E01031917",4,24.403
"30299","E01031918",10,5.182
"30300","E01031919",10,3.211
"30301","E01031920",9,7.076
"30302","E01031921",10,4.036
"30303","E01031922",9,7.905
"30304","E01031923",10,3.335
"30305","E01031924",10,3.691
"30306","E01031925",5,19.744
"30307","E01031926",7,12.993
"30308","E01031927",10,2.591
"30309","E01031928",2,37.495
"30310","E01031929",8,8.758
"30311","E01031930",8,8.684
"30312","E01031931",8,9.295
"30313","E01031932",8,8.384
"30314","E01031933",5,18.779
"30315","E01031934",9,6.815
"30316","E01031935",9,8.379
"30317","E01031936",4,24.277
"30318","E01031937",5,20.959
"30319","E01031938",8,10.035
"30320","E01031939",7,11.167
"30321","E01031940",7,12.22
"30322","E01031941",9,8.101
"30323","E01031942",6,15.017
"30324","E01031944",7,12.429
"30325","E01031946",9,5.906
"30326","E01031947",5,20.593
"30327","E01031948",10,4.917
"30328","E01031949",9,7.438
"30329","E01031950",6,15.824
"30330","E01031951",7,11.446
"30331","E01031952",4,21.752
"30332","E01031955",9,5.764
"30333","E01031956",5,19.832
"30334","E01031957",6,14.873
"30335","E01031958",7,11.324
"30336","E01031959",9,6.621
"30337","E01031960",7,11.485
"30338","E01031961",6,15.475
"30339","E01031962",10,2.949
"30340","E01031963",4,22.82
"30341","E01031964",9,6.281
"30342","E01031965",9,7.966
"30343","E01031966",9,6.053
"30344","E01031967",6,15.683
"30345","E01031968",9,6.198
"30346","E01031969",10,2.207
"30347","E01031970",10,5.033
"30348","E01031971",5,20.479
"30349","E01031972",8,8.705
"30350","E01031973",9,7.63
"30351","E01031974",6,14.641
"30352","E01031975",3,32.475
"30353","E01031976",7,11.257
"30354","E01031978",6,15.311
"30355","E01031979",7,13.509
"30356","E01031980",5,20.979
"30357","E01031981",2,36.959
"30358","E01031982",5,18.512
"30359","E01031983",2,37.263
"30360","E01031984",9,7.753
"30361","E01031985",5,19.96
"30362","E01031986",4,23.583
"30363","E01031988",9,8.156
"30364","E01031989",8,11.045
"30365","E01031990",6,16.479
"30366","E01031991",5,17.585
"30367","E01031992",9,8.147
"30368","E01031993",6,14.362
"30369","E01031994",7,11.172
"30370","E01031995",9,7.362
"30371","E01031996",5,20.171
"30372","E01031997",9,6.217
"30373","E01031999",8,9.986
"30374","E01032000",6,14.298
"30375","E01032001",8,9.759
"30376","E01032002",7,12.559
"30377","E01032003",7,13.06
"30378","E01032004",5,19.651
"30379","E01032005",9,6.283
"30380","E01032006",10,1.864
"30381","E01032007",7,12.299
"30382","E01032008",4,21.71
"30383","E01032009",10,3.209
"30384","E01032010",5,20.149
"30385","E01032012",10,2.005
"30386","E01032013",6,17.328
"30387","E01032014",3,27.05
"30388","E01032015",5,18.328
"30389","E01032016",8,9.763
"30390","E01032017",10,1.71
"30391","E01032018",10,2.694
"30392","E01032019",5,20.81
"30393","E01032020",9,7.449
"30394","E01032021",8,8.905
"30395","E01032022",5,17.814
"30396","E01032023",2,40.268
"30397","E01032024",7,12.529
"30398","E01032025",8,10.567
"30399","E01032026",7,12.756
"30400","E01032027",5,19.823
"30401","E01032029",6,14.298
"30402","E01032030",5,19.677
"30403","E01032031",6,15.028
"30404","E01032032",9,6.699
"30405","E01032033",8,11.02
"30406","E01032034",9,7.89
"30407","E01032035",8,8.658
"30408","E01032036",5,21.464
"30409","E01032037",4,24.247
"30410","E01032038",8,8.895
"30411","E01032039",7,13.189
"30412","E01032040",5,21.051
"30413","E01032041",8,9.27
"30414","E01032042",7,11.547
"30415","E01032043",8,10.111
"30416","E01032044",7,11.333
"30417","E01032045",10,3.681
"30418","E01032046",8,10.946
"30419","E01032047",10,5.234
"30420","E01032048",6,15.802
"30421","E01032049",8,8.975
"30422","E01032051",7,13.766
"30423","E01032052",8,9.211
"30424","E01032053",9,7.978
"30425","E01032054",5,20.061
"30426","E01032055",8,10.239
"30427","E01032056",4,23.082
"30428","E01032057",8,9.24
"30429","E01032058",7,13.563
"30430","E01032059",8,8.948
"30431","E01032060",9,6.639
"30432","E01032061",8,10.462
"30433","E01032062",2,38.29
"30434","E01032063",7,13.602
"30435","E01032064",2,36.347
"30436","E01032065",6,16.45
"30437","E01032066",5,17.74
"30438","E01032067",7,11.787
"30439","E01032068",5,17.84
"30440","E01032069",10,4.587
"30441","E01032070",5,19.402
"30442","E01032072",9,7.242
"30443","E01032073",7,12.356
"30444","E01032074",8,9.749
"30445","E01032075",6,17.05
"30446","E01032076",5,20.947
"30447","E01032077",6,15.998
"30448","E01032078",7,12.279
"30449","E01032079",7,11.382
"30450","E01032080",10,5
"30451","E01032081",5,18.503
"30452","E01032082",6,14.793
"30453","E01032083",7,13.549
"30454","E01032085",8,10.82
"30455","E01032087",5,19.471
"30456","E01032088",9,7.129
"30457","E01032089",5,19.169
"30458","E01032090",5,21.12
"30459","E01032091",7,12.705
"30460","E01032092",9,6.807
"30461","E01032093",3,27.148
"30462","E01032094",4,25.189
"30463","E01032095",9,7.167
"30464","E01032096",1,49.526
"30465","E01032097",10,2.82
"30466","E01032098",7,11.528
"30467","E01032100",8,9.567
"30468","E01032101",4,24.574
"30469","E01032102",9,8
"30470","E01032103",5,19.091
"30471","E01032104",3,27.49
"30472","E01032105",9,5.714
"30473","E01032106",9,6.387
"30474","E01032107",9,6.261
"30475","E01032108",9,7.695
"30476","E01032109",6,16.718
"30477","E01032110",8,10.603
"30478","E01032111",6,16.682
"30479","E01032112",9,7.634
"30480","E01032113",4,22.129
"30481","E01032114",5,19.618
"30482","E01032115",4,23.49
"30483","E01032117",7,13.115
"30484","E01032118",3,31.195
"30485","E01032119",7,13.747
"30486","E01032121",8,9.026
"30487","E01032122",7,12.075
"30488","E01032123",7,11.978
"30489","E01032124",7,13.036
"30490","E01032125",9,6.711
"30491","E01032126",8,9.255
"30492","E01032127",8,10.921
"30493","E01032128",6,16.953
"30494","E01032129",4,21.567
"30495","E01032131",2,38.155
"30496","E01032132",3,31.098
"30497","E01032133",4,25.535
"30498","E01032134",8,10.741
"30499","E01032135",10,2.423
"30500","E01032136",8,11.06
"30501","E01032137",8,9.631
"30502","E01032138",10,2.939
"30503","E01032139",10,2.645
"30504","E01032140",10,3.96
"30505","E01032141",9,5.662
"30506","E01032142",9,6.642
"30507","E01032143",10,4.728
"30508","E01032144",10,3.682
"30509","E01032145",10,3.829
"30510","E01032146",8,9.141
"30511","E01032147",7,12.474
"30512","E01032148",9,6.31
"30513","E01032149",10,2.814
"30514","E01032150",10,3.69
"30515","E01032151",10,4.355
"30516","E01032152",3,27.612
"30517","E01032153",8,10.737
"30518","E01032154",10,3.815
"30519","E01032155",10,2.721
"30520","E01032156",5,20.38
"30521","E01032157",3,27.153
"30522","E01032158",10,2.476
"30523","E01032159",6,16.519
"30524","E01032160",8,10.217
"30525","E01032161",3,33.067
"30526","E01032162",10,3.165
"30527","E01032168",6,14.224
"30528","E01032169",6,16.995
"30529","E01032170",7,12.621
"30530","E01032171",9,5.482
"30531","E01032172",5,17.77
"30532","E01032173",9,5.594
"30533","E01032174",6,17.354
"30534","E01032175",9,7.405
"30535","E01032176",8,9.889
"30536","E01032177",9,5.8
"30537","E01032178",9,8.351
"30538","E01032179",5,17.851
"30539","E01032180",7,13.409
"30540","E01032181",6,16.96
"30541","E01032182",8,9.16
"30542","E01032183",8,9.236
"30543","E01032184",8,10.752
"30544","E01032185",9,7.101
"30545","E01032186",7,12.268
"30546","E01032187",3,28.621
"30547","E01032188",6,16.726
"30548","E01032189",8,9.84
"30549","E01032190",8,10.804
"30550","E01032191",7,12.382
"30551","E01032192",6,14.281
"30552","E01032193",5,20.131
"30553","E01032194",3,30.851
"30554","E01032195",7,11.274
"30555","E01032196",6,14.364
"30556","E01032197",8,8.914
"30557","E01032198",5,20.479
"30558","E01032199",6,15.817
"30559","E01032200",6,14.481
"30560","E01032201",3,29.619
"30561","E01032202",2,39.396
"30562","E01032203",5,20.141
"30563","E01032204",1,55.651
"30564","E01032205",5,19.372
"30565","E01032206",5,17.981
"30566","E01032207",8,8.422
"30567","E01032208",8,8.558
"30568","E01032209",10,5.234
"30569","E01032210",8,8.734
"30570","E01032211",7,14.041
"30571","E01032212",5,17.988
"30572","E01032213",6,15.153
"30573","E01032214",4,22.917
"30574","E01032215",3,31.03
"30575","E01032216",6,16.992
"30576","E01032217",6,15.836
"30577","E01032218",8,9.412
"30578","E01032219",10,5.013
"30579","E01032220",9,7.166
"30580","E01032221",8,8.463
"30581","E01032222",6,15.76
"30582","E01032223",7,12.207
"30583","E01032224",2,33.694
"30584","E01032225",2,44.189
"30585","E01032226",8,10.876
"30586","E01032227",10,2.877
"30587","E01032228",8,10.767
"30588","E01032229",5,20.837
"30589","E01032230",10,3.427
"30590","E01032231",9,7.888
"30591","E01032232",1,49.863
"30592","E01032234",2,35.595
"30593","E01032235",2,40.385
"30594","E01032236",3,30.961
"30595","E01032237",7,11.201
"30596","E01032238",6,15.599
"30597","E01032239",2,38.769
"30598","E01032240",3,30.11
"30599","E01032241",2,35.317
"30600","E01032242",4,24.47
"30601","E01032243",10,3.539
"30602","E01032244",6,16.96
"30603","E01032245",1,48.906
"30604","E01032246",10,5.17
"30605","E01032247",5,17.977
"30606","E01032248",10,4.466
"30607","E01032249",8,9.762
"30608","E01032250",2,43.245
"30609","E01032251",3,32.03
"30610","E01032252",1,54.221
"30611","E01032253",9,6.981
"30612","E01032254",4,22.325
"30613","E01032255",8,10.637
"30614","E01032256",5,19.708
"30615","E01032257",9,5.801
"30616","E01032258",7,12.645
"30617","E01032259",7,12.382
"30618","E01032260",2,41.816
"30619","E01032261",10,4.913
"30620","E01032262",2,37.161
"30621","E01032263",6,15.097
"30622","E01032264",4,22.287
"30623","E01032265",3,31.679
"30624","E01032266",8,9.777
"30625","E01032267",4,26.451
"30626","E01032268",10,5.382
"30627","E01032269",7,12.687
"30628","E01032270",10,3.549
"30629","E01032271",9,5.54
"30630","E01032272",9,7.171
"30631","E01032273",10,4.979
"30632","E01032274",8,8.721
"30633","E01032275",5,19.752
"30634","E01032276",9,7.112
"30635","E01032277",4,25.99
"30636","E01032278",1,46.912
"30637","E01032279",6,16.125
"30638","E01032280",6,16.235
"30639","E01032281",6,16.202
"30640","E01032282",4,24.463
"30641","E01032283",6,16.643
"30642","E01032284",10,3.265
"30643","E01032285",8,9.263
"30644","E01032286",6,15.679
"30645","E01032287",8,10.934
"30646","E01032288",7,12.626
"30647","E01032289",10,4.321
"30648","E01032290",9,7.178
"30649","E01032292",3,29.441
"30650","E01032294",5,18.801
"30651","E01032296",6,16.767
"30652","E01032297",9,6.828
"30653","E01032298",9,6.145
"30654","E01032299",9,8.321
"30655","E01032300",10,3.432
"30656","E01032301",5,19.579
"30657","E01032302",1,48.115
"30658","E01032303",1,47.157
"30659","E01032304",1,46.459
"30660","E01032305",6,14.356
"30661","E01032306",5,21.099
"30662","E01032307",2,41.25
"30663","E01032308",8,9.477
"30664","E01032309",6,17.332
"30665","E01032310",3,29.016
"30666","E01032311",2,40.506
"30667","E01032312",6,16.841
"30668","E01032313",1,50.814
"30669","E01032314",9,8.11
"30670","E01032315",9,7.161
"30671","E01032316",9,5.863
"30672","E01032317",8,10.919
"30673","E01032318",1,48.02
"30674","E01032319",7,12.855
"30675","E01032320",8,11.106
"30676","E01032321",3,26.844
"30677","E01032322",4,22.991
"30678","E01032323",9,7.206
"30679","E01032324",9,7.428
"30680","E01032325",9,6.193
"30681","E01032326",10,3.742
"30682","E01032327",7,11.768
"30683","E01032328",4,22.903
"30684","E01032329",8,8.985
"30685","E01032330",6,15.898
"30686","E01032331",2,42.759
"30687","E01032332",1,81.036
"30688","E01032333",1,50.148
"30689","E01032334",9,7.822
"30690","E01032335",10,3.519
"30691","E01032336",9,7.023
"30692","E01032337",8,8.938
"30693","E01032338",7,12.061
"30694","E01032339",10,4.328
"30695","E01032340",5,20.561
"30696","E01032341",8,9.501
"30697","E01032342",6,15.164
"30698","E01032344",8,10.581
"30699","E01032345",4,25.555
"30700","E01032346",8,9.873
"30701","E01032347",9,8.073
"30702","E01032348",9,6.987
"30703","E01032349",8,10.728
"30704","E01032350",6,16.33
"30705","E01032351",9,6.457
"30706","E01032352",7,12.596
"30707","E01032353",5,17.611
"30708","E01032355",5,20.744
"30709","E01032356",8,8.853
"30710","E01032357",6,15.889
"30711","E01032358",3,27.572
"30712","E01032359",4,24.277
"30713","E01032360",5,18.755
"30714","E01032361",10,3.408
"30715","E01032363",10,2.712
"30716","E01032364",10,3.062
"30717","E01032365",3,27.442
"30718","E01032366",8,9.33
"30719","E01032367",9,6.319
"30720","E01032368",2,43.034
"30721","E01032369",2,38.071
"30722","E01032370",4,21.847
"30723","E01032371",5,19.993
"30724","E01032372",5,17.901
"30725","E01032373",8,9.414
"30726","E01032374",6,14.648
"30727","E01032375",6,15.783
"30728","E01032376",9,8.148
"30729","E01032377",2,38.699
"30730","E01032378",4,24.103
"30731","E01032379",10,5.401
"30732","E01032380",9,5.554
"30733","E01032381",4,23.731
"30734","E01032382",7,14.076
"30735","E01032383",7,13.903
"30736","E01032384",4,24.254
"30737","E01032385",5,18.178
"30738","E01032386",5,20.698
"30739","E01032387",5,17.582
"30740","E01032388",7,11.552
"30741","E01032389",3,31.207
"30742","E01032390",6,16.478
"30743","E01032391",5,19.469
"30744","E01032392",8,8.836
"30745","E01032393",8,8.623
"30746","E01032394",7,13.566
"30747","E01032395",6,16.299
"30748","E01032396",8,9.625
"30749","E01032397",5,19.608
"30750","E01032398",8,10.685
"30751","E01032399",7,12.68
"30752","E01032400",8,8.934
"30753","E01032401",7,13.499
"30754","E01032402",10,5.262
"30755","E01032403",7,13.873
"30756","E01032404",5,20.383
"30757","E01032405",6,16.121
"30758","E01032406",3,27.748
"30759","E01032407",5,17.638
"30760","E01032408",10,4.851
"30761","E01032409",4,22.663
"30762","E01032410",5,17.765
"30763","E01032411",5,20.295
"30764","E01032412",6,17.061
"30765","E01032413",6,14.957
"30766","E01032414",6,17.424
"30767","E01032415",7,11.315
"30768","E01032416",7,12.687
"30769","E01032417",6,15.337
"30770","E01032418",6,14.398
"30771","E01032419",10,4.394
"30772","E01032420",8,8.825
"30773","E01032421",9,7.289
"30774","E01032422",3,30.141
"30775","E01032423",4,26.341
"30776","E01032424",1,53.77
"30777","E01032425",6,15.159
"30778","E01032426",5,17.482
"30779","E01032427",6,15.268
"30780","E01032428",4,23.495
"30781","E01032429",8,10.657
"30782","E01032430",5,19.462
"30783","E01032431",6,14.663
"30784","E01032432",5,17.906
"30785","E01032433",9,7.513
"30786","E01032434",1,50.702
"30787","E01032435",2,39.286
"30788","E01032436",8,10.792
"30789","E01032437",3,32.754
"30790","E01032438",8,9.247
"30791","E01032439",7,12.476
"30792","E01032440",2,33.542
"30793","E01032441",8,9.418
"30794","E01032442",8,9.522
"30795","E01032443",9,7.962
"30796","E01032444",4,22.374
"30797","E01032445",3,27.827
"30798","E01032446",8,10.866
"30799","E01032447",5,18.809
"30800","E01032448",9,8.104
"30801","E01032449",4,26.137
"30802","E01032451",9,8.086
"30803","E01032452",9,7.487
"30804","E01032453",2,42.786
"30805","E01032454",5,17.618
"30806","E01032455",9,8.274
"30807","E01032456",3,27.466
"30808","E01032457",5,17.632
"30809","E01032458",9,6.758
"30810","E01032459",7,12.572
"30811","E01032460",6,17.068
"30812","E01032461",2,39.822
"30813","E01032462",6,15.579
"30814","E01032463",8,9.895
"30815","E01032464",2,38.926
"30816","E01032465",2,40.791
"30817","E01032466",7,12.536
"30818","E01032467",7,11.451
"30819","E01032468",8,8.545
"30820","E01032469",1,47.545
"30821","E01032471",1,77.101
"30822","E01032472",5,17.922
"30823","E01032473",3,28.312
"30824","E01032474",3,33.14
"30825","E01032475",5,20.427
"30826","E01032476",7,13.533
"30827","E01032477",9,5.725
"30828","E01032478",3,30.014
"30829","E01032479",5,18.272
"30830","E01032480",7,12.99
"30831","E01032481",2,35.57
"30832","E01032482",9,8.038
"30833","E01032483",3,30.905
"30834","E01032484",3,29.556
"30835","E01032485",7,12.99
"30836","E01032486",8,9.854
"30837","E01032487",3,32.227
"30838","E01032488",9,6.262
"30839","E01032489",6,16.105
"30840","E01032490",9,5.803
"30841","E01032491",10,4.308
"30842","E01032492",3,33.488
"30843","E01032493",9,7.195
"30844","E01032494",2,36.49
"30845","E01032496",7,11.642
"30846","E01032497",2,44.121
"30847","E01032498",4,23.908
"30848","E01032499",6,14.779
"30849","E01032500",1,54.954
"30850","E01032501",10,5.122
"30851","E01032502",2,33.858
"30852","E01032503",9,6.681
"30853","E01032504",9,6.602
"30854","E01032505",4,25.74
"30855","E01032506",2,35.12
"30856","E01032507",4,22.925
"30857","E01032508",1,51.244
"30858","E01032509",1,59.163
"30859","E01032510",3,32.511
"30860","E01032511",3,33.363
"30861","E01032512",1,56.543
"30862","E01032513",2,44.263
"30863","E01032514",1,71.999
"30864","E01032515",1,64.311
"30865","E01032516",5,20.754
"30866","E01032517",3,29.857
"30867","E01032518",2,39.288
"30868","E01032519",7,13.614
"30869","E01032520",10,4.953
"30870","E01032522",9,6.237
"30871","E01032523",6,14.754
"30872","E01032524",5,21.375
"30873","E01032526",6,15.987
"30874","E01032527",3,33.455
"30875","E01032528",2,33.701
"30876","E01032529",4,26.075
"30877","E01032530",5,20.296
"30878","E01032532",7,12.115
"30879","E01032533",10,3.579
"30880","E01032534",3,31.752
"30881","E01032535",7,12.645
"30882","E01032536",3,30.141
"30883","E01032537",3,27.14
"30884","E01032538",2,42.226
"30885","E01032540",3,32.464
"30886","E01032541",1,46.331
"30887","E01032542",3,32.533
"30888","E01032543",1,65.808
"30889","E01032544",3,28.084
"30890","E01032545",4,23.367
"30891","E01032546",10,4.287
"30892","E01032548",10,3.874
"30893","E01032549",9,5.955
"30894","E01032551",6,17.003
"30895","E01032552",2,33.732
"30896","E01032554",10,2.453
"30897","E01032555",5,18.078
"30898","E01032556",4,22.617
"30899","E01032557",1,72.217
"30900","E01032558",1,59.339
"30901","E01032559",3,28.273
"30902","E01032560",7,12.845
"30903","E01032561",1,60.945
"30904","E01032562",3,30.559
"30905","E01032563",9,6.76
"30906","E01032564",2,41.428
"30907","E01032565",2,34.336
"30908","E01032566",3,30.403
"30909","E01032567",5,21.203
"30910","E01032568",3,27.705
"30911","E01032569",2,44.624
"30912","E01032570",7,13.485
"30913","E01032571",7,12.375
"30914","E01032572",6,14.884
"30915","E01032573",7,13.262
"30916","E01032574",2,38.85
"30917","E01032575",1,47.113
"30918","E01032576",8,8.745
"30919","E01032577",8,10.761
"30920","E01032579",3,28.491
"30921","E01032580",2,35.649
"30922","E01032581",3,29.724
"30923","E01032582",6,17.177
"30924","E01032583",4,23.302
"30925","E01032584",4,25.055
"30926","E01032585",9,6.289
"30927","E01032586",4,26.046
"30928","E01032587",3,32.511
"30929","E01032588",6,14.188
"30930","E01032589",5,20.058
"30931","E01032590",7,13.785
"30932","E01032591",6,14.992
"30933","E01032592",5,20.701
"30934","E01032593",10,3.815
"30935","E01032594",7,12.01
"30936","E01032595",1,47.879
"30937","E01032596",7,13.029
"30938","E01032597",1,54.662
"30939","E01032599",7,12.573
"30940","E01032600",8,10.188
"30941","E01032601",9,8.035
"30942","E01032602",1,45.385
"30943","E01032603",7,11.45
"30944","E01032604",9,7.595
"30945","E01032605",8,9.03
"30946","E01032606",3,28.944
"30947","E01032607",1,46.131
"30948","E01032608",2,36.167
"30949","E01032609",7,12.79
"30950","E01032610",9,6.968
"30951","E01032611",10,5.45
"30952","E01032612",6,14.454
"30953","E01032613",6,17.307
"30954","E01032614",10,4.282
"30955","E01032615",10,4.159
"30956","E01032616",10,2.992
"30957","E01032617",9,6.515
"30958","E01032618",7,13.813
"30959","E01032619",5,17.714
"30960","E01032620",7,11.437
"30961","E01032621",3,33.291
"30962","E01032622",9,6.758
"30963","E01032623",10,2.162
"30964","E01032624",10,1.599
"30965","E01032625",9,6.827
"30966","E01032626",10,4.979
"30967","E01032627",4,25.812
"30968","E01032628",7,12.056
"30969","E01032631",7,12.456
"30970","E01032632",8,9.824
"30971","E01032633",3,28.279
"30972","E01032634",9,5.996
"30973","E01032635",3,32.912
"30974","E01032636",5,19.351
"30975","E01032637",9,6.197
"30976","E01032638",10,3.684
"30977","E01032639",6,16.844
"30978","E01032640",9,7.579
"30979","E01032643",8,9.031
"30980","E01032644",4,24.465
"30981","E01032645",4,22.34
"30982","E01032646",8,10.862
"30983","E01032647",9,5.615
"30984","E01032648",3,32.011
"30985","E01032649",3,27.536
"30986","E01032650",2,39.713
"30987","E01032651",7,12.228
"30988","E01032652",6,17.238
"30989","E01032653",4,24.958
"30990","E01032655",7,11.264
"30991","E01032656",6,15.308
"30992","E01032657",2,33.846
"30993","E01032658",2,36.902
"30994","E01032659",1,50.346
"30995","E01032660",5,18.226
"30996","E01032661",6,15.609
"30997","E01032662",2,44.557
"30998","E01032664",7,13.328
"30999","E01032665",6,14.73
"31000","E01032666",7,11.691
"31001","E01032667",6,15.507
"31002","E01032668",7,13.141
"31003","E01032669",7,12.51
"31004","E01032670",5,17.785
"31005","E01032671",6,15.228
"31006","E01032672",7,11.874
"31007","E01032673",4,24.802
"31008","E01032675",10,3.256
"31009","E01032676",9,6.359
"31010","E01032677",7,13.515
"31011","E01032678",10,2.322
"31012","E01032679",8,10.769
"31013","E01032680",8,10.354
"31014","E01032681",8,9.18
"31015","E01032682",9,7.52
"31016","E01032683",7,11.977
"31017","E01032684",2,43.102
"31018","E01032688",9,7.382
"31019","E01032689",9,7.614
"31020","E01032690",7,12.39
"31021","E01032691",6,14.684
"31022","E01032692",7,13.152
"31023","E01032693",7,11.397
"31024","E01032694",7,13.603
"31025","E01032695",10,5.116
"31026","E01032696",6,16.522
"31027","E01032697",5,21.474
"31028","E01032699",7,11.267
"31029","E01032700",10,3.514
"31030","E01032701",8,8.723
"31031","E01032702",9,6.594
"31032","E01032703",9,7.386
"31033","E01032704",8,10.441
"31034","E01032705",8,9.548
"31035","E01032706",8,10.111
"31036","E01032707",10,1.986
"31037","E01032708",8,10.635
"31038","E01032709",7,11.657
"31039","E01032710",10,4.384
"31040","E01032711",8,9.73
"31041","E01032712",8,10.862
"31042","E01032713",8,9.73
"31043","E01032714",3,30.67
"31044","E01032715",4,24.033
"31045","E01032716",5,19.358
"31046","E01032719",4,23.836
"31047","E01032724",5,20.179
"31048","E01032726",6,17.267
"31049","E01032728",6,16.447
"31050","E01032729",3,27.421
"31051","E01032730",3,30.817
"31052","E01032731",5,18.719
"31053","E01032732",4,23.257
"31054","E01032733",5,21.452
"31055","E01032734",5,17.552
"31056","E01032735",9,7.436
"31057","E01032737",7,13.76
"31058","E01032738",3,26.961
"31059","E01032739",8,9.682
"31060","E01032740",8,9.196
"31061","E01032741",4,22.674
"31062","E01032742",4,21.628
"31063","E01032743",2,34.513
"31064","E01032744",2,40.685
"31065","E01032745",5,17.906
"31066","E01032746",6,14.914
"31067","E01032748",9,7.511
"31068","E01032750",2,39.888
"31069","E01032751",3,27.823
"31070","E01032753",10,3.722
"31071","E01032755",1,71.099
"31072","E01032759",9,6.33
"31073","E01032764",3,26.645
"31074","E01032765",3,28.141
"31075","E01032767",8,10.284
"31076","E01032768",8,10.159
"31077","E01032769",4,23.07
"31078","E01032770",7,12.162
"31079","E01032771",7,11.288
"31080","E01032772",5,20.302
"31081","E01032774",4,24.596
"31082","E01032775",9,7.068
"31083","E01032776",7,11.333
"31084","E01032777",4,24.807
"31085","E01032779",6,15.759
"31086","E01032780",5,19.011
"31087","E01032781",7,11.788
"31088","E01032782",4,21.991
"31089","E01032783",4,24.849
"31090","E01032784",6,15.446
"31091","E01032785",5,18.721
"31092","E01032786",2,35.5
"31093","E01032787",2,41.245
"31094","E01032788",6,17.128
"31095","E01032789",7,13.439
"31096","E01032790",6,16.177
"31097","E01032792",9,8.057
"31098","E01032794",10,4.096
"31099","E01032799",1,45.928
"31100","E01032800",3,31.569
"31101","E01032802",7,13.326
"31102","E01032803",7,13.524
"31103","E01032807",5,17.909
"31104","E01032808",4,26.279
"31105","E01032810",3,30.634
"31106","E01032811",7,12.837
"31107","E01032812",9,7.15
"31108","E01032813",7,12.184
"31109","E01032814",7,12.983
"31110","E01032815",2,36.85
"31111","E01032816",9,6.699
"31112","E01032817",5,20.687
"31113","E01032818",9,7.44
"31114","E01032819",8,10.213
"31115","E01032820",8,9.021
"31116","E01032821",8,9.469
"31117","E01032822",7,11.503
"31118","E01032823",4,23.96
"31119","E01032824",6,17.104
"31120","E01032825",8,8.805
"31121","E01032826",10,3.639
"31122","E01032827",10,3.561
"31123","E01032828",10,3.655
"31124","E01032829",7,11.177
"31125","E01032830",3,32.47
"31126","E01032831",8,10.397
"31127","E01032832",2,39.619
"31128","E01032833",6,15.265
"31129","E01032834",9,7.409
"31130","E01032835",5,18.651
"31131","E01032836",4,26.258
"31132","E01032837",9,6.008
"31133","E01032838",8,8.865
"31134","E01032839",10,2.709
"31135","E01032841",7,11.483
"31136","E01032842",8,9.032
"31137","E01032843",7,12.806
"31138","E01032844",6,16.848
"31139","E01032845",7,11.669
"31140","E01032846",7,11.614
"31141","E01032847",4,22.383
"31142","E01032848",8,10.714
"31143","E01032849",9,6.576
"31144","E01032850",10,4.167
"31145","E01032852",9,7.807
"31146","E01032853",10,3.643
"31147","E01032854",10,2.629
"31148","E01032855",8,8.724
"31149","E01032856",10,3.695
"31150","E01032857",10,4.527
"31151","E01032858",4,23.669
"31152","E01032859",10,2.978
"31153","E01032860",9,6.47
"31154","E01032862",4,23.638
"31155","E01032863",5,18.978
"31156","E01032865",7,12.095
"31157","E01032868",4,22.294
"31158","E01032870",10,4.387
"31159","E01032871",8,10.634
"31160","E01032872",2,34.339
"31161","E01032873",2,41.269
"31162","E01032876",10,1.938
"31163","E01032877",10,4.919
"31164","E01032878",1,52.533
"31165","E01032879",1,49.734
"31166","E01032880",9,7.338
"31167","E01032881",8,10.841
"31168","E01032883",3,29.01
"31169","E01032884",6,14.744
"31170","E01032885",10,4.825
"31171","E01032886",8,8.487
"31172","E01032888",1,59.49
"31173","E01032891",10,4.615
"31174","E01032893",10,4.556
"31175","E01032894",9,6.868
"31176","E01032895",10,5.451
"31177","E01032896",3,32.763
"31178","E01032897",6,15.596
"31179","E01032898",1,51.605
"31180","E01032899",6,14.77
"31181","E01032900",9,6.43
"31182","E01032901",6,15.083
"31183","E01032902",7,13.917
"31184","E01032904",10,5.341
"31185","E01032905",8,9.74
"31186","E01032906",4,25.633
"31187","E01032909",6,14.182
"31188","E01032912",2,39.45
"31189","E01032914",6,17.389
"31190","E01032915",3,32.122
"31191","E01032920",2,41.606
"31192","E01032922",7,13.224
"31193","E01032923",2,44.884
"31194","E01032924",6,15.987
"31195","E01032925",2,34.457
"31196","E01032926",9,8.208
"31197","E01032927",5,19.456
"31198","E01032930",3,27.654
"31199","E01032931",5,18.737
"31200","E01032932",3,32.511
"31201","E01032933",5,18.091
"31202","E01032935",5,18.224
"31203","E01032937",1,62.394
"31204","E01032938",7,12.016
"31205","E01032939",9,5.586
"31206","E01032940",10,4.278
"31207","E01032941",3,32.658
"31208","E01032942",4,22.242
"31209","E01032943",8,10.102
"31210","E01032944",8,9.861
"31211","E01032946",9,6.985
"31212","E01032947",8,8.767
"31213","E01032948",10,2.149
"31214","E01032949",9,7.542
"31215","E01032950",9,7.309
"31216","E01032951",9,8.058
"31217","E01032952",10,3.533
"31218","E01032953",9,6.851
"31219","E01032955",5,20.306
"31220","E01032956",10,3.587
"31221","E01032957",9,6.536
"31222","E01032958",6,15.497
"31223","E01032961",4,24.846
"31224","E01032962",10,2.553
"31225","E01032963",9,8.154
"31226","E01032964",7,12.971
"31227","E01032965",10,5.388
"31228","E01032966",9,6.957
"31229","E01032967",9,8.342
"31230","E01032969",7,12.601
"31231","E01032970",6,14.772
"31232","E01032971",4,22.375
"31233","E01032972",8,9.888
"31234","E01032973",9,7.221
"31235","E01032974",7,11.547
"31236","E01032976",5,18.18
"31237","E01032978",2,42.849
"31238","E01032979",1,48.532
"31239","E01032980",5,18.614
"31240","E01032981",7,13.463
"31241","E01032982",8,9.494
"31242","E01032983",10,4.999
"31243","E01032984",9,5.987
"31244","E01032985",9,7.963
"31245","E01032986",4,26.315
"31246","E01032987",3,26.613
"31247","E01032988",6,16.208
"31248","E01032989",9,8.305
"31249","E01032991",9,7.137
"31250","E01032992",6,15.907
"31251","E01032993",10,3.148
"31252","E01032994",8,9.272
"31253","E01032995",3,30.201
"31254","E01032996",8,11.002
"31255","E01032997",7,12.877
"31256","E01032998",9,7.153
"31257","E01032999",9,5.746
"31258","E01033000",2,39.635
"31259","E01033002",4,22.655
"31260","E01033003",2,36.75
"31261","E01033008",5,18.915
"31262","E01033010",3,28.401
"31263","E01033011",5,20.157
"31264","E01033013",2,34.029
"31265","E01033015",8,9.214
"31266","E01033016",6,14.395
"31267","E01033021",2,35.599
"31268","E01033022",6,15.967
"31269","E01033023",6,16.826
"31270","E01033024",10,2.67
"31271","E01033025",9,5.499
"31272","E01033026",8,9.464
"31273","E01033027",7,11.867
"31274","E01033028",7,12.688
"31275","E01033029",8,8.66
"31276","E01033030",5,19.421
"31277","E01033031",3,32.896
"31278","E01033033",8,10.482
"31279","E01033034",9,7.55
"31280","E01033035",1,53.095
"31281","E01033036",7,12.976
"31282","E01033037",5,20.757
"31283","E01033038",3,26.742
"31284","E01033039",5,18.819
"31285","E01033040",3,31.94
"31286","E01033041",4,21.777
"31287","E01033042",6,15.603
"31288","E01033043",6,15.92
"31289","E01033044",8,9.913
"31290","E01033045",10,5.19
"31291","E01033046",2,36.783
"31292","E01033047",7,12.889
"31293","E01033048",5,20.073
"31294","E01033049",6,15.224
"31295","E01033050",10,4.866
"31296","E01033051",2,40.253
"31297","E01033052",6,14.761
"31298","E01033053",9,7.67
"31299","E01033054",6,16.647
"31300","E01033055",10,4.575
"31301","E01033056",7,12.369
"31302","E01033058",6,14.573
"31303","E01033059",10,1.634
"31304","E01033060",3,31.59
"31305","E01033061",10,0.949
"31306","E01033062",10,1.953
"31307","E01033063",9,6.829
"31308","E01033064",6,16.043
"31309","E01033067",2,34.078
"31310","E01033068",5,19.18
"31311","E01033069",6,14.405
"31312","E01033070",7,13.565
"31313","E01033071",5,19.498
"31314","E01033072",3,31.765
"31315","E01033073",6,16.89
"31316","E01033076",2,40.931
"31317","E01033077",5,18.739
"31318","E01033078",9,6.47
"31319","E01033079",6,14.756
"31320","E01033080",7,13.976
"31321","E01033081",4,23.32
"31322","E01033082",3,27.402
"31323","E01033083",3,31.181
"31324","E01033084",2,38.936
"31325","E01033086",1,47.03
"31326","E01033087",3,29.041
"31327","E01033088",7,13.565
"31328","E01033089",4,23.534
"31329","E01033091",5,20.238
"31330","E01033092",2,37.201
"31331","E01033094",1,54.449
"31332","E01033095",8,10.239
"31333","E01033097",2,41.835
"31334","E01033098",9,8.247
"31335","E01033099",7,12.919
"31336","E01033100",5,21.275
"31337","E01033102",6,16.775
"31338","E01033103",10,3.835
"31339","E01033104",2,43.699
"31340","E01033105",8,9.504
"31341","E01033107",9,6.967
"31342","E01033109",2,39.048
"31343","E01033111",3,31.238
"31344","E01033112",1,61.816
"31345","E01033113",5,19.415
"31346","E01033114",8,8.395
"31347","E01033115",9,5.942
"31348","E01033116",9,7.79
"31349","E01033117",8,10.965
"31350","E01033118",8,8.914
"31351","E01033120",4,21.901
"31352","E01033121",6,16.932
"31353","E01033122",1,48.882
"31354","E01033123",3,27.081
"31355","E01033124",3,29.925
"31356","E01033125",2,42.188
"31357","E01033126",6,16.326
"31358","E01033127",4,22.041
"31359","E01033128",5,20.172
"31360","E01033129",1,51.025
"31361","E01033130",1,53.554
"31362","E01033131",2,42.827
"31363","E01033132",7,13.529
"31364","E01033133",8,10.097
"31365","E01033135",10,5.297
"31366","E01033137",7,11.245
"31367","E01033138",8,10.147
"31368","E01033139",6,17.098
"31369","E01033140",5,19.573
"31370","E01033142",9,6.475
"31371","E01033144",9,8.047
"31372","E01033145",7,13.917
"31373","E01033146",1,48.596
"31374","E01033148",3,32.111
"31375","E01033150",2,39.214
"31376","E01033151",1,48.554
"31377","E01033156",8,9.316
"31378","E01033158",8,8.425
"31379","E01033160",3,30.378
"31380","E01033161",5,19.574
"31381","E01033163",10,4.129
"31382","E01033166",1,49.602
"31383","E01033167",1,57.62
"31384","E01033168",10,4.35
"31385","E01033169",10,4.028
"31386","E01033170",8,10.42
"31387","E01033171",4,23.032
"31388","E01033172",2,37.739
"31389","E01033173",8,9.928
"31390","E01033174",5,17.913
"31391","E01033175",9,8.281
"31392","E01033177",6,15.364
"31393","E01033179",6,17.45
"31394","E01033180",4,21.71
"31395","E01033181",7,11.634
"31396","E01033182",2,40.46
"31397","E01033184",8,11.075
"31398","E01033185",8,9.865
"31399","E01033186",9,8.028
"31400","E01033188",8,9.378
"31401","E01033189",10,5.186
"31402","E01033190",9,7.013
"31403","E01033191",8,10.152
"31404","E01033192",7,13.961
"31405","E01033195",10,4.42
"31406","E01033197",3,26.938
"31407","E01033198",1,46.663
"31408","E01033200",4,23.707
"31409","E01033205",4,25.083
"31410","E01033206",2,39.778
"31411","E01033208",7,13.886
"31412","E01033209",2,35.755
"31413","E01033210",7,11.494
"31414","E01033211",1,53.564
"31415","E01033212",1,48.632
"31416","E01033213",6,15.466
"31417","E01033214",8,9.391
"31418","E01033215",2,39.627
"31419","E01033217",1,67.086
"31420","E01033218",8,9.191
"31421","E01033219",9,5.761
"31422","E01033220",1,71.776
"31423","E01033223",2,40.58
"31424","E01033224",1,52.837
"31425","E01033226",2,39.819
"31426","E01033228",1,54.677
"31427","E01033229",6,15.789
"31428","E01033232",8,10.022
"31429","E01033234",9,7.054
"31430","E01033235",8,9.062
"31431","E01033236",9,7.791
"31432","E01033237",2,41.187
"31433","E01033239",6,16.549
"31434","E01033241",5,20.247
"31435","E01033242",3,31.056
"31436","E01033243",10,5.076
"31437","E01033244",10,3.596
"31438","E01033245",8,10.588
"31439","E01033246",4,21.595
"31440","E01033247",2,37.24
"31441","E01033248",1,46.049
"31442","E01033249",3,30.684
"31443","E01033250",8,9.281
"31444","E01033251",9,7.103
"31445","E01033252",10,1.944
"31446","E01033253",8,10.435
"31447","E01033254",10,2.719
"31448","E01033255",8,10.781
"31449","E01033256",6,15.969
"31450","E01033257",9,6.832
"31451","E01033259",7,12.759
"31452","E01033260",4,23.48
"31453","E01033261",6,14.788
"31454","E01033262",7,14.124
"31455","E01033263",5,21.098
"31456","E01033264",4,24.007
"31457","E01033265",4,24.739
"31458","E01033268",3,29.216
"31459","E01033269",1,64.261
"31460","E01033270",3,31.717
"31461","E01033271",1,46.645
"31462","E01033272",4,22.684
"31463","E01033273",5,20.337
"31464","E01033274",4,22.283
"31465","E01033275",8,10.227
"31466","E01033276",7,13.787
"31467","E01033277",1,54.313
"31468","E01033279",2,43.38
"31469","E01033280",9,7.453
"31470","E01033281",3,30.968
"31471","E01033283",6,15.823
"31472","E01033285",4,26.306
"31473","E01033286",6,15.031
"31474","E01033288",8,10.305
"31475","E01033289",5,18.83
"31476","E01033291",4,23.352
"31477","E01033292",2,41.769
"31478","E01033294",8,10.955
"31479","E01033296",7,13.834
"31480","E01033297",8,9.401
"31481","E01033299",3,28.576
"31482","E01033300",1,47.268
"31483","E01033302",3,30.661
"31484","E01033303",2,34.797
"31485","E01033305",5,19.81
"31486","E01033306",5,18.248
"31487","E01033308",7,13.782
"31488","E01033310",9,7.068
"31489","E01033311",5,20.059
"31490","E01033313",9,6.903
"31491","E01033314",8,10.807
"31492","E01033316",8,8.724
"31493","E01033317",5,17.973
"31494","E01033319",9,6.453
"31495","E01033320",5,20.965
"31496","E01033322",5,19.584
"31497","E01033324",3,30.076
"31498","E01033325",8,9.847
"31499","E01033327",4,25.668
"31500","E01033328",4,23.13
"31501","E01033329",5,19.592
"31502","E01033330",1,52.273
"31503","E01033334",10,3.541
"31504","E01033336",10,1.934
"31505","E01033338",7,13.505
"31506","E01033339",6,16.116
"31507","E01033341",2,33.916
"31508","E01033342",5,21.364
"31509","E01033344",7,13.65
"31510","E01033347",5,17.998
"31511","E01033348",2,36.675
"31512","E01033350",7,13.988
"31513","E01033352",5,20.931
"31514","E01033353",5,21.212
"31515","E01033356",1,53.988
"31516","E01033358",1,52.786
"31517","E01033359",2,33.871
"31518","E01033361",2,33.661
"31519","E01033362",4,23.703
"31520","E01033364",6,15.157
"31521","E01033366",2,40.908
"31522","E01033367",1,45.547
"31523","E01033369",1,47.511
"31524","E01033370",1,55.452
"31525","E01033372",9,5.913
"31526","E01033373",5,21.283
"31527","E01033375",10,2.862
"31528","E01033376",10,3.275
"31529","E01033378",10,5.036
"31530","E01033380",9,7.427
"31531","E01033381",4,25.695
"31532","E01033383",1,52.95
"31533","E01033384",8,8.564
"31534","E01033386",5,18.858
"31535","E01033387",3,27.701
"31536","E01033388",3,32.5
"31537","E01033389",8,8.975
"31538","E01033390",10,4.958
"31539","E01033391",10,3.71
"31540","E01033392",4,22.535
"31541","E01033394",8,9.699
"31542","E01033395",7,11.789
"31543","E01033396",1,47.883
"31544","E01033397",3,30.751
"31545","E01033398",3,33.375
"31546","E01033399",3,31.674
"31547","E01033400",5,20.39
"31548","E01033402",3,30.115
"31549","E01033407",4,21.904
"31550","E01033409",3,33.207
"31551","E01033410",7,12.568
"31552","E01033411",1,53.662
"31553","E01033412",9,7.505
"31554","E01033413",5,17.666
"31555","E01033414",5,17.777
"31556","E01033415",5,18.27
"31557","E01033417",6,17.371
"31558","E01033418",7,12.624
"31559","E01033420",5,21.007
"31560","E01033421",3,26.657
"31561","E01033422",4,25.677
"31562","E01033423",6,14.549
"31563","E01033425",10,1.909
"31564","E01033426",10,4.169
"31565","E01033427",8,9.745
"31566","E01033429",8,10.15
"31567","E01033430",4,24.433
"31568","E01033431",6,15.245
"31569","E01033434",9,5.515
"31570","E01033435",7,11.813
"31571","E01033436",2,35.307
"31572","E01033437",1,46.704
"31573","E01033438",4,24.254
"31574","E01033440",4,26.301
"31575","E01033441",7,11.577
"31576","E01033442",10,5.236
"31577","E01033443",8,10.554
"31578","E01033444",10,5.281
"31579","E01033445",7,12.91
"31580","E01033446",6,14.901
"31581","E01033447",10,4.035
"31582","E01033448",4,22.261
"31583","E01033449",6,14.543
"31584","E01033450",9,6.543
"31585","E01033452",6,15.569
"31586","E01033454",7,11.558
"31587","E01033455",1,65.239
"31588","E01033456",1,50.044
"31589","E01033457",4,25.481
"31590","E01033458",5,19.01
"31591","E01033459",4,23.923
"31592","E01033460",8,9.907
"31593","E01033461",8,8.44
"31594","E01033462",5,18.226
"31595","E01033463",6,16.24
"31596","E01033465",8,10.942
"31597","E01033466",1,63.692
"31598","E01033467",7,14.014
"31599","E01033469",1,54.825
"31600","E01033470",1,72.12
"31601","E01033471",1,67.677
"31602","E01033472",5,19.198
"31603","E01033473",1,46.424
"31604","E01033474",9,7.133
"31605","E01033475",10,4.411
"31606","E01033476",9,5.967
"31607","E01033479",10,4.919
"31608","E01033480",10,5.269
"31609","E01033481",7,11.733
"31610","E01033482",8,8.915
"31611","E01033485",1,49.983
"31612","E01033486",2,36.388
"31613","E01033487",8,10.067
"31614","E01033488",4,24.966
"31615","E01033489",8,10.096
"31616","E01033490",5,18.01
"31617","E01033491",3,27.835
"31618","E01033493",10,4.452
"31619","E01033494",7,12.804
"31620","E01033495",10,4.874
"31621","E01033496",10,2.761
"31622","E01033497",4,25.843
"31623","E01033498",3,30.545
"31624","E01033499",2,34.974
"31625","E01033500",4,23.529
"31626","E01033501",8,9.55
"31627","E01033503",9,5.863
"31628","E01033506",10,4.823
"31629","E01033508",8,8.561
"31630","E01033511",6,14.431
"31631","E01033514",8,8.468
"31632","E01033515",9,7.992
"31633","E01033517",10,4.827
"31634","E01033519",7,12.057
"31635","E01033520",10,4.061
"31636","E01033522",4,21.982
"31637","E01033523",7,13.326
"31638","E01033526",3,30.558
"31639","E01033527",7,13.272
"31640","E01033528",8,9.405
"31641","E01033530",4,23.449
"31642","E01033532",9,6.14
"31643","E01033533",9,6.347
"31644","E01033534",10,5.426
"31645","E01033535",7,12.172
"31646","E01033536",4,21.653
"31647","E01033537",5,18.188
"31648","E01033539",7,12.08
"31649","E01033540",6,14.88
"31650","E01033541",6,15.034
"31651","E01033543",4,24.749
"31652","E01033545",5,18.671
"31653","E01033547",1,48.646
"31654","E01033548",5,19.645
"31655","E01033550",10,1.626
"31656","E01033551",10,3.156
"31657","E01033553",6,16.275
"31658","E01033556",3,28.593
"31659","E01033557",6,16.798
"31660","E01033559",4,23.302
"31661","E01033561",3,27.232
"31662","E01033562",4,25.106
"31663","E01033564",7,13.626
"31664","E01033565",7,13.336
"31665","E01033567",6,14.163
"31666","E01033569",8,10.105
"31667","E01033570",8,8.607
"31668","E01033571",6,16.821
"31669","E01033579",7,13.616
"31670","E01033580",8,10.151
"31671","E01033581",2,35.637
"31672","E01033582",7,11.553
"31673","E01033584",2,35.429
"31674","E01033586",4,23.301
"31675","E01033587",3,32.628
"31676","E01033589",3,32.295
"31677","E01033590",4,23.701
"31678","E01033591",3,32.377
"31679","E01033592",5,20.368
"31680","E01033593",5,20.853
"31681","E01033594",2,33.644
"31682","E01033597",2,35.995
"31683","E01033598",1,50.198
"31684","E01033599",2,35.391
"31685","E01033601",3,29.668
"31686","E01033602",1,52.986
"31687","E01033603",2,42.871
"31688","E01033604",1,51.69
"31689","E01033605",1,47.58
"31690","E01033609",8,9.845
"31691","E01033610",9,6.731
"31692","E01033611",7,11.55
"31693","E01033612",8,10.839
"31694","E01033613",9,6.235
"31695","E01033614",8,8.397
"31696","E01033615",5,20.701
"31697","E01033616",2,38.868
"31698","E01033617",6,14.3
"31699","E01033618",9,6.278
"31700","E01033620",3,28.579
"31701","E01033622",7,12.672
"31702","E01033623",3,29.142
"31703","E01033624",4,23.985
"31704","E01033625",9,8.148
"31705","E01033626",4,25.79
"31706","E01033627",1,47.179
"31707","E01033629",1,49.661
"31708","E01033630",1,45.734
"31709","E01033638",1,64.268
"31710","E01033640",3,31.862
"31711","E01033642",1,49.948
"31712","E01033643",1,56.794
"31713","E01033646",1,60.849
"31714","E01033648",1,60.93
"31715","E01033649",1,62.691
"31716","E01033650",1,57.903
"31717","E01033651",4,22.589
"31718","E01033653",4,25.129
"31719","E01033654",5,17.929
"31720","E01033655",7,13.164
"31721","E01033656",8,10.975
"31722","E01033658",5,21.257
"31723","E01033660",7,11.257
"31724","E01033661",6,14.297
"31725","E01033662",5,17.472
"31726","E01033664",6,16.664
"31727","E01033665",3,31.466
"31728","E01033667",4,22.119
"31729","E01033668",3,31.124
"31730","E01033669",1,56.957
"31731","E01033670",10,3.923
"31732","E01033671",8,9.231
"31733","E01033672",2,34.689
"31734","E01033673",9,7.564
"31735","E01033674",2,34.509
"31736","E01033675",1,44.98
"31737","E01033676",1,64.686
"31738","E01033677",5,17.724
"31739","E01033678",1,64.884
"31740","E01033679",1,72.094
"31741","E01033680",3,33.394
"31742","E01033681",6,16.895
"31743","E01033682",7,11.214
"31744","E01033684",8,8.607
"31745","E01033685",4,25.089
"31746","E01033686",2,35.793
"31747","E01033687",1,53.056
"31748","E01033688",1,61.411
"31749","E01033689",1,49.746
"31750","E01033690",1,49.203
"31751","E01033691",1,65.121
"31752","E01033692",1,69.036
"31753","E01033693",1,60.742
"31754","E01033694",5,20.819
"31755","E01033695",5,18.241
"31756","E01033696",5,18.04
"31757","E01033697",1,57.474
"31758","E01033699",3,32.201
"31759","E01033700",5,21.314
"31760","E01033702",1,45.051
"31761","E01033703",3,31.994
"31762","E01033704",5,17.506
"31763","E01033705",2,36.271
"31764","E01033706",4,22.297
"31765","E01033708",6,14.482
"31766","E01033709",4,23.083
"31767","E01033710",4,25.508
"31768","E01033711",8,10.678
"31769","E01033712",3,29.492
"31770","E01033713",4,25.989
"31771","E01033714",10,3.424
"31772","E01033715",4,22.924
"31773","E01033716",1,45.337
"31774","E01033717",9,6.985
"31775","E01033718",4,22.836
"31776","E01033719",6,15.891
"31777","E01033720",7,12.961
"31778","E01033721",9,6.587
"31779","E01033722",2,44.229
"31780","E01033727",5,18.676
"31781","E01033728",9,7.301
"31782","E01033729",3,29.474
"31783","E01033732",4,24.026
"31784","E01033734",6,14.387
"31785","E01033735",2,38.025
"31786","E01033736",10,3.84
"31787","E01033737",3,30.202
"31788","E01033738",5,19.337
"31789","E01033739",4,24.136
"31790","E01033740",4,24.315
"31791","E01033741",4,21.578
"31792","E01033742",7,13.616
"31793","E01033743",4,24.212
"31794","E01033744",3,28.586
"31795","E01033745",4,24.644
"31796","E01033746",6,15.808
"31797","E01033747",2,42.42
"31798","E01033748",7,11.204
"31799","E01033750",9,7.387
"31800","E01033751",3,31.637
"31801","E01033756",5,21.166
"31802","E01033757",4,25.133
"31803","E01033758",4,24.23
"31804","E01033760",5,20.508
"31805","E01033761",5,19.16
"31806","E01033762",6,16.579
"31807","E01033763",2,37.754
"31808","E01033765",1,52.925
"31809","E01033767",1,51.243
"31810","E01033768",1,50.257
"31811","E01033769",4,24.95
"31812","E01033770",5,18.638
"31813","E01033771",5,21.403
"31814","E01033772",7,11.352
"31815","E01033773",9,6.073
"31816","E01033774",4,24.79
"31817","E01033775",9,7.636
"31818","E01033776",9,7.125
"31819","E01033777",7,12.292
"31820","E01033778",7,13.272
"31821","E01033779",9,6.963
"31822","E01033780",10,4.509
"31823","E01033781",2,37.504
"31824","E01033782",4,23.555
"31825","E01033783",7,11.815
"31826","E01033784",6,15.838
"31827","E01033785",7,13.044
"31828","E01033786",5,19.05
"31829","E01033787",5,19.003
"31830","E01033788",6,14.878
"31831","E01033789",6,15.355
"31832","E01033790",3,30.161
"31833","E01033791",3,33.003
"31834","E01033792",7,12.569
"31835","E01033793",8,9.893
"31836","E01033794",1,52.496
"31837","E01033795",9,7.902
"31838","E01033796",5,21.356
"31839","E01033797",1,53.869
"31840","E01033798",1,54.91
"31841","E01033799",6,15.192
"31842","E01033800",5,18.903
"31843","E01033801",2,41.824
"31844","E01033802",2,36.829
"31845","E01033803",1,56.012
"31846","E01033804",1,52.057
"31847","E01033805",1,50.617
"31848","E01033806",1,58.853
"31849","E01033807",2,42.949
"31850","E01033808",10,3.609
"31851","E01033809",8,9.46
"31852","E01033810",8,9.935
"31853","E01033811",8,10.916
"31854","E01033812",8,10.38
"31855","E01033813",4,25.114
"31856","E01033814",9,6.857
"31857","E01033815",7,11.756
"31858","E01033816",9,6.223
"31859","E01033817",6,17.105
"31860","E01033818",8,10.744
"31861","E01033819",8,9.709
"31862","E01033820",7,13.127
"31863","E01033821",8,10.428
"31864","E01033822",8,8.731
"31865","E01033823",9,8.184
"31866","E01033824",8,9.052
"31867","E01033825",8,8.93
"31868","E01033826",7,11.216
"31869","E01033827",3,32.024
"31870","E01033828",9,5.515
"31871","E01033829",7,13.538
"31872","E01033830",6,15.051
"31873","E01033831",9,5.922
"31874","E01033832",7,11.489
"31875","E01033833",8,8.398
"31876","E01033834",5,19.952
"31877","E01033835",4,21.972
"31878","E01033836",8,10.014
"31879","E01033837",6,16.383
"31880","E01033838",7,14.128
"31881","E01033839",6,16.242
"31882","E01033840",8,9
"31883","E01033841",7,13.699
"31884","E01033842",8,9.677
"31885","E01033843",7,12.401
"31886","E01033844",8,8.582
"31887","E01033845",4,23.923
"31888","E01033846",2,39.308
"31889","E01033847",9,6.727
"31890","E01033848",7,12.582
"31891","E01033849",8,9.681
"31892","E01033850",8,9.578
"31893","E01033851",9,5.981
"31894","E01033852",6,15.387
"31895","E01033853",9,5.968
"31896","E01033854",8,11.011
"31897","E01033855",5,17.548
"31898","E01033856",6,16.938
"31899","E01033857",3,31.953
"31900","E01033858",4,21.642
"31901","E01033859",8,9.213
"31902","E01033860",6,15.665
"31903","E01033861",10,3.066
"31904","E01033862",7,11.719
"31905","E01033863",2,34.14
"31906","E01033864",3,31.25
"31907","E01033865",7,12.402
"31908","E01033866",9,7.176
"31909","E01033867",5,17.912
"31910","E01033868",8,10.983
"31911","E01033869",4,22.19
"31912","E01033870",6,14.551
"31913","E01033871",3,27.534
"31914","E01033872",5,21.413
"31915","E01033873",3,29.078
"31916","E01033874",6,16.167
"31917","E01033875",5,21.223
"31918","E01033876",6,15
"31919","E01033877",4,24.647
"31920","E01033878",2,34.789
"31921","E01033879",3,33.056
"31922","E01033880",3,26.646
"31923","E01033881",2,36.304
"31924","E01033882",3,31
"31925","E01033883",3,29.372
"31926","E01033884",8,10.928
"31927","E01033885",4,23.998
"31928","E01033886",3,33.172
"31929","E01033887",2,33.98
"31930","E01033888",2,44.84
"31931","E01033889",2,39.393
"31932","E01033890",1,45.822
"31933","E01033891",1,47.786
"31934","E01033892",2,42.326
"31935","E01033893",4,23.704
"31936","E01033894",1,56.427
"31937","E01033895",2,37.992
"31938","E01033896",1,62.412
"31939","E01033897",1,54.332
"31940","E01033898",2,44.863
"31941","E01033899",1,61.312
"31942","E01033900",1,45.57
"31943","E01033901",2,43.289
"31944","E01033902",7,13.995
"31945","E01033903",4,22.436
"31946","E01033904",7,11.176
"31947","E01033905",7,12.536
"31948","E01033906",9,6.293
"31949","E01033907",4,26.286
"31950","E01033908",5,18.559
"31951","E01033909",7,12.681
"31952","E01033910",4,24.233
"31953","E01033911",8,9.632
"31954","E01033912",8,10.239
"31955","E01033913",2,34.99
"31956","E01033914",3,32.508
"31957","E01033915",4,25.899
"31958","E01033916",2,36.001
"31959","E01033917",7,12.898
"31960","E01033918",7,11.349
"31961","E01033919",8,9.012
"31962","E01033920",8,8.949
"31963","E01033921",5,18.449
"31964","E01033922",4,23.055
"31965","E01033923",3,28.465
"31966","E01033924",2,38.362
"31967","E01033925",5,18.122
"31968","E01033926",2,39.071
"31969","E01033927",4,24.045
"31970","E01033928",5,19.711
"31971","E01033929",5,18.907
"31972","E01033930",3,26.914
"31973","E01033931",3,32.505
"31974","E01033932",2,37.807
"31975","E01033933",1,52.898
"31976","E01033934",1,52.07
"31977","E01033935",2,36.565
"31978","E01033936",4,26.4
"31979","E01033937",2,36.932
"31980","E01033938",2,34.927
"31981","E01033939",4,25.395
"31982","E01033940",8,9.109
"31983","E01033941",4,25.378
"31984","E01033942",5,18.504
"31985","E01033943",5,18.653
"31986","E01033944",3,27.093
"31987","E01033945",4,23.745
"31988","E01033946",6,14.871
"31989","E01033947",1,49.19
"31990","E01033948",1,73.677
"31991","E01033949",1,70.542
"31992","E01033950",1,63.725
"31993","E01033951",5,20.093
"31994","E01033952",6,15.338
"31995","E01033953",8,9.269
"31996","E01033954",10,3.716
"31997","E01033955",8,9.958
"31998","E01033956",8,8.661
"31999","E01033957",9,8.309
"32000","E01033958",7,13.127
"32001","E01033959",4,22.05
"32002","E01033960",9,8.105
"32003","E01033961",9,7.388
"32004","E01033962",5,19.363
"32005","E01033963",7,13.293
"32006","E01033964",5,17.521
"32007","E01033965",9,5.819
"32008","E01033966",7,12.071
"32009","E01033967",8,9.459
"32010","E01033968",9,7.046
"32011","E01033969",8,10.372
"32012","E01033970",8,9.853
"32013","E01033971",8,8.649
"32014","E01033972",6,14.143
"32015","E01033973",4,24.701
"32016","E01033974",7,12.9
"32017","E01033975",5,20.889
"32018","E01033976",8,8.38
"32019","E01033977",3,32.768
"32020","E01033978",5,18.106
"32021","E01033979",3,32.052
"32022","E01033980",1,46.473
"32023","E01033981",3,31.027
"32024","E01033982",2,38.836
"32025","E01033983",3,32.618
"32026","E01033984",1,53.13
"32027","E01033985",2,40.861
"32028","E01033986",3,28.145
"32029","E01033987",7,13.233
"32030","E01033988",7,13.99
"32031","E01033989",5,18.683
"32032","E01033990",5,18.961
"32033","E01033991",3,30.448
"32034","E01033992",7,11.14
"32035","E01033993",6,16.751
"32036","E01033994",7,11.321
"32037","E01033995",8,8.658
"32038","E01033996",8,9.164
"32039","E01033997",7,12.484
"32040","E01033998",9,8.349
"32041","E01033999",8,9.051
"32042","E01034000",4,23.961
"32043","E01034001",2,38.692
"32044","E01034002",3,31.481
"32045","E01034003",7,11.455
"32046","E01034004",10,3.838
"32047","E01034005",10,3.921
"32048","E01034006",7,11.486
"32049","E01034007",9,5.907
"32050","E01034008",4,24.597
"32051","E01034009",2,40.962
"32052","E01034010",5,18.792
"32053","E01034011",3,31.895
"32054","E01034012",3,28.521
"32055","E01034013",3,28.57
"32056","E01034014",3,28.127
"32057","E01034015",6,14.607
"32058","E01034016",3,31.252
"32059","E01034017",5,18.28
"32060","E01034018",2,39.995
"32061","E01034019",2,42.355
"32062","E01034020",2,39.492
"32063","E01034021",3,26.627
"32064","E01034022",2,38.783
"32065","E01034023",3,29.318
"32066","E01034024",3,32.438
"32067","E01034025",6,16.399
"32068","E01034026",6,15.059
"32069","E01034027",2,33.981
"32070","E01034028",3,31.511
"32071","E01034029",4,24.271
"32072","E01034030",4,25.092
"32073","E01034031",7,12.347
"32074","E01034032",3,27.033
"32075","E01034033",7,12.681
"32076","E01034034",6,14.872
"32077","E01034035",7,14.114
"32078","E01034036",3,31.795
"32079","E01034037",5,19.533
"32080","E01034038",3,30.799
"32081","E01034039",3,30.663
"32082","E01034040",3,30.484
"32083","E01034041",3,26.793
"32084","E01034042",3,27.046
"32085","E01034043",4,24.449
"32086","E01034044",7,13.696
"32087","E01034045",6,17.214
"32088","E01034046",2,39.66
"32089","E01034047",1,45.348
"32090","E01034048",3,27.341
"32091","E01034049",8,9.674
"32092","E01034050",8,8.992
"32093","E01034051",10,3.459
"32094","E01034052",2,40.48
"32095","E01034053",1,61.557
"32096","E01034054",6,17.119
"32097","E01034055",2,43.017
"32098","E01034056",3,29.544
"32099","E01034057",2,34.367
"32100","E01034058",2,43.704
"32101","E01034059",10,5.166
"32102","E01034060",2,33.927
"32103","E01034061",2,44.653
"32104","E01034062",4,21.97
"32105","E01034063",6,16.609
"32106","E01034064",4,25.711
"32107","E01034065",3,32.883
"32108","E01034066",4,21.583
"32109","E01034067",2,34.555
"32110","E01034068",6,14.228
"32111","E01034069",1,54.861
"32112","E01034070",7,11.605
"32113","E01034071",9,7.06
"32114","E01034072",7,13.865
"32115","E01034073",7,13.636
"32116","E01034074",7,13.463
"32117","E01034075",6,17.273
"32118","E01034076",3,29.575
"32119","E01034077",6,14.606
"32120","E01034078",6,16.933
"32121","E01034079",9,6.78
"32122","E01034080",9,7.972
"32123","E01034081",6,16.613
"32124","E01034082",6,16.927
"32125","E01034083",7,13.048
"32126","E01034084",10,4.119
"32127","E01034085",5,18.157
"32128","E01034086",8,8.571
"32129","E01034087",4,22.652
"32130","E01034088",5,20.043
"32131","E01034089",7,12.308
"32132","E01034090",5,18.231
"32133","E01034091",5,18.577
"32134","E01034092",2,35.606
"32135","E01034093",8,10.763
"32136","E01034094",5,18.748
"32137","E01034095",3,30.158
"32138","E01034096",1,62.135
"32139","E01034097",6,16.781
"32140","E01034098",8,9.351
"32141","E01034099",8,9.584
"32142","E01034100",5,18.529
"32143","E01034101",8,9.165
"32144","E01034102",9,5.556
"32145","E01034103",5,17.59
"32146","E01034104",8,10.83
"32147","E01034105",9,7.86
"32148","E01034106",8,9.393
"32149","E01034107",2,41.675
"32150","E01034108",2,39.181
"32151","E01034109",2,39.909
"32152","E01034110",2,43.602
"32153","E01034111",1,63.981
"32154","E01034112",1,46.608
"32155","E01034113",1,49.734
"32156","E01034114",2,38.826
"32157","E01034115",4,25.854
"32158","E01034116",4,22.108
"32159","E01034117",5,20.18
"32160","E01034118",1,54.419
"32161","E01034119",2,38.633
"32162","E01034120",1,60.755
"32163","E01034121",2,35.515
"32164","E01034122",1,46.509
"32165","E01034123",1,58.794
"32166","E01034124",1,50.643
"32167","E01034125",1,55.444
"32168","E01034126",3,28.795
"32169","E01034127",3,32.956
"32170","E01034128",4,22.204
"32171","E01034129",5,19.156
"32172","E01034130",6,14.78
"32173","E01034131",5,19.456
"32174","E01034132",7,12.465
"32175","E01034133",2,43.225
"32176","E01034134",7,11.404
"32177","E01034135",4,21.914
"32178","E01034136",6,14.283
"32179","E01034137",1,59.107
"32180","E01034138",1,66.357
"32181","E01034139",3,31.761
"32182","E01034140",4,24.697
"32183","E01034141",6,15.223
"32184","E01034142",3,28.806
"32185","E01034143",3,27.254
"32186","E01034144",4,24.677
"32187","E01034145",2,44.478
"32188","E01034146",5,18.792
"32189","E01034147",9,8.079
"32190","E01034148",5,20.984
"32191","E01034149",3,27.539
"32192","E01034150",1,46.3
"32193","E01034151",5,19.584
"32194","E01034152",2,33.582
"32195","E01034153",6,17.066
"32196","E01034154",8,10.348
"32197","E01034155",4,22.501
"32198","E01034156",4,25.397
"32199","E01034157",7,12.573
"32200","E01034158",5,17.673
"32201","E01034159",2,36.648
"32202","E01034160",4,24.118
"32203","E01034161",3,28.929
"32204","E01034162",3,28.471
"32205","E01034165",4,21.923
"32206","E01034166",5,20.431
"32207","E01034167",6,14.475
"32208","E01034168",6,15.934
"32209","E01034169",5,18.216
"32210","E01034170",3,26.633
"32211","E01034171",3,32.375
"32212","E01034172",5,20.211
"32213","E01034173",2,39.498
"32214","E01034174",7,11.472
"32215","E01034175",7,12.836
"32216","E01034176",4,22.705
"32217","E01034177",5,19.557
"32218","E01034178",7,11.542
"32219","E01034179",4,23.898
"32220","E01034180",2,36.879
"32221","E01034181",8,8.454
"32222","E01034182",5,19.608
"32223","E01034183",7,13.045
"32224","E01034184",6,14.57
"32225","E01034185",5,18.817
"32226","E01034186",8,8.761
"32227","E01034187",4,25.827
"32228","E01034188",6,15.412
"32229","E01034189",7,13.129
"32230","E01034190",3,32.337
"32231","E01034191",8,10.763
"32232","E01034192",4,21.546
"32233","E01034193",6,15.676
"32234","E01034194",8,9.147
"32235","E01034195",5,17.46
"32236","E01034196",7,11.829
"32237","E01034198",4,24.619
"32238","E01034199",2,38.242
"32239","E01034200",4,25.583
"32240","E01034201",2,34.613
"32241","E01034202",3,27.991
"32242","E01034203",5,19.011
"32243","E01034204",2,36.816
"32244","E01034205",3,26.667
"32245","E01034206",4,24.82
"32246","E01034207",7,13.951
"32247","E01034208",2,43.363
"32248","E01034209",5,18.113
"32249","E01034210",6,14.667
"32250","E01034211",5,18.142
"32251","E01034212",8,10.296
"32252","E01034213",6,15.009
"32253","E01034214",8,10.419
"32254","E01034215",6,16.301
"32255","E01034216",7,12.357
"32256","E01034217",7,12.59
"32257","E01034218",3,31.079
"32258","E01034219",6,14.984
"32259","E01034220",4,22.868
"32260","E01034221",4,22.494
"32261","E01034222",3,28.946
"32262","E01034223",5,17.452
"32263","E01034224",2,35.346
"32264","E01034225",4,24.903
"32265","E01034226",8,10.918
"32266","E01034227",6,14.856
"32267","E01034228",10,5.084
"32268","E01034229",6,16.86
"32269","E01034230",10,5.404
"32270","E01034231",10,4.345
"32271","E01034232",1,59.89
"32272","E01034233",1,57.894
"32273","E01034234",1,49.473
"32274","E01034235",1,53.213
"32275","E01034236",1,47.895
"32276","E01034237",1,50.619
"32277","E01034238",1,68.17
"32278","E01034239",1,67.884
"32279","E01034240",7,11.441
"32280","E01034241",9,7.586
"32281","E01034242",6,15.823
"32282","E01034243",9,8.308
"32283","E01034244",5,21.323
"32284","E01034245",7,11.792
"32285","E01034246",2,35.357
"32286","E01034247",7,12.866
"32287","E01034248",9,6.354
"32288","E01034249",9,5.724
"32289","E01034250",6,14.435
"32290","E01034251",6,16.589
"32291","E01034252",5,18.106
"32292","E01034253",6,15.005
"32293","E01034254",8,9.445
"32294","E01034255",10,4.604
"32295","E01034256",2,43.265
"32296","E01034257",1,45.73
"32297","E01034258",4,25.801
"32298","E01034259",2,39.023
"32299","E01034260",5,20.488
"32300","E01034261",2,39.065
"32301","E01034262",3,26.823
"32302","E01034263",6,15.677
"32303","E01034264",1,51.21
"32304","E01034265",1,62.337
"32305","E01034266",9,5.475
"32306","E01034267",8,10.405
"32307","E01034268",4,22.726
"32308","E01034269",8,9.111
"32309","E01034270",9,7.289
"32310","E01034271",7,13.669
"32311","E01034272",8,11.006
"32312","E01034273",5,21.026
"32313","E01034274",3,29.442
"32314","E01034275",1,55.264
"32315","E01034276",1,53.679
"32316","E01034277",4,25.745
"32317","E01034278",3,28.227
"32318","E01034279",4,25.627
"32319","E01034280",7,13.449
"32320","E01034281",6,14.219
"32321","E01034282",4,23.902
"32322","E01034283",5,19.225
"32323","E01034284",5,20.859
"32324","E01034285",4,23.15
"32325","E01034286",8,9.138
"32326","E01034287",5,20.93
"32327","E01034288",4,26.28
"32328","E01034289",5,18.15
"32329","E01034290",6,15.988
"32330","E01034291",6,17.153
"32331","E01034292",6,15.054
"32332","E01034293",3,27.562
"32333","E01034294",9,7.698
"32334","E01034295",6,14.833
"32335","E01034296",8,10.243
"32336","E01034297",3,28.695
"32337","E01034298",9,8.137
"32338","E01034299",6,14.941
"32339","E01034300",4,24.964
"32340","E01034301",5,17.651
"32341","E01034302",6,14.655
"32342","E01034303",5,17.602
"32343","E01034304",7,11.861
"32344","E01034305",6,14.871
"32345","E01034306",1,58.99
"32346","E01034307",1,45.13
"32347","E01034308",1,53.048
"32348","E01034309",1,53.916
"32349","E01034310",2,36.308
"32350","E01034311",5,19.369
"32351","E01034312",2,44.7
"32352","E01034313",2,39.522
"32353","E01034314",2,38.446
"32354","E01034315",3,29.651
"32355","E01034316",8,9.128
"32356","E01034317",6,14.618
"32357","E01034318",8,10.591
"32358","E01034319",7,13.927
"32359","E01034320",8,10.936
"32360","E01034321",10,5.197
"32361","E01034322",9,5.478
"32362","E01034323",6,17.039
"32363","E01034324",8,10.279
"32364","E01034325",6,15.817
"32365","E01034326",5,17.543
"32366","E01034327",9,5.706
"32367","E01034328",8,8.514
"32368","E01034329",3,30.451
"32369","E01034330",5,20.609
"32370","E01034331",1,45.369
"32371","E01034332",3,27.24
"32372","E01034333",6,15.38
"32373","E01034334",3,33.001
"32374","E01034335",1,53.343
"32375","E01034336",1,45.689
"32376","E01034337",8,9.289
"32377","E01034338",7,11.18
"32378","E01034339",4,22.038
"32379","E01034340",7,13.134
"32380","E01034341",7,12.364
"32381","E01034342",10,4.468
"32382","E01034343",2,37.161
"32383","E01034344",7,12.022
"32384","E01034345",2,33.819
"32385","E01034346",6,17.166
"32386","E01034347",9,8.191
"32387","E01034348",6,16.055
"32388","E01034349",8,8.659
"32389","E01034350",9,5.96
"32390","E01034351",8,9.707
"32391","E01034352",9,8.153
"32392","E01034353",8,10.408
"32393","E01034354",8,10.048
"32394","E01034355",2,33.943
"32395","E01034356",8,10.395
"32396","E01034357",4,23.107
"32397","E01034358",7,13.181
"32398","E01034359",5,19.078
"32399","E01034360",9,7.053
"32400","E01034361",6,16.333
"32401","E01034362",8,9.608
"32402","E01034363",7,11.961
"32403","E01034364",9,5.677
"32404","E01034365",8,10.151
"32405","E01034366",1,46.668
"32406","E01034367",3,28.343
"32407","E01034368",7,12.827
"32408","E01034369",5,20.743
"32409","E01034370",5,18.968
"32410","E01034371",4,22.181
"32411","E01034372",9,5.703
"32412","E01034373",7,11.257
"32413","E01034374",5,18.303
"32414","E01034375",9,8.047
"32415","E01034376",4,24.347
"32416","E01034377",4,24.607
"32417","E01034378",7,12.716
"32418","E01034379",8,10.435
"32419","E01034380",8,10.984
"32420","E01034381",6,15.57
"32421","E01034382",6,15.696
"32422","E01034383",3,27.634
"32423","E01034384",7,13.985
"32424","E01034385",7,12.255
"32425","E01034386",6,17.1
"32426","E01034387",9,7.662
"32427","E01034388",8,9.32
"32428","E01034389",4,23.202
"32429","E01034390",4,22.589
"32430","E01034391",5,19.025
"32431","E01034392",4,22.101
"32432","E01034393",6,14.908
"32433","E01034394",7,13.494
"32434","E01034395",4,22.653
"32435","E01034396",2,38.503
"32436","E01034397",4,26.286
"32437","E01034398",2,43.076
"32438","E01034399",1,62.984
"32439","E01034400",1,63.351
"32440","E01034401",1,52.818
"32441","E01034402",4,25.181
"32442","E01034403",2,39.684
"32443","E01034404",9,6.971
"32444","E01034405",6,17.303
"32445","E01034406",6,14.573
"32446","E01034407",8,10.184
"32447","E01034408",3,28.388
"32448","E01034409",9,8.164
"32449","E01034410",4,24.909
"32450","E01034411",5,20.217
"32451","E01034412",7,11.606
"32452","E01034413",7,13.952
"32453","E01034414",8,8.855
"32454","E01034415",5,19.079
"32455","E01034416",8,9.164
"32456","E01034417",8,9.074
"32457","E01034418",5,19.963
"32458","E01034419",3,28.439
"32459","E01034420",2,33.941
"32460","E01034421",4,22.971
"32461","E01034422",8,9.547
"32462","E01034423",7,13.459
"32463","E01034424",8,10.232
"32464","E01034425",8,9.868
"32465","E01034426",7,13.394
"32466","E01034427",7,13.922
"32467","E01034428",7,12.435
"32468","E01034429",5,18.365
"32469","E01034430",6,15.108
"32470","E01034431",6,14.744
"32471","E01034432",7,12.775
"32472","E01034433",7,13.264
"32473","E01034434",6,15.253
"32474","E01034435",9,6.336
"32475","E01034436",8,9.104
"32476","E01034437",6,17.322
"32477","E01034438",7,12.583
"32478","E01034439",7,13.627
"32479","E01034440",7,13.804
"32480","E01034441",9,6.305
"32481","E01034442",7,13.159
"32482","E01034443",5,20.107
"32483","E01034444",10,4.229
"32484","E01034445",9,8.367
"32485","E01034446",6,16.997
"32486","E01034447",7,11.246
"32487","E01034448",8,10.145
"32488","E01034449",7,13.868
"32489","E01034450",7,11.971
"32490","E01034451",5,19.375
"32491","E01034452",9,7.766
"32492","E01034453",7,13.571
"32493","E01034454",2,42.026
"32494","E01034455",8,10.503
"32495","E01034456",10,5.38
"32496","E01034457",6,16.141
"32497","E01034458",8,10.818
"32498","E01034459",6,15.546
"32499","E01034460",7,11.618
"32500","E01034461",6,15.249
"32501","E01034462",8,11.036
"32502","E01034463",9,6.73
"32503","E01034464",8,8.727
"32504","E01034465",7,11.489
"32505","E01034466",10,5.223
"32506","E01034467",7,14.065
"32507","E01034468",7,12.259
"32508","E01034469",5,17.928
"32509","E01034470",4,23.12
"32510","E01034471",3,27.126
"32511","E01034472",3,27.449
"32512","E01034473",1,48.32
"32513","E01034474",3,27.848
"32514","E01034475",3,32.299
"32515","E01034476",4,26.029
"32516","E01034477",3,28.93
"32517","E01034478",7,14.134
"32518","E01034479",2,40.746
"32519","E01034480",4,25.696
"32520","E01034481",4,26.063
"32521","E01034482",6,14.505
"32522","E01034483",3,29.99
"32523","E01034484",2,36.529
"32524","E01034485",5,17.69
"32525","E01034486",7,12.124
"32526","E01034487",3,31.172
"32527","E01034488",2,41.263
"32528","E01034489",4,22.136
"32529","E01034490",8,9.591
"32530","E01034491",2,37.4
"32531","E01034492",5,21.029
"32532","E01034493",9,6.873
"32533","E01034494",5,18.752
"32534","E01034495",2,37.73
"32535","E01034496",10,1.048
"32536","E01034497",7,12.427
"32537","E01034498",10,1.124
"32538","E01034499",6,14.78
"32539","E01034500",2,39.381
"32540","E01034501",2,41.476
"32541","E01034502",10,5.041
"32542","E01034503",3,27.929
"32543","E01034504",3,27.209
"32544","E01034505",2,34.389
"32545","E01034506",1,61.943
"32546","E01034507",3,30.54
"32547","E01034508",5,20.078
"32548","E01034509",4,24.102
"32549","E01034510",1,49.363
"32550","E01034511",4,25.117
"32551","E01034512",3,28.45
"32552","E01034513",3,26.99
"32553","E01034514",1,65.457
"32554","E01034515",8,10.163
"32555","E01034516",10,5.319
"32556","E01034517",1,53.82
"32557","E01034518",8,9.924
"32558","E01034519",9,6.905
"32559","E01034520",8,8.437
"32560","E01034521",9,7.555
"32561","E01034522",6,14.636
"32562","E01034523",8,9.242
"32563","E01034524",7,12.685
"32564","E01034525",10,4.692
"32565","E01034526",8,9.979
"32566","E01034527",10,4.94
"32567","E01034528",8,8.546
"32568","E01034529",7,13.68
"32569","E01034530",7,11.421
"32570","E01034531",7,11.441
"32571","E01034532",9,5.903
"32572","E01034533",3,29.442
"32573","E01034534",1,51.037
"32574","E01034535",9,6.942
"32575","E01034536",6,15.624
"32576","E01034537",7,11.722
"32577","E01034538",7,13.935
"32578","E01034539",8,10.22
"32579","E01034540",7,12.689
"32580","E01034541",7,12.882
"32581","E01034542",9,6.476
"32582","E01034543",8,10.596
"32583","E01034544",7,11.347
"32584","E01034545",7,13.314
"32585","E01034546",7,13.701
"32586","E01034547",5,17.858
"32587","E01034548",9,7.963
"32588","E01034549",4,21.73
"32589","E01034550",7,13.572
"32590","E01034551",9,7.982
"32591","E01034552",7,11.389
"32592","E01034553",9,7.894
"32593","E01034554",5,19.785
"32594","E01034555",8,8.813
"32595","E01034556",5,18.034
"32596","E01034557",9,6.646
"32597","E01034558",9,6.514
"32598","E01034559",7,12.42
"32599","E01034560",7,11.962
"32600","E01034561",5,19.708
"32601","E01034562",7,13.832
"32602","E01034563",6,14.235
"32603","E01034564",6,16.484
"32604","E01034565",4,23.405
"32605","E01034566",7,13.33
"32606","E01034567",5,17.623
"32607","E01034568",7,13.198
"32608","E01034569",2,33.709
"32609","E01034570",7,13.063
"32610","E01034571",6,16.978
"32611","E01034572",9,8.171
"32612","E01034573",5,17.981
"32613","E01034574",6,16.511
"32614","E01034575",5,17.727
"32615","E01034576",9,8.08
"32616","E01034577",7,13.249
"32617","E01034578",5,20.73
"32618","E01034579",7,12.054
"32619","E01034580",8,9.964
"32620","E01034581",9,8.112
"32621","E01034582",1,60.681
"32622","E01034583",2,39.942
"32623","E01034584",2,33.537
"32624","E01034585",4,25.953
"32625","E01034586",9,6.294
"32626","E01034587",10,3.577
"32627","E01034588",5,19.377
"32628","E01034589",6,17.097
"32629","E01034590",7,13.665
"32630","E01034591",3,31.96
"32631","E01034592",3,27.349
"32632","E01034593",7,12.899
"32633","E01034594",9,7.948
"32634","E01034595",5,21.416
"32635","E01034596",8,11.072
"32636","E01034597",5,19.513
"32637","E01034598",7,11.454
"32638","E01034599",4,23.003
"32639","E01034600",3,26.953
"32640","E01034601",5,19.452
"32641","E01034602",5,21.377
"32642","E01034603",10,4.763
"32643","E01034604",5,19.874
"32644","E01034605",6,15.389
"32645","E01034606",8,9.637
"32646","E01034607",4,22.392
"32647","E01034608",4,26.445
"32648","E01034609",3,29.993
"32649","E01034610",4,26.563
"32650","E01034611",3,29.848
"32651","E01034612",4,25.702
"32652","E01034613",5,18.03
"32653","E01034614",3,26.846
"32654","E01034615",3,27.006
"32655","E01034616",3,28.814
"32656","E01034617",3,28.442
"32657","E01034618",4,24.525
"32658","E01034619",5,19.517
"32659","E01034620",6,14.186
"32660","E01034621",7,13.426
"32661","E01034622",8,10.797
"32662","E01034623",4,21.604
"32663","E01034624",7,11.773
"32664","E01034625",6,15.335
"32665","E01034626",5,20.279
"32666","E01034627",5,19.345
"32667","E01034628",10,4.086
"32668","E01034629",9,5.639
"32669","E01034630",4,25.216
"32670","E01034631",2,40.63
"32671","E01034632",8,8.432
"32672","E01034633",8,9.791
"32673","E01034634",5,18.815
"32674","E01034635",6,14.354
"32675","E01034636",8,8.876
"32676","E01034637",8,9.903
"32677","E01034638",6,14.793
"32678","E01034639",6,14.955
"32679","E01034640",4,24.32
"32680","E01034641",5,17.802
"32681","E01034642",4,25.425
"32682","E01034643",5,18.017
"32683","E01034644",5,19.274
"32684","E01034645",7,13.278
"32685","E01034646",5,21.207
"32686","E01034647",7,13.437
"32687","E01034648",4,22.198
"32688","E01034649",1,45.524
"32689","E01034650",9,8.278
"32690","E01034651",9,6.916
"32691","E01034652",10,4.437
"32692","E01034653",6,16.352
"32693","E01034654",10,3.209
"32694","E01034655",9,6.894
"32695","E01034656",3,29.502
"32696","E01034657",8,10.415
"32697","E01034658",10,2.377
"32698","E01034659",7,14.049
"32699","E01034660",4,25.979
"32700","E01034661",8,8.672
"32701","E01034662",7,12.706
"32702","E01034663",8,8.637
"32703","E01034664",6,15.789
"32704","E01034665",8,8.855
"32705","E01034666",9,7.19
"32706","E01034667",7,11.569
"32707","E01034668",7,13.285
"32708","E01034669",1,55.637
"32709","E01034670",3,27.904
"32710","E01034671",8,9.971
"32711","E01034672",5,17.948
"32712","E01034673",9,7.439
"32713","E01034674",9,7.645
"32714","E01034675",5,18.08
"32715","E01034676",7,12.254
"32716","E01034677",8,10.606
"32717","E01034678",7,12.836
"32718","E01034679",2,34.824
"32719","E01034680",1,47.873
"32720","E01034681",1,55.557
"32721","E01034682",2,40.255
"32722","E01034683",6,17.368
"32723","E01034684",5,19.022
"32724","E01034685",3,33.076
"32725","E01034686",5,19.822
"32726","E01034687",6,17.004
"32727","E01034688",5,20.038
"32728","E01034689",5,18.433
"32729","E01034690",6,17.05
"32730","E01034691",5,19.481
"32731","E01034692",4,24.239
"32732","E01034693",9,7.266
"32733","E01034694",8,9.065
"32734","E01034695",8,10.179
"32735","E01034696",10,3.579
"32736","E01034697",9,8.189
"32737","E01034698",8,8.418
"32738","E01034699",6,15.684
"32739","E01034700",6,15.912
"32740","E01034701",9,5.658
"32741","E01034702",10,3.337
"32742","E01034703",10,5.399
"32743","E01034704",9,5.818
"32744","E01034705",9,6.079
"32745","E01034706",8,9.19
"32746","E01034707",8,11.07
"32747","E01034708",9,6.352
"32748","E01034709",8,9.956
"32749","E01034710",7,13.469
"32750","E01034711",9,7.471
"32751","E01034712",10,3.088
"32752","E01034713",5,19.633
"32753","E01034714",3,33.169
"32754","E01034715",6,15.429
"32755","E01034716",7,12.521
"32756","E01034717",6,14.462
"32757","E01034718",5,18.178
"32758","E01034719",10,4.296
"32759","E01034720",8,10.08
"32760","E01034721",8,9.842
"32761","E01034722",7,11.282
"32762","E01034723",10,4.649
"32763","E01034724",10,4.601
"32764","E01034725",9,8.1
"32765","E01034726",8,8.848
"32766","E01034727",7,12.436
"32767","E01034728",7,13.581
"32768","E01034729",6,15.221
"32769","E01034730",2,41.318
"32770","E01034731",6,15.298
"32771","E01034732",6,15.097
"32772","E01034733",5,19.462
"32773","E01034734",7,12.177
"32774","E01034735",5,20.025
"32775","E01034736",1,54.225
"32776","E01034737",4,24.559
"32777","E01034738",2,33.639
"32778","E01034739",7,13.594
"32779","E01034740",3,30.055
"32780","E01034741",2,35.63
"32781","E01034742",2,36.782
"32782","E01034743",3,26.983
"32783","E01034744",3,30.212
"32784","E01034745",4,25.972
"32785","E01034746",1,50.855
"32786","E01034747",2,44.236
"32787","E01034748",1,55.081
"32788","E01034749",3,32.968
"32789","E01034750",7,11.438
"32790","E01034751",7,13.712
"32791","E01034752",2,35.75
"32792","E01034753",5,17.731
"32793","E01034754",9,7.798
"32794","E01034755",8,8.774
"32795","E01034756",8,10.162
"32796","E01034757",9,6.461
"32797","E01034758",10,2.884
"32798","E01034759",9,8.003
"32799","E01034760",8,10.474
"32800","E01034761",8,9.734
"32801","E01034762",8,10.786
"32802","E01034763",6,14.41
"32803","E01034764",10,4.269
"32804","E01034765",7,14.062
"32805","E01034766",9,5.811
"32806","E01034767",3,27.106
"32807","E01034768",2,38.418
"32808","E01034769",2,42.999
"32809","E01034770",7,12.461
"32810","E01034771",6,15.784
"32811","E01034772",8,11.076
"32812","E01034773",6,16.473
"32813","E01034774",5,19.564
"32814","E01034775",5,19.642
"32815","E01034776",6,16.637
"32816","E01034777",6,16.724
"32817","E01034778",8,9.251
"32818","E01034779",9,7.142
"32819","E01034780",10,4.317
"32820","E01034781",7,13.054
"32821","E01034782",9,7.757
"32822","E01034783",8,9.269
"32823","E01034784",6,15.744
"32824","E01034785",6,14.54
"32825","E01034786",8,8.972
"32826","E01034787",9,7.945
"32827","E01034788",7,11.463
"32828","E01034789",9,7.561
"32829","E01034790",6,16.408
"32830","E01034791",3,28.747
"32831","E01034792",1,46.479
"32832","E01034793",2,42.116
"32833","E01034794",8,10.349
"32834","E01034795",6,16.014
"32835","E01034796",4,24.604
"32836","E01034797",7,11.995
"32837","E01034798",5,18.486
"32838","E01034799",8,10.167
"32839","E01034800",7,13.879
"32840","E01034801",8,9.833
"32841","E01034802",8,11.081
"32842","E01034803",6,14.387
"32843","E01034804",4,24.987
"32844","E01034805",7,12.821
"32845","E01034806",6,14.566
"32846","E01034807",7,12.729
"32847","E01034808",7,11.476
"32848","E01034809",8,10.528
"32849","E01034810",9,8.059
"32850","E01034811",7,11.272
"32851","E01034812",8,9.989
"32852","E01034813",7,14.017
"32853","E01034814",9,7.233
"32854","E01034815",5,19.099
"32855","E01034816",4,23.02
"32856","E01034817",6,14.37
"32857","E01034818",5,19.454
"32858","E01034819",6,16.318
"32859","E01034820",8,10.317
"32860","E01034821",8,10.943
"32861","E01034822",7,12.12
"32862","E01034823",6,14.33
"32863","E01034824",4,23.625
"32864","E01034825",8,8.627
"32865","E01034826",3,32.433
"32866","E01034827",5,19.159
"32867","E01034828",8,9.994
"32868","E01034829",5,17.454
"32869","E01034830",5,18.617
"32870","E01034831",3,32.184
"32871","E01034832",2,41.111
"32872","E01034833",4,21.609
"32873","E01034834",1,57.227
"32874","E01034835",2,36.795
"32875","E01034836",1,61.346
"32876","E01034837",1,51.331
"32877","E01034838",1,71.848
"32878","E01034839",1,66.693
"32879","E01034840",4,22.475
"32880","E01034841",9,7.403
"32881","E01034842",1,82.444
"32882","E01034843",9,6.262
"32883","E01034844",5,20.432
"32884","E01034845",2,41.044
"32885","E01034846",1,53.918
"32886","E01034847",7,13.774
"32887","E01034848",4,25.537
"32888","E01034849",4,23.287
"32889","E01034850",4,22.191
"32890","E01034851",4,25.625
"32891","E01034852",4,24.928
"32892","E01034853",5,19.398
"32893","E01034854",7,13.04
"32894","E01034855",4,23.779
"32895","E01034856",7,11.846
"32896","E01034857",9,7.417
"32897","E01034858",6,16.767
"32898","E01034859",7,12.146
"32899","E01034860",5,18.781
"32900","E01034862",8,10.132
"32901","E01034863",7,13.879
"32902","E01034864",3,30.781
"32903","E01034865",3,29.514
"32904","E01034866",3,31.848
"32905","E01034867",4,24.081
"32906","E01034868",4,24.383
"32907","E01034869",2,35.801
"32908","E01034913",2,43.914
"32909","E01034914",2,41.258
"32910","E01034915",1,64.611
"32911","E01034916",4,26.35
"32912","E01034917",1,51.086
"32913","E01034918",1,48.71
"32914","E01034919",1,56.76
"32915","E01034920",1,54.252
"32916","E01034921",1,57.856
"32917","E01034922",1,49.245
"32918","E01034923",1,60.369
"32919","E01034924",1,52.137
"32920","E01034925",1,48.859
"32921","E01034926",1,61.28
"32922","E01034927",1,57.247
"32923","E01034928",1,61.088
"32924","E01034929",1,60.82
"32925","E01034930",3,31.238
"32926","E01034931",1,49.178
"32927","E01034932",1,52.532
"32928","E01034933",1,65.121
"32929","E01034934",1,65.23
"32930","E01034935",1,64.016
"32931","E01034936",10,4.431
"32932","E01034937",10,4.943
"32933","E01034938",2,43.566
"32934","E01034939",1,53.46
"32935","E01034940",4,23.351
"32936","E01034941",5,18.533
"32937","E01034942",4,26.435
"32938","E01034943",1,62.102
"32939","E01034944",3,30.026
"32940","E01034945",3,28.529
"32941","E01034946",2,39.124
"32942","E01034947",2,37.199
"32943","E01034948",3,29.482
"32944","E01034949",3,27.967
"32945","E01034950",8,8.844
"32946","E01034951",5,18.247
"32947","E01034952",1,56.295
"32948","E01034953",1,54.654
"32949","E01034954",1,49.848
"32950","E01034955",1,45.634
"32951","E01034956",3,26.633
"32952","E01034957",5,19.186
"32953","E01034958",8,10.357
"32954","E01034959",8,10.241
"32955","E01034960",6,15.583
"32956","E01034961",8,8.423
"32957","E01034962",7,11.534
"32958","E01034963",9,6.367
"32959","E01034964",8,10.359
"32960","E01034965",7,13.289
"32961","E01034966",6,16.318
"32962","E01034967",6,14.55
"32963","E01034968",10,4.57
"32964","E01034969",6,15.624
"32965","E01034970",4,25.562
"32966","E01034971",3,29.586
"32967","E01034972",2,34.147
"32968","E01034973",5,18.715
"32969","E01034974",4,24.684
"32970","E01034975",10,5.453
"32971","E01034976",8,8.773
"32972","E01034977",7,13.351
"32973","E01034978",9,7.077
"32974","E01034979",6,15.566
"32975","E01034980",3,27.142
"32976","E01034981",3,27.404
"32977","E01034982",4,24.75
"32978","E01034983",8,8.905
"32979","E01034984",8,9.195
"32980","E01034985",3,30.607
"32981","E01034986",3,33.22
"32982","E01034987",6,15.776
"32983","E01034988",7,12.147
"32984","E01034989",6,16.943
"32985","E01034990",10,5.063
"32986","E01034991",1,47.292
"32987","E01034992",2,41.249
"32988","E01034993",5,18.696
"32989","E01034994",5,18.691
"32990","E01034995",2,36.54
"32991","E01034996",1,68.711
"32992","E01034997",5,17.456
"32993","E01034998",5,19.867
"32994","E01034999",6,15.979
"32995","E01035000",6,14.559
"32996","E01035001",7,11.315
"32997","E01035002",5,19.826
"32998","E01035003",6,14.894
"32999","E01035004",7,13.044
"33000","E01035005",7,12.85
"33001","E01035006",5,19.722
"33002","E01035007",6,15.314
"33003","E01035008",8,10.753
"33004","E01035009",7,12.681
"33005","E01035010",7,13.024
"33006","E01035011",9,6.463
"33007","E01035012",6,15.604
"33008","E01035013",7,11.633
"33009","E01035014",8,9.287
"33010","E01035015",7,11.244
"33011","E01035016",1,59.459
"33012","E01035017",4,25.348
"33013","E01035018",8,10.588
"33014","E01035019",6,15.068
"33015","E01035020",9,7.77
"33016","E01035021",6,15.943
"33017","E01035022",5,18.177
"33018","E01035023",9,8.265
"33019","E01035024",7,12.243
"33020","E01035025",10,4.765
"33021","E01035026",9,8.304
"33022","E01035027",10,5.049
"33023","E01035028",7,12.604
"33024","E01035029",8,10.824
"33025","E01035030",7,12.054
"33026","E01035031",8,10.983
"33027","E01035032",7,11.563
"33028","E01035033",8,9.67
"33029","E01035034",5,18.576
"33030","E01035035",6,16.316
"33031","E01035036",6,14.945
"33032","E01035037",6,15.477
"33033","E01035038",10,2.165
"33034","E01035039",6,16.309
"33035","E01035040",7,13.704
"33036","E01035041",7,11.648
"33037","E01035042",4,23.153
"33038","E01035043",4,23.861
"33039","E01035044",6,14.665
"33040","E01035045",7,11.939
"33041","E01035046",8,9.986
"33042","E01035047",3,27.325
"33043","E01035048",5,17.464
"33044","E01035049",8,10.294
"33045","E01035050",5,18.614
"33046","E01035051",9,8.005
"33047","E01035052",4,23.694
"33048","E01035053",7,13.65
"33049","E01035054",9,5.978
"33050","E01035055",9,8.1
"33051","E01035056",8,9.489
"33052","E01035057",5,19.572
"33053","E01035058",5,18.427
"33054","E01035059",8,10.267
"33055","E01035060",9,6.704
"33056","E01035061",5,18.986
"33057","E01035062",8,9.682
"33058","E01035063",4,22.64
"33059","E01035064",7,13.529
"33060","E01035065",7,12.848
"33061","E01035066",9,6.048
"33062","E01035067",6,15.8
"33063","E01035068",5,18.764
"33064","E01035069",7,12.806
"33065","E01035070",9,7.941
"33066","E01035071",5,20.844
"33067","E01035072",4,22.481
"33068","E01035073",3,32.023
"33069","E01035074",6,15.908
"33070","E01035075",6,17.39
"33071","E01035076",10,4.69
"33072","E01035077",2,36.329
"33073","E01035078",8,9.927
"33074","E01035079",8,9.268
"33075","E01035080",9,7.617
"33076","E01035081",7,12.282
"33077","E01035082",5,20.905
"33078","E01035083",5,20.189
"33079","E01035084",8,10.987
"33080","E01035085",9,5.983
"33081","E01035086",7,13.834
"33082","E01035087",7,13.422
"33083","E01035088",9,7.019
"33084","E01035089",9,5.568
"33085","E01035090",10,4.578
"33086","E01035091",6,16.948
"33087","E01035092",8,10.818
"33088","E01035093",7,11.893
"33089","E01035094",6,16.063
"33090","E01035095",4,22.218
"33091","E01035096",8,11.013
"33092","E01035097",7,11.504
"33093","E01035098",6,15.593
"33094","E01035099",6,14.619
"33095","E01035100",8,9.787
"33096","E01035101",10,5.331
"33097","E01035102",10,4.217
"33098","E01035103",8,9.531
"33099","E01035104",6,14.88
"33100","E01035105",9,7.453
"33101","E01035106",8,8.441
"33102","E01035107",7,11.143
"33103","E01035108",7,11.519
"33104","E01035109",5,19.069
"33105","E01035110",7,11.552
"33106","E01035111",7,12.079
"33107","E01035112",5,21.12
"33108","E01035113",7,11.59
"33109","E01035114",4,24.74
"33110","E01035115",8,9.487
"33111","E01035116",5,19.556
"33112","E01035117",6,15.685
"33113","E01035118",5,17.62
"33114","E01035119",7,11.678
"33115","E01035120",6,17.251
"33116","E01035121",5,20.416
"33117","E01035122",7,12.542
"33118","E01035123",10,4.57
"33119","E01035124",9,5.615
"33120","E01035125",3,33.051
"33121","E01035126",2,39.875
"33122","E01035127",9,8.358
"33123","E01035128",8,9.473
"33124","E01035129",5,20.875
"33125","E01035130",2,35.132
"33126","E01035131",4,24.349
"33127","E01035132",6,16.028
"33128","E01035133",2,36.839
"33129","E01035134",4,24.827
"33130","E01035135",8,10.507
"33131","E01035136",8,9.531
"33132","E01035137",4,21.939
"33133","E01035138",4,23.849
"33134","E01035139",5,20.162
"33135","E01035140",3,29.684
"33136","E01035141",9,6.292
"33137","E01035142",10,2.981
"33138","E01035143",9,7.453
"33139","E01035144",9,8.213
"33140","E01035145",7,12.739
"33141","E01035146",8,9.42
"33142","E01035147",8,9.78
"33143","E01035148",9,7.773
"33144","E01035149",9,5.663
"33145","E01035150",9,5.539
"33146","E01035151",7,11.377
"33147","E01035152",8,9.219
"33148","E01035153",9,7.333
"33149","E01035154",7,12.152
"33150","E01035155",5,20.978
"33151","E01035156",7,12.757
"33152","E01035157",2,34.977
"33153","E01035158",3,29.139
"33154","E01035159",7,12.91
"33155","E01035160",8,10.813
"33156","E01035161",2,43.911
"33157","E01035162",3,30.306
"33158","E01035163",3,28.508
"33159","E01035164",3,31.393
"33160","E01035165",6,14.591
"33161","E01035166",4,23.529
"33162","E01035167",6,16.666
"33163","E01035168",7,11.648
"33164","E01035169",7,12.533
"33165","E01035170",7,12.144
"33166","E01035171",7,12.533
"33167","E01035172",10,3.098
"33168","E01035173",8,9.278
"33169","E01035174",7,11.697
"33170","E01035175",6,16.348
"33171","E01035176",9,7.459
"33172","E01035177",7,11.609
"33173","E01035178",6,16.23
"33174","E01035179",9,6.056
"33175","E01035180",8,9.794
"33176","E01035181",8,9.099
"33177","E01035182",6,14.577
"33178","E01035183",5,18.762
"33179","E01035184",5,18.094
"33180","E01035185",9,7.848
"33181","E01035186",7,11.404
"33182","E01035187",1,66.455
"33183","E01035188",1,74.825
"33184","E01035189",1,71.797
"33185","E01035190",1,62.957
"33186","E01035191",1,44.929
"33187","E01035192",1,50.753
"33188","E01035193",9,7.34
"33189","E01035194",6,15.268
"33190","E01035195",7,13.153
"33191","E01035196",7,13.473
"33192","E01035197",1,73.188
"33193","E01035198",4,21.945
"33194","E01035199",1,77.084
"33195","E01035200",1,60.712
"33196","E01035201",7,12.015
"33197","E01035202",3,27.398
"33198","E01035203",10,3.903
"33199","E01035204",10,2.878
"33200","E01035205",7,14.069
"33201","E01035206",7,12.435
"33202","E01035207",8,8.687
"33203","E01035208",8,8.513
"33204","E01035209",6,15.487
"33205","E01035210",7,12.149
"33206","E01035211",10,4.924
"33207","E01035212",9,6.603
"33208","E01035213",5,18.321
"33209","E01035214",7,13.415
"33210","E01035215",3,27.51
"33211","E01035216",7,12.858
"33212","E01035217",5,17.759
"33213","E01035218",6,16.374
"33214","E01035219",7,11.164
"33215","E01035220",10,4.445
"33216","E01035221",7,11.419
"33217","E01035222",7,11.983
"33218","E01035223",6,15.299
"33219","E01035224",6,16.193
"33220","E01035225",5,19.26
"33221","E01035226",5,20.678
"33222","E01035227",5,19.696
"33223","E01035228",10,5.307
"33224","E01035229",8,9.661
"33225","E01035230",10,5.252
"33226","E01035231",10,2.753
"33227","E01035232",7,11.662
"33228","E01035233",7,12.19
"33229","E01035234",9,7.286
"33230","E01035235",10,5.403
"33231","E01035236",8,8.444
"33232","E01035237",10,3.015
"33233","E01035238",10,4.025
"33234","E01035239",10,2.145
"33235","E01035240",8,8.785
"33236","E01035241",5,20.767
"33237","E01035242",6,14.992
"33238","E01035243",8,10.105
"33239","E01035244",8,10.87
"33240","E01035245",10,4.027
"33241","E01035246",9,5.725
"33242","E01035247",3,31.757
"33243","E01035248",3,30.59
"33244","E01035249",9,8.28
"33245","E01035250",8,9.252
"33246","E01035251",4,23.651
"33247","E01035252",4,24.414
"33248","E01035253",6,15.148
"33249","E01035254",5,21.382
"33250","E01035255",7,12.547
"33251","E01035256",8,9.507
"33252","E01035257",10,2.373
"33253","E01035258",10,1.324
"33254","E01035259",7,11.649
"33255","E01035260",9,5.703
"33256","E01035261",9,5.66
"33257","E01035262",10,1.976
"33258","E01035263",10,5.1
"33259","E01035264",9,8.04
"33260","E01035265",10,4.092
"33261","E01035266",9,7.3
"33262","E01035267",7,11.864
"33263","E01035268",7,12.263
"33264","E01035269",7,12.801
"33265","E01035270",9,8.139
"33266","E01035271",8,10.406
"33267","E01035272",4,24.382
"33268","E01035273",4,25.405
"33269","E01035274",1,51.108
"33270","E01035275",6,15.805
"33271","E01035276",7,13.849
"33272","E01035277",7,11.948
"33273","E01035278",7,11.547
"33274","E01035279",7,12.161
"33275","E01035280",8,9.527
"33276","E01035281",9,7.378
"33277","E01035282",6,14.411
"33278","E01035283",4,26.502
"33279","E01035284",7,13.905
"33280","E01035285",2,33.538
"33281","E01035286",6,16.844
"33282","E01035287",6,15.748
"33283","E01035288",5,20.957
"33284","E01035289",3,29.923
"33285","E01035290",8,8.861
"33286","E01035291",10,4.08
"33287","E01035292",5,20.597
"33288","E01035293",2,33.552
"33289","E01035294",7,13.56
"33290","E01035295",3,33.058
"33291","E01035296",3,26.947
"33292","E01035297",1,48.779
"33293","E01035298",3,31.55
"33294","E01035299",5,18.375
"33295","E01035300",2,34.516
"33296","E01035301",3,31.501
"33297","E01035302",5,19.658
"33298","E01035303",2,34.018
"33299","E01035304",7,12.8
"33300","E01035305",4,25.682
"33301","E01035306",6,15.87
"33302","E01035307",2,33.907
"33303","E01035308",7,11.786
"33304","E01035309",9,5.917
"33305","E01035310",5,17.587
"33306","E01035311",5,18.941
"33307","E01035312",4,21.927
"33308","E01035313",4,23.766
"33309","E01035314",6,15.424
"33310","E01035315",4,23.579
"33311","E01035316",1,61.005
"33312","E01035317",1,64.128
"33313","E01035318",3,28.918
"33314","E01035319",4,22.926
"33315","E01035320",8,11.095
"33316","E01035321",6,16.976
"33317","E01035322",5,19.48
"33318","E01035323",6,15.098
"33319","E01035324",4,21.697
"33320","E01035325",7,13.461
"33321","E01035326",5,18.89
"33322","E01035327",6,14.41
"33323","E01035328",7,12.198
"33324","E01035329",5,19.678
"33325","E01035330",7,12.479
"33326","E01035331",6,15.507
"33327","E01035332",9,7.774
"33328","E01035333",9,8.004
"33329","E01035334",8,9.425
"33330","E01035335",3,27.563
"33331","E01035336",10,4.483
"33332","E01035337",10,5.309
"33333","E01035338",9,7.714
"33334","E01035339",10,5.424
"33335","E01035340",6,15.947
"33336","E01035341",7,12.534
"33337","E01035342",10,4.99
"33338","E01035343",8,10.053
"33339","E01035344",9,5.559
"33340","E01035345",6,14.594
"33341","E01035346",6,14.652
"33342","E01035347",9,8.373
"33343","E01035348",8,9.52
"33344","E01035349",8,8.465
"33345","E01035350",7,11.83
"33346","E01035351",9,5.513
"33347","E01035352",8,9.379
"33348","E01035353",8,10.711
"33349","E01035354",8,8.803
"33350","E01035355",8,9.535
"33351","E01035356",9,6.961
"33352","E01035357",9,7.098
"33353","E01035358",6,16.188
"33354","E01035359",9,5.599
"33355","E01035360",10,3.852
"33356","E01035361",7,12.119
"33357","E01035362",7,13.723
"33358","E01035363",6,15.984
"33359","E01035364",7,11.64
"33360","E01035365",2,37.082
"33361","E01035366",5,20.94
"33362","E01035367",2,36.825
"33363","E01035368",1,69.271
"33364","E01035369",7,11.56
"33365","E01035370",10,3.969
"33366","E01035371",7,13.858
"33367","E01035372",9,6.087
"33368","E01035373",5,19.037
"33369","E01035374",2,33.715
"33370","E01035375",6,15.863
"33371","E01035376",4,22.615
"33372","E01035377",7,11.856
"33373","E01035378",5,20.016
"33374","E01035379",9,6.311
"33375","E01035380",9,5.482
"33376","E01035381",9,6.646
"33377","E01035382",4,24.652
"33378","E01035383",4,26.579
"33379","E01035384",10,4.7
"33380","E01035385",10,2.838
"33381","E01035386",10,1.91
"33382","E01035387",8,9.333
"33383","E01035388",10,2.89
"33384","E01035389",8,10.864
"33385","E01035390",9,6.612
"33386","E01035391",7,13.354
"33387","E01035392",4,23.896
"33388","E01035393",9,7.03
"33389","E01035394",8,8.944
"33390","E01035395",9,6.842
"33391","E01035396",8,10.502
"33392","E01035397",6,14.433
"33393","E01035398",9,7.649
"33394","E01035399",8,9.903
"33395","E01035400",6,15.187
"33396","E01035401",9,6.946
"33397","E01035402",8,8.54
"33398","E01035403",6,15.928
"33399","E01035404",9,6.233
"33400","E01035405",8,10.505
"33401","E01035406",8,9.674
"33402","E01035407",9,7.123
"33403","E01035408",8,9.07
"33404","E01035409",10,5.182
"33405","E01035410",10,4.904
"33406","E01035411",3,31.649
"33407","E01035412",3,27.733
"33408","E01035413",1,47.57
"33409","E01035414",1,49.458
"33410","E01035415",9,8.096
"33411","E01035416",6,16.223
"33412","E01035417",4,26.249
"33413","E01035418",4,22.355
"33414","E01035419",10,2.621
"33415","E01035420",8,10.92
"33416","E01035421",7,13.224
"33417","E01035422",8,11.032
"33418","E01035423",5,21.303
"33419","E01035424",6,16.128
"33420","E01035425",8,10.616
"33421","E01035426",9,6.204
"33422","E01035427",9,7.011
"33423","E01035428",10,2.37
"33424","E01035429",5,18.018
"33425","E01035430",6,14.259
"33426","E01035431",2,42.29
"33427","E01035432",1,48.269
"33428","E01035433",5,17.584
"33429","E01035434",6,16.519
"33430","E01035435",4,22.066
"33431","E01035436",5,19.331
"33432","E01035437",5,21.47
"33433","E01035438",7,13.901
"33434","E01035439",9,6.913
"33435","E01035440",7,12.121
"33436","E01035441",8,8.924
"33437","E01035442",6,15.07
"33438","E01035443",4,23.148
"33439","E01035444",4,25.837
"33440","E01035445",3,27.954
"33441","E01035446",5,17.717
"33442","E01035447",6,17.35
"33443","E01035448",6,16.491
"33444","E01035449",9,5.527
"33445","E01035450",6,14.572
"33446","E01035451",8,9.8
"33447","E01035452",8,9.113
"33448","E01035453",7,11.253
"33449","E01035454",4,22.722
"33450","E01035455",7,13.091
"33451","E01035456",5,17.562
"33452","E01035457",7,14.072
"33453","E01035458",6,16.2
"33454","E01035459",7,11.667
"33455","E01035460",4,22.495
"33456","E01035461",5,20.217
"33457","E01035462",6,15.316
"33458","E01035463",2,39.351
"33459","E01035464",1,76.027
"33460","E01035465",2,37.311
"33461","E01035466",1,66.182
"33462","E01035467",3,29.964
"33463","E01035468",1,62.294
"33464","E01035469",9,7.199
"33465","E01035470",10,4.849
"33466","E01035471",7,11.211
"33467","E01035472",9,6.02
"33468","E01035473",1,82.823
"33469","E01035474",9,7.302
"33470","E01035475",9,7.065
"33471","E01035476",7,11.634
"33472","E01035477",10,5.357
"33473","E01035478",9,6.262
"33474","E01035479",9,7.878
"33475","E01035480",8,10.719
"33476","E01035481",1,57.255
"33477","E01035482",5,19.186
"33478","E01035483",7,13.757
"33479","E01035484",5,21.19
"33480","E01035485",2,34.087
"33481","E01035486",7,12.295
"33482","E01035487",5,20.633
"33483","E01035488",9,7.546
"33484","E01035489",9,7.692
"33485","E01035490",9,6.307
"33486","E01035491",9,7.679
"33487","E01035492",8,10.591
"33488","E01035493",6,17.219
"33489","E01035494",8,9.703
"33490","E01035495",2,44.888
"33491","E01035496",8,8.726
"33492","E01035497",7,12.878
"33493","E01035498",8,8.454
"33494","E01035499",4,26.477
"33495","E01035500",3,31.877
"33496","E01035501",3,28.348
"33497","E01035502",4,21.812
"33498","E01035503",7,13.636
"33499","E01035504",5,18.305
"33500","E01035505",5,21.346
"33501","E01035506",3,29.313
"33502","E01035507",8,8.988
"33503","E01035508",5,20.025
"33504","E01035509",10,4.12
"33505","E01035510",8,8.45
"33506","E01035511",9,6.917
"33507","E01035512",10,3.422
"33508","E01035513",10,3.409
"33509","E01035514",10,4.688
"33510","E01035515",7,13.08
"33511","E01035516",10,2.324
"33512","E01035517",8,9.195
"33513","E01035518",9,8.369
"33514","E01035519",9,6.37
"33515","E01035520",10,2.814
"33516","E01035521",10,2.65
"33517","E01035522",8,10.199
"33518","E01035523",8,11.018
"33519","E01035524",8,9.471
"33520","E01035525",7,13.393
"33521","E01035526",7,12.248
"33522","E01035527",8,9.004
"33523","E01035528",7,11.393
"33524","E01035529",8,10.62
"33525","E01035530",8,8.468
"33526","E01035531",3,28.326
"33527","E01035532",7,11.67
"33528","E01035533",10,3.113
"33529","E01035534",8,8.802
"33530","E01035535",9,7.278
"33531","E01035536",4,22.043
"33532","E01035537",3,27.367
"33533","E01035538",4,26.045
"33534","E01035539",1,47.485
"33535","E01035540",1,48.259
"33536","E01035541",3,33.335
"33537","E01035542",1,49.067
"33538","E01035543",2,37.885
"33539","E01035544",5,20.801
"33540","E01035545",5,21.196
"33541","E01035546",7,11.61
"33542","E01035547",8,9.314
"33543","E01035548",5,19.882
"33544","E01035549",6,14.741
"33545","E01035551",4,21.948
"33546","E01035552",8,9.899
"33547","E01035553",4,24.937
"33548","E01035554",8,9.219
"33549","E01035555",7,11.187
"33550","E01035556",10,2.94
"33551","E01035557",7,12.148
"33552","E01035558",9,6.876
"33553","E01035559",9,6.182
"33554","E01035560",8,9.445
"33555","E01035561",9,5.697
"33556","E01035562",4,21.717
"33557","E01035563",4,22
"33558","E01035564",8,9.87
"33559","E01035565",10,4.652
"33560","E01035566",9,6.595
"33561","E01035567",7,13.85
"33562","E01035568",7,12.132
"33563","E01035569",5,20.111
"33564","E01035570",2,34.373
"33565","E01035571",3,29.403
"33566","E01035572",7,12.516
"33567","E01035573",9,6.338
"33568","E01035574",5,18.703
"33569","E01035575",6,16.068
"33570","E01035576",3,28.581
"33571","E01035577",4,24.415
"33572","E01035578",3,32.017
"33573","E01035579",5,18.988
"33574","E01035580",5,19.894
"33575","E01035581",6,14.756
"33576","E01035582",10,4.218
"33577","E01035583",4,22.117
"33578","E01035584",4,24.533
"33579","E01035585",3,30.183
"33580","E01035586",3,32.47
"33581","E01035587",8,10.259
"33582","E01035588",7,12.318
"33583","E01035589",9,8.126
"33584","E01035590",7,12.4
"33585","E01035591",6,16.795
"33586","E01035592",8,9.557
"33587","E01035593",7,13.08
"33588","E01035594",8,9.557
"33589","E01035595",7,12.261
"33590","E01035596",8,10.532
"33591","E01035597",6,17.443
"33592","E01035598",6,16.743
"33593","E01035599",6,15.682
"33594","E01035600",8,9.07
"33595","E01035601",7,13.155
"33596","E01035602",8,8.745
"33597","E01035603",8,8.676
"33598","E01035604",4,26.423
"33599","E01035605",5,19.501
"33600","E01035606",5,17.736
"33601","E01035607",6,16.999
"33602","E01035608",8,9.824
"33603","E01035609",6,14.741
"33604","E01035610",1,48.489
"33605","E01035611",5,18.122
"33606","E01035612",1,56.781
"33607","E01035613",5,18.826
"33608","E01035614",10,3.326
"33609","E01035615",10,3.566
"33610","E01035616",9,7.777
"33611","E01035617",5,19.442
"33612","E01035618",1,60.412
"33613","E01035619",1,71.988
"33614","E01035620",5,21.476
"33615","E01035621",5,20.273
"33616","E01035622",1,78.171
"33617","E01035623",1,60.204
"33618","E01035624",2,34.152
"33619","E01035625",5,17.742
"33620","E01035626",8,8.722
"33621","E01035627",8,9.552
"33622","E01035628",9,5.926
"33623","E01035629",6,16.095
"33624","E01035630",9,7.494
"33625","E01035631",5,18.522
"33626","E01035632",8,10.463
"33627","E01035633",5,18.429
"33628","E01035634",7,11.258
"33629","E01035635",9,7.901
"33630","E01035636",8,9.812
"33631","E01035637",5,20.262
"33632","E01035638",4,23.688
"33633","E01035639",5,20.855
"33634","E01035640",3,29.462
"33635","E01035641",4,25.216
"33636","E01035642",6,15.386
"33637","E01035643",5,20.451
"33638","E01035644",8,10.053
"33639","E01035645",3,31.247
"33640","E01035646",5,17.75
"33641","E01035647",10,2.855
"33642","E01035648",3,28.966
"33643","E01035649",4,22.505
"33644","E01035650",3,32.734
"33645","E01035651",3,27.042
"33646","E01035652",3,28.919
"33647","E01035653",8,10.079
"33648","E01035654",4,25.559
"33649","E01035655",4,22.457
"33650","E01035656",6,15.734
"33651","E01035657",7,13.274
"33652","E01035658",6,15.341
"33653","E01035659",2,37.042
"33654","E01035660",2,33.974
"33655","E01035661",2,41.343
"33656","E01035662",6,15.626
"33657","E01035663",4,24.159
"33658","E01035664",3,31.656
"33659","E01035665",5,21.171
"33660","E01035666",3,32.29
"33661","E01035667",2,34.871
"33662","E01035668",3,33.397
"33663","E01035669",3,30.287
"33664","E01035670",4,25.999
"33665","E01035671",5,20.845
"33666","E01035672",2,42.87
"33667","E01035673",3,29.925
"33668","E01035674",4,23.523
"33669","E01035675",3,31.98
"33670","E01035676",2,40.375
"33671","E01035677",2,34.107
"33672","E01035678",4,26.228
"33673","E01035679",4,26.218
"33674","E01035680",4,22.447
"33675","E01035681",2,42.033
"33676","E01035682",2,41.957
"33677","E01035683",2,39.395
"33678","E01035684",2,39.121
"33679","E01035685",1,50.311
"33680","E01035686",3,32.731
"33681","E01035687",4,21.918
"33682","E01035688",7,12.258
"33683","E01035689",5,18.644
"33684","E01035690",6,16.612
"33685","E01035691",6,14.365
"33686","E01035692",3,27.507
"33687","E01035693",4,24.326
"33688","E01035694",1,46.115
"33689","E01035695",2,43.263
"33690","E01035696",7,13.933
"33691","E01035697",4,21.959
"33692","E01035698",7,13.794
"33693","E01035699",5,19.399
"33694","E01035700",9,5.849
"33695","E01035701",9,7.033
"33696","E01035702",3,30.439
"33697","E01035703",9,7.068
"33698","E01035704",5,21.346
"33699","E01035705",2,35.695
"33700","E01035706",7,13.535
"33701","E01035707",5,20.472
"33702","E01035708",4,22.546
"33703","E01035709",2,41.399
"33704","E01035710",3,31.678
"33705","E01035711",4,23.038
"33706","E01035712",4,25.026
"33707","E01035713",7,11.451
"33708","E01035714",8,9.613
"33709","E01035715",7,13.907
"33710","E01035716",4,22.193
"33711","E01035717",4,23.742
"33712","E01035718",8,10.466
"33713","E01035719",8,10.157
"33714","E01035720",6,15.106
"33715","E01035721",4,26.249
"33716","E01035722",8,9.363
"33717","E01035723",6,14.802
"33718","E01035724",8,9.14
"33719","E01035725",7,11.472
"33720","E01035726",6,14.294
"33721","E01035727",9,8.043
"33722","E01035728",8,11.005
"33723","E01035729",10,5.346
"33724","E01035730",6,14.208
"33725","E01035731",8,10.333
"33726","E01035733",8,8.818
"33727","E01035734",7,12.942
"33728","E01035735",5,21.486
"33729","E01035736",7,13.399
"33730","E01035737",8,9.811
"33731","E01035738",8,9.144
"33732","E01035739",7,11.819
"33733","E01035740",10,3.343
"33734","E01035741",10,4.876
"33735","E01035742",10,5.009
"33736","E01035743",5,19.471
"33737","E01035744",6,16.26
"33738","E01035745",5,20.425
"33739","E01035746",7,11.552
"33740","E01035747",9,6.851
"33741","E01035748",7,12.314
"33742","E01035749",10,4.165
"33743","E01035750",9,6.853
"33744","E01035751",8,10.361
"33745","E01035752",8,9.306
"33746","E01035753",7,11.754
"33747","E01035754",10,5.153
"33748","E01035755",7,12.739
"33749","E01035756",9,6.702
"33750","E01035757",7,13.636
"33751","E01035758",9,7.945
"33752","E01035759",9,7.622
"33753","E01035760",9,7.946
"33754","E01035761",9,6.682
"33755","E01035762",8,10.819
